nombre_codigo_postal;nombre_localidad
02250;ABENGIBRE
02152;ALATOZ
02001;ALBACETE
02005;ALBACETE
02002;ALBACETE
02006;ALBACETE
02099;ALBACETE
02004;ALBACETE
02328;SANTA ANA
02140;SALOBRAL (EL)
02099;SALOBRAL (EL)
02007;ALBACETE
02080;ALBACETE
02124;ALCADOZO
02210;ALCALA DEL JUCAR
02330;JARDIN (EL)
02640;ALMANSA
02690;ALPERA
02320;BALAZOTE
02639;BARRAX
02360;BIENSERVIDA
02691;BONETE
02610;BONILLO (EL)
02151;CASAS DE JUAN NUÑEZ
02212;CASAS DE VES
02200;CASAS-IBAÑEZ
02660;CAUDETE
02247;CENIZATE
02520;CHINCHILLA DE MONTE-ARAGO
02510;POZO BUENO
02695;VILLAR DE CHINCHILLA
02430;ELCHE DE LA SIERRA
02651;FUENTE-ALAMO
02260;FUENTEALBILLA
02110;GINETA (LA)
02253;GOLOSALVO
02400;HELLIN
02420;ISSO
02694;HIGUERUELA
02696;HOYA-GONZALO
02434;LETUR
02160;LEZUZA
02230;MADRIGUERAS
02240;MAHORA
02620;MINAYA
02650;MONTEALEGRE DEL CASTILLO
02200;MOTILLEJA
02612;MUNERA
02246;NAVAS DE JORQUERA
02530;NERPIO
02652;ONTUR
02611;OSSA DE MONTIEL
02120;PEÑAS DE SAN PEDRO
02692;PETROLA
02099;POZO CAÑADA
02141;POZOHONDO
02142;NAVA DE ABAJO
02154;POZO-LORENTE
02327;POZUELO
02450;RIOPAR
02340;ROBLEDO
02630;RODA (LA)
02435;SOCOVOS
02100;TARAZONA DE LA MANCHA
02500;TOBARRA
02150;VALDEGANGA
02636;VILLALGORDO DEL JUCAR
02270;VILLAMALEA
02350;VILLAPALACIOS
02600;VILLARROBLEDO
02480;YESTE
03698;AGOST
03340;ALBATERA
03728;ALCALALI
03801;ALCOY/ALCOI
03800;ALCOY/ALCOI
03580;ALFAS DEL PI (L')
03581;ALFAS DEL PI (L')
03169;ALGORFA
03668;ALGUEÑA
03013;ALICANTE/ALACANT
03005;ALICANTE/ALACANT
03009;ALICANTE/ALACANT
03010;ALICANTE/ALACANT
03012;ALICANTE/ALACANT
03014;ALICANTE/ALACANT
03015;ALICANTE/ALACANT
03540;ALICANTE/ALACANT
03016;ALICANTE/ALACANT
03112;ALICANTE/ALACANT
03011;ALICANTE/ALACANT
03559;SANTA FAZ
03006;ALICANTE/ALACANT
03008;ALICANTE/ALACANT
03007;ALICANTE/ALACANT
03114;BACAROT (EL)
03113;FONT-CALENT
03699;MORALET
03114;ALICANTE/ALACANT
03160;ALMORADI
03590;ALTEA
03599;ALTEA LA VELLA
03680;ASPE
03450;BANYERES DE MARIOLA
03460;BENEIXAMA
03390;BENEJUZAR
03501;BENIDORM
03503;BENIDORM
03502;BENIDORM
03178;BENIJOFAR
03720;BENISSA
03726;BENITACHELL
03410;BIAR
03380;BIGASTRO
03111;BUSOT
03360;CALLOSA DE SEGURA
03510;CALLOSA D'EN SARRIA
03710;CALPE
03560;CAMPELLO (EL)
03409;CAÑADA
03420;CASTALLA
03158;CATRAL
03820;COCENTAINA
03350;COX
03330;CREVILLENT
03339;CREVILLENT
03700;DENIA
03150;DOLORES
03202;ELCHE/ELX
03203;ELCHE/ELX
03291;ELCHE/ELX
03205;ELCHE/ELX
03290;ELCHE/ELX
03206;ELCHE/ELX
03204;ELCHE/ELX
03320;TORRELLANO
03195;ALTET (EL)
03295;PERLETA (LA)
03194;ELCHE/ELX
03296;ALGODA-MATOLA
03207;ELCHE/ELX
03294;HOYA (LA)
03293;ELCHE/ELX
03600;ELDA
03509;FINESTRAT
03179;FORMENTERA DEL SEGURA
03740;GATA DE GORGOS
03348;GRANJA DE ROCAMORA
03140;GUARDAMAR DEL SEGURA
03688;HONDON DE LAS NIEVES
03689;HONDON DE LOS FRAILES
03440;IBI
03310;JACARILLA
03727;JALON
03730;JÁVEA/XÀBIA
03100;XIXONA
03670;MONFORTE DEL CID
03640;MONOVAR
03187;MONTESINOS (LOS)
03830;MURO DEL ALCOY
03110;MUTXAMEL
03660;NOVELDA
03360;NOVELDA
03530;NUCIA (LA)
03760;ONDARA
03430;ONIL
03790;ORBA
03300;ORIHUELA
03312;ORIHUELA
03312;ARNEVA
03314;SAN BARTOLOME
03315;ORIHUELA
03189;ORIHUELA - COSTA (NUCLEO)
03750;PEDREGUER
03780;PEGO
03610;PETRER
03190;PILAR DE LA HORADADA
03191;TORRE DE LA HORADADA
03650;PINOSO
03370;REDOVAN
03170;ROJALES
03669;ROMANA (LA)
03638;SALINAS
03177;SAN FULGENCIO
03349;SAN ISIDRO
03193;SAN MIGUEL DE SALINAS
03690;SAN VICENTE DEL RASPEIG/SANT VICENT DEL RASPEIG
03690;BOQUERES
03550;SANT JOAN D'ALACANT
03130;SANTA POLA
03630;SAX
03725;TEULADA
03724;TEULADA
03724;MORAIRA
03109;TIBI
03182;TORREVIEJA
03181;TORREVIEJA
03180;TORREVIEJA
03183;TORREVIEJA
03184;TORREVIEJA
03185;TORREVIEJA
03186;TORREVIEJA
03770;VERGER (EL)
03570;VILLAJOYOSA / VILA JOIOSA (LA)
03570;ERMITA (LA)
03400;VILLENA
04510;ABLA
04770;ADRA
04779;PUENTE DEL RIO
04800;ALBOX
04400;ALHAMA DE ALMERIA
04002;ALMERIA
04001;ALMERIA
04008;ALMERIA
04120;ALMERIA
04009;ALMERIA
04006;ALMERIA
04007;ALMERIA
04120;CAÑADA DE SAN URBANO (LA)
04130;ALQUIAN (EL)
04150;RUESCAS
04130;RETAMAR
04131;RETAMAR
04628;ANTAS
04660;ARBOLEAS
04410;BENAHADUX
04760;BERJA
04713;BALANEGRA
04450;CANJAYAR
04850;CANTORIA
04850;HOJILLA (LA)
04140;CARBONERAS
04825;CHIRIVEL
04610;CUEVAS DEL ALMANZORA
04618;PALOMARES
04619;LOBOS (LOS)
04647;GUAZAMARA
04750;DALIAS
04700;EJIDO (EL)
04710;SANTA MARIA DEL AGUILA
04716;NORIAS (LAS)
04700;SANTA MARIA DEL AGUILA
04716;SAN AGUSTIN
04700;SAN AGUSTIN
04715;MATAGORDA
04712;BALERMA
04500;FIÑANA
04869;CAÑADA DE LAS CRUCES (LA)
04869;ESTACION (LA)
04869;FINES
04560;GADOR
04280;GALLARDOS (LOS)
04630;GARRUCHA
04550;GERGAL
04230;HUERCAL DE ALMERIA
04600;HUERCAL-OVERA
04662;HUERCAL-OVERA
04470;LAUJAR DE ANDARAX
04271;LUBRIN
04867;MACAEL
04838;MARIA
04638;MOJACAR
04745;MOJONERA (LA)
04279;MOJONERA (LA)
04540;NACIMIENTO
04100;NIJAR
04117;SAN ISIDRO DE NIJAR
04110;CAMPOHERMOSO
04117;BARRANQUETE (EL)
04860;OLULA DEL RIO
04810;ORIA
04640;PULPI
04640;SAN JUAN DE TERREROS
04870;PURCHENA
04260;RIOJA
04740;ROQUETAS DE MAR
04720;AGUADULCE
04420;SANTA FE DE MONDUJAR
04890;CLAVEROS (LOS)
04270;SORBAS
04200;TABERNAS
04692;TABERNO
04275;TAHAL
04880;TIJOLA
04369;TURRE
04830;VELEZ-BLANCO
04839;TOPARES
04820;VELEZ-RUBIO
04620;VERA
04240;VIATOR
04738;GANGOSA (LA)
04738;PUEBLA DE VICAR
04738;VICAR
04661;ALFOQUIA (LA)
01240;ALEGRIA-DULANTZI
01470;AMURRIO
01468;LARRINBE
01450;LEZAMA
01120;MAEZTU/MAESTU
01510;LUKO
01520;ZURBANO
01474;ARTZINIEGA
01250;ARAIA
01110;SANTA CRUZ CAMPEZO
01192;ELBURGO/BURGELU
01230;NANCLARES DE LA OCA
01212;SALINILLAS DE BURADON
01300;LAGUARDIA
01423;PUENTELARRÁ/LARRAZUBI
01400;LAUDIO/LLODIO
01320;OYON-OION
01420;POBES
01213;IGAY
01213;RIBABELLOSA
01207;ALANGUA
01200;SALVATIERRA O AGURAIN
01207;DURRUMA/SAN ROMAN DE SAN
01002;VITORIA-GASTEIZ
01007;VITORIA-GASTEIZ
01008;VITORIA-GASTEIZ
01010;VITORIA-GASTEIZ
01006;VITORIA-GASTEIZ
01013;VITORIA-GASTEIZ
01195;VITORIA-GASTEIZ
01193;ABERASTURI
01195;SUBIJANA DE ALAVA
01015;VITORIA-GASTEIZ
01195;ZUAZO DE VITORIA/ZUHATZU
01196;ARANGUIZ
01196;LOPIDANA
01139;ALTUBE
01130;MURGIA
33880;POLA DE ALLANDE
33685;CORIGOS
33670;MOREDA
33684;CABORANA
33402;AVILES
33401;AVILES
33400;VILLALEGRE (AVILES)
33460;LLARANES
33400;AVILES
33830;BELMONTE
33720;BOAL
33554;ARENAS (LAS)
33550;CANGAS DE ONIS
33547;COVIELLA
33800;CANGAS DEL NARCEA
33816;TEBONGO
33438;BARCA (LA)
33439;PERLORA
33438;CARREÑO
33469;TAM ON
33450;PIEDRAS BLANCAS
33410;CRUZ DE ILLAS (LA)
33400;SALINAS
33794;FIGUERAS
33794;BARRES
33719;JARRIO
33719;CARTAVIO
33320;COLUNGA
33404;CAMPOS (LOS)
33470;SAMA DE ABAJO
33468;SILVOTA
33468;TRASMONTE
33416;CORVERA DE ASTURIAS
33150;CUDILLERO
33155;SAN COSME
33157;NOVELLANA
33154;PITO, EL
33750;CARIDAD (LA)
33746;VALDEPARES
33206;GIJON
33207;GIJON
33202;GIJON
33208;GIJON
33203;GIJON
33204;GIJON
33209;GIJON
33212;GIJON
33211;GIJON
33213;GIJON
33210;GIJON
33394;GIJON
33394;LLOREDA
33391;GRANDA DE ABAJO
33390;MAREO DE ABAJO
33392;GIJON
33392;AGUDA
33691;VERIÑA
33449;NEMBRO
33820;GRADO
33730;GRANDAS DE SALIME
33810;SAN ANTOLIN
33930;LANGREO
33920;LANGREO
33920;VISO (EL)
33930;FELGUERA (LANGREO), LA
33900;SAMA DE LANGREO
33980;POLA DE LAVIANA
33630;POLA DE LENA
33424;POSADA
33428;CORUÑO
33690;ROBLEDO
33192;SILVOTA (LLANERA-POL. INDUSTRIAL)
33192;LLANERA
33192;PRUVIA
33500;LLANES
33594;POSADA
33592;PIÑERES
33596;SAN ROQUE DEL ACEBAL
33600;MIERES
33611;SANTULLANO
33683;CORTINA
33614;MIERES
33163;ARGAME
33138;MUROS
33520;NAVA
33710;NAVIA
33180;NOREÑA
33010;OVIEDO
33001;OVIEDO
33006;OVIEDO
33010;CERDEÑO
33010;COLLOTO
33011;OVIEDO
33194;CUYENCES
33012;OVIEDO
33195;PANDO (EL)
33119;TRUBIA
33199;OVIEDO
33540;ARRIONDAS
33570;PANES
33584;SEVARES
33530;PILOÑA
33120;PRAVIA
33114;PROAZA
33590;COLOMBRES
33590;ANDINAS
33560;RIBADESELLA
33171;FERREROS
33860;SALAS
33868;CASAZORRINA
33850;CORNELLANA
33848;SANTIAGO DE LA BARCA
33950;SOTRONDIO
33940;ENTREGO (EL)
33774;SAN ANDRES
33936;CARBAYIN ALTO
33429;BOBES
33186;BERRON (EL)
33519;FERRERA
33519;CARRERA (LA)
33510;POLA DE SIERO
33518;GRANDA
33199;MERES
33420;LUGONES
33429;VIELLA
33429;SIERO
33410;POLA DE SIERO
33519;MARCENADO
33126;RIBERAS (SOTO DEL BARCO)
33459;CARCEDO (SOTO BARCO)
33740;TAPIA DE CASARIEGO
33746;CORTAFICIO
33110;SAN MARTIN
33870;TINEO
33873;NAVELGAS
33700;LUARCA
33700;ALMUÑA
33792;OTUR
33784;BRIEVES
33784;MUÑAS
33782;AYONES
33770;VEGADEO
33300;VILLAVICIOSA
33314;VENTA LAS RANAS
05296;ADANERO
05430;ADRADA (LA)
05212;ALDEASECA
05400;ARENAS DE SAN PEDRO
05418;RAMACASTAÑAS
05200;AREVALO
05100;AREVALO
05001;AVILA
05002;AVILA
05003;AVILA
05004;AVILA
05600;BARCO DE AVILA (EL)
05110;BARRACO (EL)
05290;BLASCOSANCHO
05113;BURGOHONDO
05480;CANDELEDA
05260;CEBREROS
05192;COLILLA (LA)
05300;CHAHERRERO
05296;ESPINOSA DE LOS CABALLEROS
05310;FONTIVEROS
05164;HERNANSANCHO
05250;HOYO DE PINARES (EL)
05220;MADRIGAL ALTAS TORRES
05280;MINGORRIA
05410;MOMBELTRAN
05540;MUÑANA
05145;MUÑICO
05309;MUÑOGRANDE
05216;MAGAZOS
05216;NAVA DE AREVALO
05240;NAVALPERAL DE PINARES
05100;NAVALUENGA
05635;NAVARREDONDA DE GREDOS
05120;NAVARREDONDILLA
05230;NAVAS DEL MARQUES (LAS)
05296;ORBITA
05215;PALACIOS DE GODA
05470;PEDRO BERNARDO
05500;PIEDRAHITA
05412;SAN ESTEBAN DEL VALLE
05350;SAN PEDRO DEL ARROYO
05290;SANCHIDRIAN
05130;SOLOSANCHO
05420;SOTILLO DE LA ADRADA
05270;TIEMBLO (EL)
05540;TORRE (LA)
05292;VELAYOS
05212;VILLANUEVA DEL ACERAL
06713;GUADALPERALES (LOS)
06207;ACEUCHAL
06940;AHILLONES
06840;ALANGE
06170;ALBUERA (LA)
06510;ALBURQUERQUE
06501;ALBURQUERQUE
06131;ALCONCHEL
06171;ALMENDRAL
06200;ALMENDRALEJO
06850;ARROYO DE SAN SERVAN
06920;AZUAGA
06005;BADAJOZ
06008;BADAJOZ
06009;BADAJOZ
06006;BADAJOZ
06010;BADAJOZ
06004;BADAJOZ
06011;BADAJOZ
06007;BADAJOZ
06183;NOVELDA DEL GUADIANA
06186;GUADIANA DEL CAUDILLO
06195;VILLAFRANCO DEL GUADIANA
06010;ALBALA
06080;BADAJOZ
06160;BARCARROTA
06930;BERLANGA
06250;BIENVENIDA
06370;BURGUILLOS DEL CERRO
06600;CABEZA DEL BUEY
06293;CABEZA LA VACA
06810;CALAMONTE
06292;CALERA DE LEON
06249;CALZADILLA DE LOS BARROS
06460;CAMPANARIO
06443;CAMPILLO DE LLERENA
06770;CASAS DE DON PEDRO
06680;CASTILBLANCO
06420;CASTUERA
06518;CODOSERA (LA)
06487;CORDOBILLA DE LACARA
06469;CORONADA (LA)
06196;CORTE DE PELEAS
06400;DON BENITO
06412;VIVARES
06717;TORVISCAL (EL)
06711;GARGALIGAS
06860;ESPARRAGALEJO
06340;FREGENAL DE LA SIERRA
06660;FUENLABRADA DE LOS MONTES
06240;FUENTE DE CANTOS
06980;FUENTE DEL ARCO
06360;FUENTE DEL MAESTRE
06280;FUENTES DE LEON
06910;GRANJA DE TORREHERMOSA
06470;GUAREÑA
06714;HABA (LA)
06670;HERRERA DEL DUQUE
06441;HIGUERA DE LA SERENA
06132;HIGUERA DE VARGAS
06350;HIGUERA LA REAL
06228;HORNACHOS
06380;JEREZ DE LOS CABALLEROS
06389;VALUENGO
06900;LLERENA
06498;LOBON
06969;MAGUILLA
06411;MEDELLIN
06320;MEDINA DE LAS TORRES
06800;MERIDA
06260;MONESTERIO
06200;MONESTERIO
06907;PALLARES
06427;MONTERRUBIO DE LA SERENA
06480;MONTIJO
06486;NAVA DE SANTIAGO (LA)
06760;NAVALVILLAR DE PELA
06730;OBANDO
06120;OLIVA FRONTERA
06100;OLIVENZA
06740;ORELLANA LA VIEJA
06610;PEÑALSORDO
06630;PUEBLA DE ALCOCER
06490;PUEBLA DE LA CALZADA
06191;PUEBLA DE OBANDO
06310;PUEBLA DE SANCHO PEREZ
06392;PUEBLA DE SANCHO PEREZ
06906;PUEBLA DEL MAESTRE
06184;PUEBLONUEVO DEL GUADIANA
06450;QUINTANA DE LA SERENA
06225;RIBERA DEL FRESNO
06190;ROCA DE LA SIERRA (LA)
06174;SALVALEON
06893;SAN PEDRO DE MERIDA
06500;SAN VICENTE DE ALCANTARA
06410;SANTA AMALIA
06150;SANTA MARTA
06230;SANTOS DE MAIMONA (LOS)
06270;SEGURA DE LEON
06650;SIRUELA
06209;SOLANA DE LOS BARROS
06196;RETAMAL
06640;TALARRUBIAS
06140;TALAVERA LA REAL
06172;TORRE DE MIGUEL SESMERO
06210;TORREMEJIA
06290;USAGRE
06689;VALDECABALLEROS
06185;VALDELACALZADA
06444;VALENCIA DE LAS TORRES
06134;VALENCIA MOMBUEY
06330;VALENCIA DEL VENTOSO
06458;VALLE DE LA SERENA
06178;VALLE DE SANTA ANA
06130;VALVERDE DE LEGANES
06890;VALVERDE DE MERIDA
06220;VILLAFRANCA DE LOS BARROS
06473;VILLAGONZALO
06208;VILLALBA DE LOS BARROS
06700;VILLANUEVA DE LA SERENA
06712;VILLANUEVA DE LA SERENA
06720;VALDIVIA
06712;ZURBARAN
06110;VILLANUEVA DEL FRESNO
06717;PALAZUELO
06717;PUEBLA DE ALCOLLARIN
06192;VILLAR DEL REY
06300;ZAFRA
06430;ZALAMEA DE LA SERENA
06830;ZARZA (LA)
07730;ALAIOR
07340;ALARO
07400;ALCUDIA
07410;PORT D'ALCUDIA
07408;PLATJA D'ALCUDIA
07210;ALGAIDA
07150;ANDRATX
07157;PORT D'ANDRATX
07570;ARTA
07350;BINISSALEM
07110;BUNYOLA
07184;CALVIA
07181;PALMANOVA
07181;PORRASSA (SA)
07183;COSTA DE LA CALMA
07180;SANTA PONÇA
07310;CAMPANET
07630;CAMPOS
07580;CAPDEPERA
07760;CIUTADELLA DE MENORCA
07800;EIVISSA
07315;ESCORCA
07190;ESPORLES
07200;FELANITX
07670;PORTOCOLOM
07750;FERRERIES
07860;SANT FRANCESC FORMENTERA
07300;INCA
07360;LLOSETA
07430;LLUBI
07620;LLUCMAJOR
07600;ARENAL (S')
07609;PALMERES (LES)
07703;MAO
07702;MAO
07701;MAO
07714;MAO
07500;MANACOR
07680;PORTO CRISTO
07141;CABANETA (SA)
07141;MARRATXINET
07740;MERCADAL (ES)
07230;MONTUIRI
07440;MURO
07408;PLATJA DE MURO
07004;PALMA
07011;PALMA
07014;PALMA
07015;PALMA
07013;PALMA
07010;PALMA
07120;PALMA
07006;PALMA
07007;PALMA
07008;PALMA
07009;PALMA
07610;CAN PASTILLA
07610;PLATJA DE PALMA
07608;PLATJA DE PALMA
07198;SON SANT JOAN
07199;SON SANT JOAN
07198;CASA BLANCA (SA)
07199;ARANJASSA (S')
07611;PALMA
07520;PETRA
07420;POBLA (SA)
07460;POLLENÇA
07260;PORRERES
07640;SALINES (SES)
07638;COLONIA DE SANT JORDI
07820;SANT ANTONI DE PORTMANY
07816;SANT RAFEL
07240;SANT JOAN
07810;SANT JOAN DE LABRITJA
07830;SANT JOSEP DE SA TALAIA
07530;SANT LLORENÇ DES CARDASSAR
07560;SON MORO
07710;SANT LLUIS
07142;SANTA EUGENIA
07840;SANTA EULALIA
07814;SANTA GERTRUDIS
07458;CA'N PICAFORT
07450;CA'N PICAFORT
07320;SANTA MARIA DEL CAMI
07650;SANTANYI
07660;CALA D'OR
07140;SENCELLES
07510;SINEU
07100;SOLLER
07550;SON SERVERA
07170;VALLDEMOSSA
07250;VILAFRANCA DE BONANY
08630;ENTITAT EST D'ABRERA
08630;ABRERA
08328;ALELLA
08480;AMETLLA DEL VALLES (L')
08480;SERRAT DE L'OCATA
08350;ARENYS DE MAR
08358;ARENYS DE MUNT
08310;ARGENTONA
08271;ARTES
08279;AVINYO
08912;BADALONA
08911;BADALONA
08917;BADALONA
08915;BADALONA
08918;BADALONA
08916;BADALONA
08020;BADALONA
08914;BADALONA
08214;BADIA DEL VALLES
08550;BALENYA
08660;BALSARENY
08210;BARBERA DEL VALLES
08003;BARCELONA
08005;BARCELONA
08018;BARCELONA
08006;BARCELONA
08038;BARCELONA
08001;BARCELONA
08039;BARCELONA
08015;BARCELONA
08011;BARCELONA
08004;BARCELONA
08036;BARCELONA
08021;BARCELONA
08013;BARCELONA
08026;BARCELONA
08040;BARCELONA
08014;BARCELONA
08028;BARCELONA
08017;BARCELONA
08034;BARCELONA
08035;BARCELONA
08022;BARCELONA
08023;BARCELONA
08024;BARCELONA
08027;BARCELONA
08032;BARCELONA
08033;BARCELONA
08041;BARCELONA
08031;BARCELONA
08042;BARCELONA
08016;BARCELONA
08020;BARCELONA
08030;BARCELONA
08019;BARCELONA
08859;BEGUES
08600;BERGA
08415;RIERAL DE BIGUES
08294;BRUC (EL)
08349;CABRERA DE MAR
08348;CABRILS
08384;CABRILS
08280;CALAF
08275;CALDERS
08140;CALDES DE MONTBUI
08370;CALELLA
08519;CALLDETENES
08360;CANET DE MAR
08420;CANOVELLES
08811;CANYELLES
08259;CANYELLES
08440;CARDEDEU
08261;CARDONA
08211;CASTELLAR DEL VALLES
08211;AIRESOL
08296;CASTELLBELL I EL VILAR
08755;CASTELLBISBAL
08755;AREA INDUSTRIAL DEL LLOBREGAT
08755;POLIGON IND. SANT VICENÇ
08860;CASTELLDEFELS
08729;CASTELLET I LA GORNAL
08297;CASTELLGALI
08183;CASTELLTERÇOL
08540;CENTELLES
08698;CERCS
08699;CERCS
08290;CERDANYOLA DEL VALLES
08193;CERDANYOLA DEL VALLES
08758;CERVELLO
08293;COLLBATO
08940;CORNELLA DE LLOBREGAT
08880;CUBELLES
08319;DOSRIUS
08292;ESPARREGUERA
08950;ESPLUGUES DE LLOBREGAT
08495;FOGARS DE LA SELVA
08520;BELLAVISTA
08520;FRANQUESES DEL VALLES (LES)
08530;GARRIGA (LA)
08850;GAVA
08790;GELIDA
08680;GIRONELLA
08792;GRANADA (LA)
08400;GRANOLLERS
08474;GUALBA DE BAIX
08694;GUARDIOLA DE BERGUEDA
08503;GURB
08901;HOSPITALET DE LLOBREGAT (L')
08907;HOSPITALET DE LLOBREGAT (L')
08906;HOSPITALET DE LLOBREGAT (L')
08904;HOSPITALET DE LLOBREGAT (L')
08903;HOSPITALET DE LLOBREGAT (L')
08902;HOSPITALET DE LLOBREGAT (L')
08908;HOSPITALET DE LLOBREGAT (L')
08905;HOSPITALET DE LLOBREGAT (L')
08246;HOSPITALET DE LLOBREGAT (L')
08700;IGUALADA
08719;JORBA
08519;JORBA
08120;LLAGOSTA (LA)
08186;LLIÇA D'AMUNT
08185;LLIÇA DE VALL
08450;LLINARS DEL VALLES
08380;MALGRAT DE MAR
08519;MALLA
08560;MANLLEU
08240;MANRESA
08241;MANRESA
08760;MARTORELL
08519;MASIES DE VOLTREGA (LES)
08509;MASIES DE VOLTREGA (LES)
08320;MASNOU (EL)
08783;MASQUEFA
08302;MATARO
08301;MATARO
08304;MATARO
08303;MATARO
08180;MOIA
08750;MOLINS DE REI
08100;MOLLET DEL VALLES
08691;MONISTROL DE MONTSERRAT
08110;MONTCADA CENTRE
08110;CAN CUIAS
08390;MONTGAT
08717;MONTMANEU
08160;MONTMELO
08170;MONTORNES CENTRE
08170;MONTORNES NORD
08460;MONTSENY
08270;NAVARCLES
08670;NAVAS
08711;ODENA
08799;SANT PERE MOLANTA
08734;OLÈRDOLA
08640;OLESA DE MONTSERRAT
08519;OLOST
08796;PACS DEL PENEDES
08389;PALAFOLLS
08389;SANT GENIS DE PALAFOLLS
08184;PALAU-SOLITA I PLEGAMANS
08184;POLIGON INDUSTRIAL RIERA DE CALDES
08780;PALLEJA
08756;PALMA DE CERVELLO
08754;PAPIOL (EL)
08150;PARETS DEL VALLES
08784;PIERA
08397;PINEDA DE MAR
08733;PLA DEL PENEDES (EL)
08787;POBLA DE CLARAMUNT (LA)
08696;POBLA DE LILLET (LA)
08123;POLINYA
08254;PONT VILOMARA I ROCAFORT
08820;PRAT DE LLOBREGAT (EL)
08513;PRATS DE LLUÇANES
08338;PUIG DE PEDRA-SOT DEL PI
08330;PREMIA DE MAR
08692;PUIG-REIG
08692;COLONIA VIDAL
08291;RIPOLLET
08430;ROCA DEL VALLES (LA)
08430;SANTA AGNES DE MALANYANES
08510;RODA DE TER
08191;RUBI
08161;RUBI
08201;SABADELL
08206;SABADELL
08203;SABADELL
08208;SABADELL
08207;SABADELL
08205;SABADELL
08699;SALDES
08650;SALLENT
08650;CABRIANES
08930;SANT ADRIA DE BESOS
08740;SANT ANDREU DE LA BARCA
08392;SANT ANDREU DE LLAVANERES
08459;SANT ANTONI DE VILAMAJOR
08830;SANT BOI DE LLOBREGAT
08330;SANT BOI DE LLOBREGAT
08470;SANT CELONI
08476;BATLLORIA (LA)
08174;SANT CUGAT DEL VALLES
08190;SANT CUGAT DEL VALLES
08798;SANT CUGAT SESGARRIGUES
08635;SANT ESTEVE SESROVIRES
08635;CA N'AMAT
08980;SANT FELIU DE LLOBREGAT
08105;SANT FOST CAMPSENTELLES
08272;SANT FRUITOS DE BAGES
08359;SANT ISCLE DE VALLALTA
08250;SANT JOAN DE VILATORRADA
08250;SANT MARTI DE TORRUELLA
08970;SANT JOAN DESPI
08960;SANT JUST DESVERN
08791;URB. VINYA DEL POLLASTRE
08515;SANT MARTI D'ALBARS
08731;SANT MARTI SARROCA
08810;SANT PERE DE RIBES
08776;SANT PERE DE RIUDEBITLLES
08572;SANT PERE DE TORELLO
08281;SANT PERE SALLAVINERA
08395;SANT POL DE MAR
08192;SANT QUIRZE DEL VALLES
08192;VALLES PARC
08192;POBLE SEC
08189;SANT QUIRZE SAFAJA
08770;SANT SADURNI D'ANOIA
08253;SANT SALVADOR GUARDIOLA
08295;SANT VICENÇ DE CASTELLET
08394;SANT VICENÇ DE MONTALT
08571;SANT VICENÇ DE TORELLO
08620;SANT VICENÇ DELS HORTS
08921;SANTA COLOMA DE GRAMENET
08924;SANTA COLOMA DE GRAMENET
08923;SANTA COLOMA DE GRAMENET
08187;SANTA EULALIA DE RONÇANA
08710;SANTA MARGARIDA MONTBUI
08730;MONJOS (ELS)
08787;SANTA MARIA DE MIRALLES
08460;SANTA MARIA DE PALAUTORDERA
08130;SANTA PERPETUA DE MOGODA
08130;SANTIGA
08398;SANTA SUSANNA
08398;CAN TORRENT-ALTA MARESMA-CAN GELAT
08251;SANTPEDOR
08181;SENTMENAT
08553;SANT MIQUEL DE BALENYA
08870;SITGES
08739;SUBIRATS
08260;SURIA
08593;TAGAMANENT
08329;TEIA CENTRE
08329;VICTOR FONT GUAL
08221;TERRASSA
08222;TERRASSA
08227;TERRASSA
08223;TERRASSA
08228;TERRASSA
08224;TERRASSA
08225;TERRASSA
08226;TERRASSA
08220;TERRASSA
08551;TONA
08490;TORDERA
08399;TORDERA
08570;TORELLO
08789;CA L'ANTON
08629;TORRELLES DE LLOBREGAT
08233;VACARISSES
08233;POLIGON INDUSTRIAL CAN TORRELLA
08470;VALLGORGUINA
08759;LLEDONER (EL)
08759;VALLIRANA PARC
08188;VALLROMANES
08500;VIC
08840;VILADECANS
08440;VILADECANS
08232;VILADECAVALLS
08232;CAN TRIAS INDUSTRIAL
08720;VILAFRANCA DEL PENEDES
08410;VILANOVA DEL VALLES
08800;VILANOVA I LA GELTRU
08339;VILASSAR DE DALT
08340;VILASSAR DE MAR
48220;ABADIÑO-ZELAIETA
48500;ABANTO
48810;ALONSOTEGI
48340;AMOREBIETA
48480;ARRIGORRIAGA
48142;ELEJABEITIA
48130;BASIGO
48800;BALMASEDA
48902;SAN VICENTE DE BARAKALDO
48903;SAN VICENTE DE BARAKALDO
48970;ARIZGOITI
48970;BASAURI
48640;BERANGO
48370;BERMEO
48240;BERRIZ-OLAKUETA
48249;EITUA
48015;BILBAO
48004;BILBAO
48003;BILBAO
48001;BILBAO
48013;BILBAO
48160;ALDEKONA (SAN ISIDRO)
48160;DERIO
48200;DURANGO
48230;ELORRIO
48950;ERANDIO-GOIKOA
48450;ETXEBARRI
48960;ERLECHES
48960;ELEXALDE GALDAKAO
48960;USANSOLO
48300;GERNIKA-LUMO
48993;ANDRA MARI
48990;ALGORTA
48192;ZUBIETE
48630;URESARANTZE AUZOA
48830;SODUPE
48140;IGORRE
48215;IURRETA
48213;IZURZA
48991;CARRANZA
48195;LARRABETZU
48940;LEIOA
48280;LEKEITIO
48330;LEMOA
48180;ELOTXELERRI
48269;MALLABIA
48270;MARKINA-XEMEIN
48360;MUNDAKA
48100;MUNGIA
48100;ATXURI
48100;BILLELA
48120;LARRAURI
48392;USPARITXA
48410;OROZKO
48530;ORTUELLA
48210;OTXANDIO
48620;PLENTZIA
48920;PORTUGALETE
48980;SANTURTZI
48980;BALPARDA
48910;SESTAO
48600;MOREAGA
48190;SOPUERTA
48490;UGAO-MIRABALLES
48610;URDULIZ
48460;ORDUÑA
48510;VALLE DE TRAPAGA
48510;TRAPAGARAN
48860;ZALLA
48170;ZAMUDIO
48144;ALTZUAGA
48508;EL PUERTO
09219;AMEYUGO
09400;ARANDA DE DUERO
09195;ARCOS
09119;BALBASES (LOS)
09126;BASCONCILLOS DEL TOZO
09250;BELORADO
09511;BERBERANA
09240;BRIVIESCA
09230;BUNIEL
09003;BURGOS
09001;BURGOS
09006;BURGOS
09007;BURGOS
09006;VILLATORO
09192;VILLAFRIA
09007;VILLAYUDA O LA VENTILLA
09000;BURGOS
09192;BURGOS
09451;CALERUEGA
09193;CARCEDO DE BURGOS
09193;CARDEÑAJIMENO
09391;CASTRILLO DE LA VEGA
09110;CASTROJERIZ
09349;CILLERUELO DE ABAJO
09215;ARMENTIA
09215;TREVIÑO
09560;ESPINOSA DE LOS MONTEROS
09230;ESTEPAR
09349;FONTIOSO
09230;FRANDOVINEZ
09315;FUENTECEN
09471;FUENTESPINA
09370;GUMIEL DE IZAN
09430;HUERTA DEL REY
09340;LERMA
09330;MADRIGALEJO DEL MONTE
09500;MEDINA DE POMAR
09100;MELGAR DE FERNAMENTAL
09569;BERCEDO
09569;VILLASANTE
09141;CERNEGULA
09568;VALLEJO
09460;MILAGROS
09200;MIRANDA DE EBRO
09311;OLMEDILLO DE ROA
09530;OÑA
09350;OQUILLAS
09680;PALACIOS DE LA SIERRA
09462;PARDILLA
09294;PUEBLA DE ARGANZON (LA)
09290;QUINTANAPALLA
09670;QUINTANAR DE LA SIERRA
09140;VIVAR DEL CID
09131;QUINTANILLAS (LAS)
09613;REVILLA (LA)
09300;ROA
09199;RUBENA
09600;SALAS DE LOS INFANTES
09342;SANTA MARIA DEL CAMPO
09620;SARRACIN
09123;OLMILLOS DE SASAMON
09135;SOTRESGUDO
09540;TRESPADERNE
09491;VADOCONDES
09510;QUINCOCES DE YUSO
09585;ENTRAMBASAGUAS
09585;SANTA CRUZ DE MENA
09585;SANTECILLA
09145;ESCALADA
09210;QUINTANA MARTIN GALINDEZ
09572;CILLERUELO DE BEZANA
09127;FUENCALIENTE DE LUCIO
09120;VILLADIEGO
09195;VILLAGONZALO PEDERNALES
09197;VILLALBILLA DE BURGOS
09390;VILLALMANZO
09130;VILLANUEVA DE ARGAÑO
09226;VILLANUEVA DE LAS CARRETAS
09550;VILLARCAYO
09556;VILLARCAYO
09226;VILLAZOPEQUE
10650;AHIGAL
10980;ALCANTARA
10160;ALCUESCAR
10160;ALDEA DEL CANO
10740;ALDEANUEVA DEL CAMINO
10550;ALISEDA
10350;ALMARAZ
10132;ALMOHARIN
10900;ARROYO DE LA LUZ
10161;ARROYOMOLINOS (EXT)
10750;BAÑOS
10696;BARRADO
10394;BELVIS DE MONROY
10950;BROZAS
10610;CABEZUELA DEL VALLE
10005;CACERES
10001;CACERES
10004;CACERES
10002;CACERES
10195;CACERES
10164;VALDESALOR
10620;CAMINOMORISCO
10134;CAMPO LUGAR
10134;PIZARRO
10820;CAÑAVERAL
10190;CASAR DE CACERES
10818;CASAS DE DON GOMEZ
10340;CASTAÑAR DE IBOR
10870;CECLAVIN
10895;CILLEROS
10414;COLLADO
10800;CORIA
10430;CUACOS DE YUSTE
10370;DELEITOSA
10133;ESCURIAL
10691;GALISTEO
10690;ALAGON
10940;GARROVILLAS DE ALCONETAR
10140;GUADALUPE
10692;BATAN (EL)
10665;GUIJO DE GRANADILLA
10400;JARAIZ DE LA VERA
10450;JARANDILLA DE LA VERA
10120;LOGROSAN
10460;LOSAR DE LA VERA
10110;MADRIGALEJO
10210;MADROÑERA
10529;MAJADAS
10910;MALPARTIDA DE CACERES
10680;MALPARTIDA DE PLASENCIA
10100;MIAJADAS
10664;MOHEDAS DE GRANADILLA
10170;MONTANCHEZ
10810;MONTEHERMOSO
10840;MORALEJA
10848;VEGAVIANA
10300;NAVALMORAL DE LA MATA
10623;VEGAS DE CORIA
10411;PALOMERO
10411;PASARON DE LA VERA
10335;PERALEDA DE LA MATA
10896;PERALES DEL PUERTO
10630;PINOFRANQUEADO
10615;PIORNAL
10600;PLASENCIA
10813;POZUELO DE ZARZON
10693;RIOLOBOS
10260;SANTA CRUZ DE LA SIERRA
10191;SANTIAGO DEL CAMPO
10310;TALAYUELA
10319;TIETAR
10420;TEJEDA DE TIETAR
10617;TORNO (EL)
10186;TORRE DE SANTA MARIA
10252;TORRECILLAS DE LA TIESA
10694;TORREJON EL RUBIO
10830;TORREJONCILLO
10182;TORREORGAZ
10200;TRUJILLO
10292;TRUJILLO
10614;VALDASTILLAS
10672;VALDEOBISPO
10500;VALENCIA DE ALCANTARA
10890;VALVERDE DEL FRESNO
10470;VILLANUEVA DE LA VERA
10720;VILLAR DE PLASENCIA
10330;VILLAR DEL PEDROSO
10710;ZARZA DE GRANADILLA
10800;ZARZA LA MAYOR
10130;ZORITA
11180;ALCALA DE LOS GAZULES
11693;ALCALA DEL VALLE
11639;ALGAR
11201;ALGECIRAS
11207;ALGECIRAS
11204;ALGECIRAS
11205;ALGECIRAS
11206;ALGECIRAS
11680;ALGODONALES
11630;ARCOS DE LA FRONTERA
11620;JEDULA
11160;BARBATE
11370;BARRIOS (LOS)
11379;PALMONES
11190;BENALUP
11640;BORNOS
11670;BOSQUE (EL)
11001;CADIZ
11006;CADIZ
11007;CADIZ
11012;CADIZ
11011;CADIZ
11010;CADIZ
11350;ALMORAIMA
11130;CHICLANA DE LA FRONTERA
11139;CHICLANA DE LA FRONTERA
11550;CHIPIONA
11140;CONIL DE LA FRONTERA
11149;CONIL DE LA FRONTERA
11648;ESPERA
11610;GRAZALEMA
11408;JEREZ DE LA FRONTERA
11404;JEREZ DE LA FRONTERA
11407;JEREZ DE LA FRONTERA
11406;JEREZ DE LA FRONTERA
11405;JEREZ DE LA FRONTERA
11401;JEREZ DE LA FRONTERA
11400;JEREZ DE LA FRONTERA
11591;GUADALCACIN DEL CAUDILLO
11592;NUEVA JARILLA
11570;BARCA DE LA FLORIDA (LA)
11594;TORNO (EL)
11570;JEREZ DE LA FRONTERA
11595;TORRECERA
11579;JOSE ANTONIO
11330;JIMENA DE LA FRONTERA
11330;ANGELES (LOS)
11320;SAN PABLO DE BUCEITE
11300;LINEA LA CONCEPCION (LA)
11170;MEDINA-SIDONIA
11690;OLVERA
11178;PATERNA DE RIVERA
11660;PRADO DEL REY
11500;PUERTO DE SANTA MARIA (EL)
11500;ARENALES (LOS)
11510;PUERTO REAL
11520;ROTA
11520;COSTA BALLENA
11100;ARSENAL DE LA CARRACA
11100;SAN FERNANDO
11580;SAN JOSE DEL VALLE
11360;SAN ROQUE
11314;CAMPAMENTO
11312;SAN ENRIQUE
11312;TORREGUADIARO
11540;SANLUCAR DE BARRAMEDA
11540;BONANZA
11549;ALGAIDA (LA)
11692;SETENIL
11380;TARIFA
11390;BUJEO (EL)
11391;TAHIVILLA
11560;TREBUJENA
11600;UBRIQUE
11150;VEJER DE LA FRONTERA
11159;PALMAR EL
11150;MUELA LA
11158;CAÑADA ANCHA
11650;VILLAMARTIN
39526;NOVALES
39840;AMPUERO
39450;ARENAS DE IGUÑA
39195;ARNUERO
39613;BOO
39611;GUARNIZO
39791;AMBROSERO
39500;CABEZON DE LA SAL
39509;CABROJO
39600;MALIAÑO
39600;MURIEDAS
39608;HERRERA
39600;REVILLA
39213;BOLMIR
39213;FOMBELLIDA
39311;CARTES
39311;SANTIAGO
39660;POMALUENGO
39700;CASTRO URDIALES
39798;ISLARES
39706;ONTON
39585;OJEDO
39750;COLINDRES
39520;COMILLAS
39400;CORRALES (LOS)
39400;SOMAHOZ
39408;BARROS
39408;LOS CORRALES DE BUELNA
39699;SAN VICENTE DE TORANZO
39699;VILLEGAR
39716;HOZNAYO
39795;ESCALANTE
39730;BERANGA
39770;LAREDO
39776;LIENDO
39718;PAMANES
39618;PONTEJOS
39130;ELECHAS
39710;SOLARES
39792;HERAS
39192;SAN MAMES DE MERUELO
39192;SAN MIGUEL DE MERUELO
39310;GORNAZO
39318;CUDON
39430;SANTA OLALLA
39627;SOBARZO
39470;RENEDO
39612;PARBAYON
39478;ARCE
39312;REQUEJADA
39670;PUENTE VIESGO
39800;RAMALES DE LA VICTORIA
39200;REINOSA
39538;REOCIN
39530;PUENTE SAN MIGUEL
39150;CASTANEDO
39160;LOREDO
39794;ANERO
39554;PUENTENANSA
39513;RUENTE
39527;RUILOBUCA
39409;JAIN
39540;SAN VICENTE DE LA BARQUERA
39110;SOTO DE LA MARINA
39100;SANTA CRUZ DE BEZANA
39108;MOMPIA
39626;ARGOMILLA
39627;ENCINA (LA)
39010;SANTANDER
39004;SANTANDER
39011;SANTANDER
39005;SANTANDER
39012;SANTANDER
39009;SANTANDER
39011;PEÑACASTILLO
39011;SAN ROMAN
39012;SAN ROMAN
39314;VIVEDA
39691;IRUZ
39740;SANTOÑA
39806;SOBA
39738;SOLORZANO
39340;SUANCES
39350;HINOJEDO
39300;TORRELAVEGA
39300;GANZO
39317;SIERRAPANDO
39316;TANOS
39300;BARREDA
39548;PESUES
39592;VALDALIGA
39593;VALDALIGA
39220;POLIENTES
39685;CANDOLIAS
39640;VILLACARRIEDO
39692;LIAÑO
39690;CONCHA (LA)
39690;VILLANUEVA
39638;VEGA
39766;SAN PANTALEON DE ARAS
12140;ALBOCASSER
12570;ALCALA DE XIVERT
12570;ALCOSSEBRE
12110;ALCORA
12100;ALCORA
12550;ALMAZORA
12590;ALMENARA
12539;ALQUERIAS DEL NIÑO PERDIDO
12410;ALTURA
12527;ARTANA
12132;ATZENETA DEL MAESTRAT
12420;BARRACAS
12430;BEJIS
12160;BENASAL
12580;BENICARLO
12560;BENICASIM
12181;BENLLOCH
12549;BETXI
12190;BORRIOL
12530;BURRIANA
12350;BURRIANA
12180;CABANES
12595;RIBERA DE CABANES, LA
12006;CASTELLON DE LA PLANA
12004;CASTELLON DE LA PLANA
12003;CASTELLON DE LA PLANA
12005;CASTELLON DE LA PLANA
12100;CASTELLON DE LA PLANA
12000;CASTELLON DE LA PLANA
12592;CHILCHES
12185;COVES DE VINROMA (LES)
12310;FORCALL
12450;JERICA
12591;LLOSA (LA)
12120;LUCENA DEL CID
12593;MONCOFA
12448;MONTANEJOS
12300;MORELLA
12520;NULES
12312;LOMAS (LAS)
12200;ONDA
12200;PANTANO DEL SICHAR
12200;APEADERO DE BECHI
12594;OROPESA
12594;AMPLARIES (LES)
12594;MARINA D'OR
12598;PEÑISCOLA
12191;POBLA TORNESA (LA)
12210;RIBESALBES
12510;SAN RAFAEL DEL RIO
12130;SANT JOAN DE MORO
12170;SANT MATEU
12597;SANTA MAGDALENA DE PULPIS
12400;SEGORBE
12182;SIERRA-ENGARCERAN
12480;SONEJA
12489;SOT DE FERRER
12596;TORREBLANCA
12330;TRAIGUERA
12194;VALL D'ALBA
12600;VALL D'UIXO (LA)
12192;VILAFAMES
12183;VILANOVA D'ALCOLEA
12150;VILLAFRANCA DEL CID
12540;VILLARREAL
12526;VILAVELLA (LA)
12500;VINAROS
12135;VISTABELLA DEL MAESTRAZGO
12460;VIVER
51001;CEUTA
51002;CEUTA
13180;ABENOJAR
13410;AGUDO
13340;ALBALADEJO
13600;ALCAZAR DE SAN JUAN
13690;ALAMEDA DE CERVERA
13720;CINCO CASAS
13107;ALCOLEA DE CALATRAVA
13391;ALCUBILLAS
13380;ALDEA DEL REY
13400;ALMADEN
13270;ALMAGRO
13260;ALMAGRO
13328;ALMEDINA
13580;ALMODOVAR DEL CAMPO
13760;ALMURADIEL
13619;ARENALES DE SAN GREGORIO
13679;ARENAS DE SAN JUAN
13710;ARGAMASILLA DE ALBA
13440;ARGAMASILLA DE CALATRAVA
13260;BOLAÑOS DE CALATRAVA
13450;BRAZATORTAS
13370;CALZADA DE CALATRAVA
13610;CAMPO DE CRIPTANA
13150;CARRION DE CALATRAVA
13329;CARRIZOSA
13750;CASTELLAR DE SANTIAGO
13412;CHILLON
13002;CIUDAD REAL
13004;CIUDAD REAL
13005;CIUDAD REAL
13003;CIUDAD REAL
13197;CIUDAD REAL
13190;CORRAL DE CALATRAVA
13427;CORTIJOS DE ARRIBA
13345;COZAR
13250;DAIMIEL
13130;FUENCALIENTE
13680;FUENTE EL FRESNO
13360;GRANATULA DE CALATRAVA
13490;GUADALMEZ
13640;HERENCIA
13660;LABORES (LAS)
13220;LLANOS DEL CAUDILLO
13108;LUCIANA
13420;MALAGON
13200;MANZANARES
13230;MEMBRILLA
13170;MIGUELTURRA
13326;MONTIEL
13350;MORAL DE CALATRAVA
13620;PEDRO MUÑOZ
13100;PIEDRABUENA
13120;PORZUNA
13179;POZUELO DE CALATRAVA
13109;PUEBLA DE DON RODRIGO
13342;PUEBLA DEL PRINCIPE
13650;PUERTO LAPICE
13500;PUERTOLLANO
13194;RETUERTA DEL BULLAQUE
13114;ROBLEDO (EL)
13249;RUIDERA
13414;SACERUELA
13247;SAN CARLOS DEL VALLE
13327;SANTA CRUZ DE LOS CAÑAMOS
13730;SANTA CRUZ DE MUDELA
13630;SOCUELLAMOS
13240;SOLANA (LA)
13341;TERRINCHES
13700;TOMELLOSO
13160;TORRALBA DE CALATRAVA
13344;TORRE DE JUAN ABAD
13740;TORRENUEVA
13300;VALDEPEÑAS
13310;CONSOLACION
13332;VILLAHERMOSA
13343;VILLAMANRIQUE
13595;VILLAMAYOR DE CALATRAVA
13330;VILLANUEVA DE LA FUENTE
13320;VILLANUEVA LOS INFANTES
13379;VILLANUEVA DE SAN CARLOS
13670;VILLARRUBIA DE LOS OJOS
13210;VILLARTA DE SAN JUAN
13770;VISO DEL MARQUES
14430;ADAMUZ
14920;AGUILAR DE LA FRONTERA
14480;ALCARACEJOS
14812;ALMEDINILLA
14720;ALMODOVAR DEL RIO
14450;AÑORA
14850;BAENA
14859;ALBENDIN
14280;BELALCAZAR
14240;BELMEZ
14910;BENAMEJI
14208;BLAZQUEZ (LOS)
14650;BUJALANCE
14940;CABRA
14660;CAÑETE DE LAS TORRES
14810;CARCABUEY
14445;CARDEÑA
14100;CARLOTA (LA)
14191;ARRECIFE (EL)
14191;QUINTANA
14620;CARPIO (EL)
14840;CASTRO DEL RIO
14001;CORDOBA
14006;CORDOBA
14014;CORDOBA
14007;CORDOBA
14011;CORDOBA
14010;CORDOBA
14610;ALCOLEA
14014;QUEMADAS (LAS)
14610;CORDOBA
14005;CORDOBA
14710;VILLARRUBIA
14013;CORDOBA
14009;CORDOBA
14820;SANTA CRUZ
14193;MAJANEQUE
14190;CORDOBA
14320;CORDOBA
14191;CORDOBA
14860;DOÑA MENCIA
14913;ENCINAS REALES
14830;ESPEJO
14520;FERNAN NUÑEZ
14290;FUENTE OBEJUNA
14120;FUENTE PALMERA
14210;FUENTE PALMERA
14815;FUENTE-TOJAR
14270;HINOJOSA DEL DUQUE
14740;HORNACHUELOS
14970;IZNAJAR
14978;VALENZUELA Y LLANADAS
14900;LUCENA
14900;ANJARON
14880;LUQUE
14548;MONTALBAN DE CORDOBA
14530;MONTEMAYOR
14350;MONTEMAYOR
14550;MONTILLA
14600;MONTORO
14930;MONTURQUE
14510;MORILES
14857;NUEVA CARTEYA
14587;NUEVA CARTEYA
14310;OBEJO
14914;PALENCIANA
14700;PALMA DEL RIO
14630;PEDRO ABAD
14412;PEDROCHE
14200;PEÑARROYA-PUEBLONUEVO
14730;POSADAS
14400;POZOBLANCO
14800;PRIEGO DE CORDOBA
14814;ZAMORANOS
14800;LAGUNILLAS (LAS)
14816;CONCEPCION (LA)
14815;CASTIL DE CAMPOS
14500;PUENTE GENIL
14005;PUENTE GENIL
14540;RAMBLA (LA)
14960;RUTE
14950;LLANOS DE DON JUAN
14150;SAN SEBASTIAN DE LOS BALLESTEROS
14546;SANTAELLA
14547;SANTAELLA
14546;MONTIELA (LA)
14547;GUIJARROSA (LA)
14140;VICTORIA (LA)
14640;VILLA DEL RIO
14940;VILLA DEL RIO
14420;VILLAFRANCA DE CORDOBA
14210;VILLAHARTA
14440;VILLANUEVA DE CORDOBA
14250;VILLANUEVA DEL DUQUE
14230;VILLANUEVA DEL REY
14300;VILLAVICIOSA DE CORDOBA
14470;VISO (EL)
15318;ABEGONDO
15864;PONTE MACEIRA (A)
15228;LAPIDO
15864;AMES
15142;ARTEIXO
15141;SABON
15141;VILARRODIS
15144;LARIN
15140;MEICENDE
15140;GRELA (A)
15810;ARZUA
15819;DOMBODAN
15837;MOLDES
15863;BAÑA (A)
15165;BERGONDIÑO
15300;BETANZOS
15319;BETANZOS-O-VELLO
15319;GUILIADE
15319;VIUXE
15816;CORREDOIRAS
15930;BOIRO
15939;PESQUEIRA
15937;BERMO
15881;SERGUDE
15280;ANXELES (OS), SANTA MARIA-BRION)
15115;CABANA
15622;LARAXE
15121;PONTE DO PORTO
15660;CAMBRE
15181;TELVA (A)
15679;TEMPLE (O)
15650;CECEBRE (SAN SALVADOR)
15181;CAMBRE
15613;NEVES (AS)
15100;CARBALLO
15109;RUS-CARBALLO
15360;CARIÑO
15293;MACEIRAS
15175;CARRAL
15182;CARRAL
15350;CEDEIRA
15359;TRABE
15270;CEE
15270;XALLAS
15185;CERCEDA
15186;TABLILLA
15569;FELGOSAS
15316;COIROS DE ARRIBA
15147;CORISTANCO
15002;CORUÑA (A)
15006;CORUÑA (A)
15004;CORUÑA (A)
15008;CORUÑA (A)
15010;CORUÑA (A)
15011;CORUÑA (A)
15009;CORUÑA (A)
15170;PALAVEA
15190;MESOIRO
15191;BENS
15008;GRELA (LA)
15108;POLIGONO INDUSTRIAL LA GRELA-BENS
15191;POLIGONO DE POCOMACO
15180;ALVEDRO
15670;BURGO (O)
15670;ACEA DE AMA
15174;FONTECULLER
15189;CULLEREDO
15189;LEDOÑO
15310;TEIJEIRO
15310;CURTIS
15981;DODRIÑO
15151;CAMPO DE BERDEOGAS
15500;FENE
15405;FERROL
15404;FERROL
15407;FERROL
15590;CABANA (A)
15405;CATABOIS
15155;FISTERRA
15686;PONTE CARREIRA
15313;PAZO DE IRIXOA (O)
15145;CORGO
15145;LARACHA
15117;LAXE
15113;MALPICA
15837;SAN CIPRIANO
15258;PINO VAL (MAZARICOS)
15800;MELIDE
15807;ALTO
15630;MIÑO
15563;SAN RAMON
15620;MUGARDOS
15250;MUROS
15124;MUXIA
15570;GANDARA
15540;CAMPO DAS RATAS
15570;CADAVAL
15570;GANDARA DE ABAJO
15320;NARON
15570;XUBIA
15578;O'VAL-NARÓN
15510;NEDA
15577;MOURELA ALTA
15830;NEGREIRA
15200;NOIA
15210;ABRUÑEIRAS
15210;ALBARISA
15173;OLEIROS
15171;CAMPAMENTO (O)
15176;VILANOVA
15172;PERILLO
15680;ORDES
15689;MESON DO VENTO
15689;AMEIXEIRA
15688;OROSO PEQUENO
15330;ORTIGUEIRA
15230;OUTES
15380;OZA
15314;TERCIO
15900;PADRON
15917;IRIA FLAVIA
15980;ESCLAVITUD
15887;PAZO
15940;POBRA DO CARAMIÑAL
15110;PONTECESO
15600;PONTEDEUME
15614;CAMPO LONGO
15320;PONTES DE GARCIA RODRIGUEZ (AS) (SANTA MARIA)
15610;GOENTE
15970;PORTO DO SON
15920;RIANXO
15985;TE
15960;SANTA UXIA DE RIBEIRA
15282;MARTELO
15160;SADA
15160;TARABELO
15168;OSEDO
15560;MARQUES DE SAN SADURNIÑO, AVENIDA DO
15560;BIDUEDA
15840;SANTA COMBA
15705;SANTIAGO DE COMPOSTELA
15898;SANTIAGO DE COMPOSTELA
15706;SANTIAGO DE COMPOSTELA
15896;ROXOS
15898;SANTO IGNACIO DO MONTE
15707;SANTIAGO DE COMPOSTELA
15890;SANTIAGO DE COMPOSTELA
15890;BALSOMA
15702;SANTIAGO DE COMPOSTELA
15893;EIXO DE ABAIXO (O)
15701;SANTIAGO DE COMPOSTELA
15899;ROCHA VELLA (A)
15888;POLVEIRA (A)
15897;BRINS
15813;SOBRADO
15866;CASALONGA
15883;RAMALLOSA
15886;TEO
15687;AGRO DO MESTRE
15687;BREA (A)
15873;BEMBIBRE
15871;PORTOMOURO
15872;PARAMOS
15552;VALDOVIÑO
15881;PONTE ULLA
15807;ZANFOGA
15129;VIMIANZO
15850;ZAS
15150;BAIO GRANDE
16620;ALBERCA DE ZANCARA (LA)
16313;ALIAGUILLA
16740;ALMARCHA (LA)
16215;ALMODOVAR DEL PINAR
16431;ALMONACID DEL MARQUESADO
16710;ATALAYA DEL CAÑAVATE
16460;BARAJAS DE MELO
16470;BELINCHON
16740;BELINCHON
16640;BELMONTE
16870;BETETA
16114;BUENACHE DE ALARCON
16210;CAMPILLO DE ALTOBUEY
16555;CARRASCOSA DEL CAMPO
16850;CAÑAVERAS
16537;CAÑAVERUELAS
16300;CAÑETE
16350;CARBONERAS DE GUADAZAON
16373;CARDENETE
16707;CASAS DE BENITEZ
16610;CASAS DE FERNANDO ALONSO
16611;CASAS DE HARO
16612;CASAS DE LOS PINOS
16239;CASASIMARRO
16250;CASTILLEJO DE INIESTA
16623;CASTILLO DE GARCIMUÑOZ
16444;CERVERA DEL LLANO
16190;CHILLARON DE CUENCA
16003;CUENCA
16002;CUENCA
16004;CUENCA
16196;CUENCA
16193;MELGOSA (LA)
16411;FUENTE DE PEDRO NAHARRO
16251;GRAJA DE INIESTA
16290;HERRUMBLAR (EL)
16435;HINOJOSA (LA)
16417;HINOJOSOS (LOS)
16441;HITO (EL)
16730;HONRUBIA
16410;HORCAJO DE SANTIAGO
16500;HUETE
16235;INIESTA
16330;LANDETE
16237;LEDAÑA
16650;MESAS (LAS)
16260;MINGLANILLA
16393;MIRA
16434;MONTALBANEJO
16440;MONTALBO
16630;MOTA DEL CUERVO
16200;MOTILLA DEL PALANCAR
16160;PALOMARES DEL CAMPO
16638;PEDERNOSO (EL)
16660;PEDROÑERAS (LAS)
16240;PERAL (EL)
16708;POZOAMARGO
16212;POZOSECO
16800;PRIEGO
16670;PROVENCIO (EL)
16421;PUEBLA DE ALMENARA
16220;QUINTANAR DEL REY
16430;SAELICES
16318;SALVACAÑETE
16600;SAN CLEMENTE
16770;SAN LORENZO DE LA PARRILLA
16336;SANTA CRUZ DE MOYA
16639;SANTA MARIA DE LOS LLANOS
16621;SANTA MARIA DEL CAMPO RUS
16320;TALAYUELAS
16400;TARANCON
16710;TEBAR
16161;TORREJONCILLO DEL REY
16413;TORRUBIA DEL CAMPO
16150;TRAGACETE
16422;TRESJUNCOS
16813;VALDEOLIVAS
16120;VALERA DE ABAJO
16860;VILLACONEJOS DE TRABAQUE
16647;VILLAESCUSA DE HARO
16236;VILLAGARCIA DEL LLANO
16535;VILLALBA DEL REY
16270;VILLALPARDO
16415;VILLAMAYOR DE SANTIAGO
16230;VILLANUEVA DE LA JARA
16433;VILLAR DE CAÑAS
16432;VILLAREJO DE FUENTES
16771;VILLAREJO-PERIESTEBAN
16442;VILLARES DEL SAZ
16420;VILLARRUBIO
16280;VILLARTA
16111;VILLAVERDE Y PASACONSOL
16771;ZAFRA DE ZANCARA
20809;AIA
20809;ARRUTIEGIA
20140;ANDOAIN
20140;LEIZOTZ
20270;ANOETA
20500;ARRASATE/MONDRAGON
20115;ASTIGARRAGA
20211;SAN MARTIN
20720;AZKOITIA
20730;AZPEITIA
20200;BEASAIN
20570;BERGARA
20570;BASALGO
20820;DEBA
20829;ITZIAR
20009;DONOSTIA-SAN SEBASTIAN
20010;DONOSTIA-SAN SEBASTIAN
20014;DONOSTIA-SAN SEBASTIAN
20002;DONOSTIA-SAN SEBASTIAN
20012;DONOSTIA-SAN SEBASTIAN
20013;DONOSTIA-SAN SEBASTIAN
20015;DONOSTIA-SAN SEBASTIAN
20018;DONOSTIA-SAN SEBASTIAN
20160;ZUBIETA
20017;DONOSTIA-SAN SEBASTIAN
20600;EIBAR
20870;ELGOIBAR
20100;ERRENTERIA
20100;RENTERIA
20540;APOTZAGA
20540;ESKORIATZA
20120;HERNANI
20280;HONDARRIBIA
20213;IDIAZABAL
20303;IRUN
20304;IRUN
20305;IRUN
20305;BIDASOA
20271;IRURA
20249;ITSASONDO
20160;LASARTE
20210;LAZKAO
20230;LEGAZPI
20250;LEGORRETA
20100;LEZO
20830;MUTRIKU
20180;ARRAGUA
20180;ALTZIBAR Y KARRIKA
20180;OIARTZUN
20212;OLABERRIA
20560;OÑATI
20240;ORDIZIA
20110;PASAI SAN PEDRO
20400;TOLOSA
20130;URNIETA
20700;URRETXU
20170;USURBIL
20170;AGINAGA
20150;VILLABONA
20150;AMASA
20800;ZARAUTZ
20740;ZESTOA
20749;ARROA-BEKOA
20750;ZUMAIA
20700;ZUMARRAGA
17181;AIGUAVIVA
17170;AMER
17160;ANGLES
17401;ARBUCIES
17742;AVINYONET DE PUIGVENTOS
17820;BANYOLES
17483;BASCARA
17255;BEGUR
17141;BELLCAIRE D'EMPORDA
17850;BESALU
17162;BESCANO
17100;BISBAL D'EMPORDA(LA)
17723;BIURE
17300;BLANES
17770;BORRASSA
17441;BRUNYOLA
17746;CABANELLES
17488;CADAQUES
17455;CALDES DE MALAVELLA
17251;CALONGE
17534;CAMPELLES
17867;CAMPRODON
17750;CAPMANY
17244;CASSA DE LA SELVA
17486;CASTELLO D'EMPURIES
17249;CASTELL D'ARO
17250;PLATJA D'ARO
17165;CELLERA DE TER (LA)
17460;CELRA
17464;CERVIA DE TER
17121;CORÇA
17130;ESCALA (L')
17469;EL FAR D'EMPORDA
17600;FIGUERES
17484;VILATENIM
17257;FONTANILLES
17111;VULPELLAC
17458;FORNELLS DE LA SELVA
17469;FORTIA
17476;GARRIGAS
17004;GIRONA
17002;GIRONA
17001;GIRONA
17005;GIRONA
17003;GIRONA
17006;GIRONA
17007;GIRONA
17450;HOSTALRIC
17700;LA JONQUERA
17462;JUIA
17240;LLAGOSTERA
17490;LLANÇA
17730;HOSTALETS
17730;LLERS
17527;LLIVIA
17310;LLORET DE MAR
17720;MAÇANET DE CABRENYS
17412;MAÇANET DE LA SELVA
17253;MONT-RAS
17800;OLOT
17600;OLOT
17200;PALAFRUGELL
17230;PALAMOS
17320;PALAMOS
17843;PALOL DE REVARDIT
17494;PAU
17493;PEDRET
17120;PERA (LA)
17172;LES PLANES D'HOSTOLES
17706;PONT DE MOLINS
17834;PORQUERES
17489;PORT DE LA SELVA (EL)
17497;PORTBOU
17178;PRESES (LES)
17520;PUIGCERDA
17242;QUART
17214;REGENCOS
17500;RIPOLL
17421;RIUDARENES
17457;RIUDELLOTS DE LA SELVA
17480;ROSES
17480;CANYELLES-ALMADRAVA-PUIG-ROM
17190;SALT
17451;SANT FELIU DE BUIXALLEU
17220;SANT FELIU DE GUIXOLS
17150;SANT GREGORI
17403;SANT HILARI SACALM
17854;BARRI HOSTAL NOU
17860;ST JOAN DE LES ABADESSES
17857;SANT JOAN LES FONTS
17464;S. JORDI DESVALLS
17470;SANT PERE PESCADOR
17430;SANTA COLOMA DE FARNERS
17246;SANTA CRISTINA D'ARO
17771;SANTA LLOGAIA D'ALGUEMA
17840;SARRIA DE TER
17467;SAUS
17852;SERINYA
17133;SERRA DE DARO
17410;SILS
17257;TORROELLA DE MONTGRI
17320;TOSSA
17140;ULLA
17813;VALL DE BIANYA, LA
17176;BAS
17142;VERGES
17411;VIDRERES
17137;PALAUBORRELL
17137;VILADAMAT
17406;VILADRAU
17469;VILAMALLA
17469;POLIGON EMPORDA INTERNACIONAL
17185;VILOBI D'ONYAR
18220;ALBOLOTE
18518;ALBUÑAN
18700;ALBUÑOL
18760;RABITA (LA)
18770;POZUELO (EL)
18170;ALFACAR
18280;ALGARINEJO
18120;ALHAMA DE GRANADA
18128;VENTAS DE ZAFARRAYA
18620;ALHENDIN
18690;ALMUÑECAR
18697;HERRADURA (LA)
18100;ARMILLA
18007;ARMILLA
18230;ATARFE
18800;BAZA
18500;BAZA
18860;BAUL
18564;BENALUA DE LAS VILLAS
18817;BENAMAUREL
18440;CADIAR
18512;CALAHORRA (LA)
18290;CALICASAS
18565;CAMPOTEJAR
18810;CANILES
18818;CASTILLEJAR
18816;CASTRIL
18190;CENES DE LA VEGA
18330;CHAUCHINA
18194;CHURRIANA DE LA VEGA
18339;CIJUELA
18197;COGOLLOS VEGA
18564;COLOMERA
18813;CUEVAS DEL CAMPO
18850;CULLAR
18181;CULLAR
18859;VERTIENTES (LAS)
18195;CULLAR VEGA
18181;DARRO
18570;DEIFONTES
18180;DIEZMA
18512;DOLAR
18650;DURCAL
18560;DURCAL
18812;FREILA
18340;FUENTE VAQUEROS
18110;GABIA GRANDE
18840;GALERA
18870;GOR
18003;GRANADA
18004;GRANADA
18006;GRANADA
18007;GRANADA
18015;GRANADA
18008;GRANADA
18012;GRANADA
18011;GRANADA
18013;GRANADA
18014;GRANADA
18560;GUADAHORTUNA
18500;GUADIX
18740;CASTELL DE FERRO
18160;GUEJAR-SIERRA
18212;GUEVEJAR
18512;HUENEJA
18830;BARRIO NUEVO
18830;HUESCAR
18183;HUETOR-SANTILLAN
18360;HUETOR-TAJAR
18360;VENTA NUEVA
18198;HUETOR-VEGA
18260;ILLORA
18200;ILLORA
18350;ALOMARTES
18550;IZNALLOZ
18567;DOMINGO PEREZ
18127;JAYENA
18699;JETE
18170;JUN
18327;LACHAR
18420;LANJARON
18656;TALARA
18300;LOJA
18312;LOJA
18311;VENTORROS DE SAN JOSE
18200;MARACENA
18249;PUERTO LOPE
18611;MOLVIZAR
18193;MONACHIL
18270;MONTEFRIO
18561;MONTEJICAR
18566;MONTILLANA
18370;MORALEDA DE ZAFAYONA
18540;MOREDA
18600;MOTRIL
18730;CARCHUNA
18600;PUNTALON
18493;LAROLES
18657;NIGUELAS
18151;OGIJARES
18558;ORCE
18400;ORGIVA
18630;OTURA
18640;PADUL
18411;PAMPANEIRA
18210;PELIGROS
18210;MONTELUZ
18517;PEZA (LA)
18568;PIÑAR
18240;PINOS-PUENTE
18291;CASANUEVA
18250;VALDERRUBIO
18415;PORTUGOS
18820;PUEBLA DE DON FADRIQUE
18820;ALMACILES
18197;PULIANAS
18519;PURULLENA
18310;SALAR
18680;SALOBREÑA
18320;SANTA FE
18101;PURCHIL
18193;PURCHIL
18670;VELEZ DE BENAUDALLA
18131;VENTAS DE HUELMA
18659;CONCHAR
18539;VILLANUEVA DE LAS TORRES
18369;VILLANUEVA MESIA
18128;ZAFARRAYA
18311;ZAGRA
18140;ZUBIA (LA)
18140;BARRICHUELO (EL)
18811;ZUJAR
19260;ALCOLEA DEL PINAR
19268;ALGORA
19490;ALMADRONES
19115;ALMOGUERA
19118;ALMONACID DE ZORITA
19208;ALOVERA
19270;ATIENZA
19200;AZUQUECA DE HENARES
19133;BERNINCHES
19400;BRIHUEGA
19171;CABANILLAS DEL CAMPO
19360;CAMPILLO DE DUEÑAS
19170;CASAR (EL)
19170;COTO (EL)
19160;CLAVIN (EL)
19420;CIFUENTES
19275;CONDEMIOS DE ARRIBA
19186;CUBILLO DE UCEDA (EL)
19192;ESPINOSA DE HENARES
19290;FONTANAR
19001;GUADALAJARA
19004;GUADALAJARA
19193;TARACENA
19005;GUADALAJARA
19002;GUADALAJARA
19220;HUMANES
19240;JADRAQUE
19195;LEDANCA
19280;MARANCHON
19180;MARCHAMALO
19004;MARCHAMALO
19268;MIRABUENO
19300;MOLINA
19110;MONDEJAR
19100;PASTRANA
19162;PIOZ
19161;POZO DE GUADALAJARA
19209;QUER
19120;SACEDON
19262;SAUCA
19250;SIGUENZA
19190;TORIJA
19228;TORRE DEL BURGO
19174;TORREJON DEL REY
19268;TORREMOCHA DEL CAMPO
19192;TRIJUEQUE
19187;UCEDA
19209;VILLANUEVA DE LA TORRE
19111;YEBRA
19210;YUNQUERA DE HENARES
21110;ALJARAQUE
21350;ALMONASTER LA REAL
21730;ALMONTE
21750;ALMONTE
21760;TORRE DE LA HIGUERA O MATALASCAÑAS
21520;ALOSNO
21530;THARSIS
21200;ARACENA
21240;AROCHE
21400;AYAMONTE
21630;BEAS
21647;BERROCAL
21710;BOLLULLOS PAR DEL CONDADO
21830;BONARES
21270;CALA
21300;CALAÑAS
21650;CAMPILLO (EL)
21450;CARTAYA
21320;CERRO DE ANDEVALO (EL)
21891;CHUCENA
21230;CORTEGANA
21390;ENCINASOLA
21870;ESCACENA DEL CAMPO
21500;GIBRALEON
21594;GRANADO (EL)
21220;HIGUERA DE LA SIERRA
21001;HUELVA
21003;HUELVA
21002;HUELVA
21004;HUELVA
21006;HUELVA
21007;HUELVA
21005;HUELVA
21410;ISLA-CRISTINA
21430;REDONDELA (LA)
21440;LEPE
21400;LEPE
21449;TERRON(EL)
21820;LUCENA DEL PUERTO
21890;MANZANILLA
21660;MINAS DE RIOTINTO
21800;MOGUER
21880;MOGUER
21130;MAZAGON
21291;NAVA (LA)
21670;NERVA
21840;NIEBLA
21700;PALMA DEL CONDADO (LA)
21810;PALOS DE LA FRONTERA
21880;PATERNA DEL CAMPO
21560;PAYMOGO
21550;PUEBLA DE GUZMAN
21100;PUNTA UMBRIA
21720;ROCIANA DEL CONDADO
21250;ROSAL DE LA FRONTERA
21510;SAN BARTOLOME DE LA TORRE
21610;SAN JUAN DEL PUERTO
21570;SANTA BARBARA DE CASA
21260;SANTA OLALLA DEL CALA
21620;SANTA OLALLA DEL CALA
21620;TRIGUEROS
21600;VALVERDE DEL CAMINO
21590;VILLABLANCA
21860;VILLALBA DEL ALCOR
21540;VILLANUEVA CASTILLEJOS
21850;VILLARRASA
21640;ZALAMEA LA REAL
22330;AINSA
22534;ALBALATE DE CINCA
22255;ALBERO BAJO
22560;ALCAMPELL
22410;ALCOLEA DE CINCA
22251;ALCUBIERRE
22270;ALMUDEVAR
22145;ALQUEZAR
22540;ALTORRICON
22583;AREN
22800;AYERBE
22234;BALLOBAR
22300;BARBASTRO
22580;BENABARRE
22440;BENASQUE
22350;BIELSA
22630;BIESCAS
22510;BINACED
22500;BINEFAR
22340;BOLTAÑA
22370;BROTO
22450;CAMPO
22591;CANDASNOS
22880;CANFRANC-ESTACION
22480;CAPELLA
22466;CASTEJON DE SOS
22310;CASTEJON DEL PUENTE
22535;ESPLUS
22423;ESTADILLA
22589;ESTOPIÑAN
22422;FONZ
22520;FRAGA
22390;GRADO (EL)
22260;GRAÑEN
22269;MONTESUSIN
22430;GRAUS
22436;VENTAS DE SANTA LUCIA (LAS)
22280;GURREA DE GALLEGO
22210;HUERTO
22003;HUESCA
22006;HUESCA
22004;HUESCA
22197;HUESCA
22090;HUESCA
22483;SERRADUY
22700;JACA
22360;LABUERDA
22214;LALUEZA
22250;LANAJA
22192;LOPORZANO
22400;MONZON
22193;ARASCUES
22232;ONTIÑENA
22532;OSSO DE CINCA
22592;PEÑALBA
22130;PERALTA DE ALCOFEA
22311;PERALTILLA
22751;SANTA ENGRACIA DE JACA
22600;SABIÑANIGO
22004;SABIÑANIGO
22621;HOSTAL DE IPIES
22640;FORMIGAL
22663;TRAMACASTILLA DE TENA
22412;ESTICHE DE CINCA
22413;POMAR DE CINCA
22411;SANTALECINA
22200;SARIÑENA
22439;SECASTILLA
22230;SENA
22120;SIETAMO
22810;ESQUEDAS
22550;TAMARITE DE LITERA
22365;SALINAS
22590;TORRENTE DE CINCA
22255;TORRES DE BARBUES
22255;VALFONDA DE SANTA ANA
22720;HECHO
22870;VILLANUA
22231;VILLANUEVA DE SIGENA
22530;ZAIDIN
23538;ALBANCHEZ DE MAGINA
23680;ALCALA LA REAL
23684;RABITA (LA)
23686;ERMITA NUEVA
23660;ALCAUDETE
23669;BOBADILLA
23669;NOGUERONES
23740;ANDUJAR
23760;ARJONA
23750;ARJONILLA
23230;ARQUILLOS
23340;ARROYO DEL OJANCO
23440;BAEZA
23710;BAILEN
23711;BAÑOS DE LA ENCINA
23280;BEAS DE SEGURA
23537;BEDMAR
23520;BEGIJAR
23568;BELMEZ DE LA MORALEDA
23550;CABRA DEL SANTO CRISTO
23120;CAMBIL
23130;CAMPILLO DE ARENAS
23420;CANENA
23211;CARBONEROS
23192;CARCHELEJO
23191;CARCHEL
23200;CAROLINA (LA)
23260;CASTELLAR
23670;CASTILLO DE LOCUBIN
23470;CAZORLA
23264;CHICLANA DE SEGURA
23477;CHILLUEVAR
23690;FRAILES
23180;FUERTE DEL REY
23170;GUARDIA DE JAEN (LA)
23210;GUARROMAN
23560;HUELMA
23487;HUESA
23450;IBROS
23476;IRUELA (LA)
23338;IZNATORAF
23712;JABALQUINTO
23629;JABALQUINTO
23002;JAEN
23001;JAEN
23009;JAEN
23008;JAEN
23005;JAEN
23000;JAEN
23658;JAMILENA
23530;JIMENA
23500;JODAR
23746;LAHIGUERA
23700;LINARES
23780;LOPERA
23100;MANCHA REAL
23770;MARMOLEJO
23600;MARTOS
23615;MONTE LOPE-ALVAREZ
23620;MENGIBAR
23267;ALDEAHERMOSA
23265;VENTA DE LOS SANTOS
23240;NAVAS DE SAN JUAN
23140;NOALEJO
23370;ORCERA
23460;PEAL DE BECERRO
23110;PEGALAJAR
23790;PORCUNA
23485;POZO ALCON
23350;PUENTE DE GENAVE
23360;PUERTA DE SEGURA (LA)
23480;QUESADA
23430;RUS
23410;SABIOTE
23213;SANTA ELENA
23290;SANTIAGO DE LA ESPADA
23250;SANTISTEBAN DEL PUERTO
23311;SANTO TOME
23293;CORTIJOS NUEVOS
23380;SILES
23270;SORIHUELA DEL GUADALIMAR
23640;TORREDELCAMPO
23510;TORREBLASCOPEDRO
23650;TORREDONJIMENO
23320;TORREPEROGIL
23540;TORRES
23391;TORRES DE ALBANCHEZ
23400;UBEDA
23150;VALDEPEÑAS DE JAEN
23220;VILCHES
23300;VILLACARRILLO
23310;MOGON
23730;VILLANUEVA DE LA REINA
23330;VILLANUEVA DEL ARZOBISPO
23160;VILLARES (LOS)
23630;VILLARGORDO
24796;GRAJAL DE RIBERA
24232;ARDON
24700;ASTORGA
24750;BAÑEZA (LA)
24300;BEMBIBRE
24318;SAN ROMAN DE BEMBIBRE
24850;BOÑAR
24715;COMBARROS
24343;BURGO RANERO (EL)
24224;CABREROS DEL RIO
24540;CACABELOS
24225;CAMPO DE VILLAVIDEL
24410;CAMPONARAYA
24270;VILLANUEVA DE CARRIZO
24123;CARROCERA
24760;CASTROCALBON
24734;NOGAREJAS
24392;CHOZAS DE ARRIBA
24800;CISTIERNA
24950;VIDANES
24161;SAHECHORES DE RUEDA
24492;CUBILLOS DEL SIL
24420;FABERO
24223;FRESNO DE LA VEGA
24286;HOSPITAL DE ORBIGO
24286;PUENTE DE ORBIGO
24234;LAGUNA DE NEGRILLOS
24003;LEON
24001;LEON
24004;LEON
24008;LEON
24007;LEON
24005;LEON
24009;LEON
24010;LEON
24009;ARMUNIA
24192;LEON
24191;LEON
24210;MANSILLA DE LAS MULAS
24217;MANSILLA MAYOR
24231;ONZONILLA
24231;VILORIA DE LA JURISDICCION
24470;PARAMO DEL SIL
24600;POLA DE GORDON (LA)
24400;PONFERRADA
24855;PUEBLA DE LILLO
24380;PUENTE DE DOMINGO FLOREZ
24900;RIAÑO
24794;RIEGO DE LA VEGA
24126;OTERICO
24275;RIOSECO DE TAPIA
24640;ROBLA (LA)
24790;VALCABADO DEL PARAMO
24320;SAHAGUN
24191;SAN ANDRES DEL RABANEDO
24010;TROBAJO DEL CAMINO
24359;SAN CRISTOBAL DE LA POLANTERA
24144;SAN EMILIANO
24290;MATALLANA DE VALMADRIGAL
24795;SANTIBAÑEZ DE LA ISLA
24240;SANTA MARIA DEL PARAMO
24391;SANTOVENIA DE LA VALDONCINA
24121;SARIEGOS DEL BERNESGA
24146;CALDAS DE LUNA
24237;TORAL DE LOS GUZMANES
24450;TORENO
24523;TRABADELO
24285;GAVILANES
24284;ARMELLADA
24248;MANSILLA DEL PARAMO
24227;VALDELAFUENTE
24920;ALDEA DEL PUENTE (LA)
24220;VALDERAS
24880;PUENTE ALMUHEY
24250;FONTECHA
24200;VALENCIA DE DON JUAN
24391;VALVERDE DE LA VIRGEN
24430;VEGA DE ESPINAREDA
24524;PORTELA DE VALCARCE (LA)
24100;VILLABLINO
24212;VILLAGER DE LACIANA
24392;VILLADANGOS DEL PARAMO
24397;VILLADANGOS DEL PARAMO
24560;TORAL DE LOS VADOS
24360;BRAÑUELAS
24369;MANZANAL DEL PUERTO
24234;VILLAMAÑAN
24680;VILLAMANIN DE LA TERCIA
24711;VILLAMEJIL
24225;PALANQUINOS
24235;VILLAQUEJIDA
24008;VILLAQUILAMBRE
24007;VILLAOBISPO DE LAS REGUERAS
24193;VILLAQUILAMBRE
24193;NAVATEJERA
24288;ESTEBANEZ DE LA CALZADA
24350;VEGUELLINA DE ORBIGO
24226;TOLDANOS
24199;CASTRILLO DE LA RIBERA
25691;AGER
25310;AGRAMUNT
25171;ALBATARREC
25135;ALBESA
25180;ALCARRAS
25660;ALCOLETGE
25560;ALCOLETGE
25120;ALFARRAS
25161;ALFES
25130;ALGERRI
25125;ALGUAIRE
25100;ALMACELLES
25126;ALMENAR
25110;ALPICAT
25320;ANGLESOLA
25140;ARBECA
25150;ARTESA DE LLEIDA
25730;ARTESA DE SEGRE
25151;ASPA
25600;BALAGUER
25289;BASSELLA
25549;BAUSEN
25337;BELLCAIRE D'URGELL
25220;BELL-LLOC D'URGELL
25250;BELLPUIG
25250;SEANA
25720;BELLVER DE CERDANYA
25142;BELLVIS
25132;BENAVENT DE SEGRIA
25400;BORGES BLANQUES (LES)
25613;CAMARASA
25154;CASTELLDANS
25200;CERVERA
25793;COLL DE NARGO
25137;CORBINS
25737;CUBELLS
25597;ESPOT
25580;ESTERRI D'ANEU
25244;FONDARELLA
25332;FULIOLA (LA)
25112;GIMENELLS
25241;GOLMES
25218;FONOLLERES
25210;GUISSONA
25260;IVARS D'URGELL
25165;JUNCOSA
25430;JUNEDA
25540;LES
25240;LINYOLA
25186;LLARDECANS
25005;LLEIDA
25195;LLEIDA
25002;LLEIDA
25001;LLEIDA
25191;LLEIDA
25198;BASSES D'ALPICAT (LES)
25195;BASSES D'ALPICAT (LES)
25113;SUCHS
25194;LLEIDA
25192;LLEIDA
25179;MAIALS
25242;MIRALCAMP
25230;MOLLERUSSA
25711;MONTFERRER
25172;MONTOLIU DE LLEIDA
25599;ARTIES
25790;OLIANA
25286;OLIUS
25794;ORGANYA
25243;PALAU D'ANGLESOLA (EL)
25212;PLANS DE SIO (ELS)
25500;POBLA DE SEGUR (LA)
25520;PONT DE SUERT (EL)
25740;PONTS
25721;PRATS
25594;RIALP
25124;ROSSELLO
25270;SANT GUIM DE FREIXENET
25282;SANT LLORENÇ DE MORUNYS
25215;SANT RAMON
25183;SEROS
25700;SEU D'URGELL (LA)
25222;SIDAMON
25280;SOLSONA
25566;SORIGUERA
25560;SORT
25181;SOSES
25173;SUDANELL
25300;TARREGA
25670;TERMENS
25750;TORA
25331;TORNABOUS
25123;TORREFARRERA
25141;TORREGROSSA
25138;TORRELAMEU
25170;TORRES DE SEGRE
25620;TREMP
25633;PALAU DE NOGUERA
25654;VILAMITJANA
25527;BARRUERA
25680;VALLFOGONA DE BALAGUER
25340;VERDU
25530;VIELHA
25539;BETREN
25330;VILAGRASSA
25552;VILALLER
25551;VILAMOS
25690;VILANOVA DE LA BARCA
25245;VILA-SANA
27730;ABADIN
27738;XESTA (A)
27776;ALFOZ
27570;ANTAS DE ULLA
27130;CADAVO (O)
27696;BARALLA
27790;BARREIROS (CASCO URBANO)
27640;BECERREA
27373;BEGONTE
27880;BURELA
27520;BARRELA (A)
27528;CARBALLEDO
27260;CASTRO DE RIBEIRAS DE LEA
27250;CASTRO DE REI
27120;CASTROVERDE
27891;CERVO
27500;CHANTADA
27518;SOBREIRA
27163;CORGO (O)
27164;GOMEAN
27377;MUIMENTA
27112;COSPEITO
27100;FONSAGRADA (A)
27780;FOZ
27220;FRIOL
27300;GUITIRIZ
27211;GUNTIN DE PALLARES
27210;VEIGA (A)
27760;LOURENZA (CASCO URBANO)
27002;LUGO
27004;LUGO
27003;LUGO
27290;LUGO
27297;LUGO
27297;CAL DE PEON
27294;PIUGOS DE PENA
27180;SOÑARIÑO
27160;NADELA
27290;CEAO (O)
27192;MUXA DE ABAIXO
27192;MUXA DE ARRIBA
27298;LUGO
27295;CASTELO
27165;PICATO (EL)
27169;TOLDA (LA)
27297;LOUZANETA
27240;MEIRA
27740;MONDOÑEDO
27400;MONFORTE DE LEMOS
27560;MONTERROSO
27650;PROBA (A)
27150;OUTEIRO DE REI
27200;PALAS DE REI
27430;FERREIRA DE PANTON (CASCO URBANO)
27611;PARADELA
27287;PASTORIZA
27246;REGUEIRA (A)
27670;PEDRAFITA DO CEBREIRO
27279;POL
27720;PONTENOVA (A)
27170;PORTOMARIN
27320;QUIROGA
27370;RABADE
27700;RIBADEO
27710;VILAR
27795;ROCHELA (A)
27744;RODRIGAS (AS)
27620;SAMOS
27600;SARRIA
27392;OURAL (O)
27614;VILAPEDRE
27540;ESCAIRON
27547;VILAESTEVA
27550;TABOADA
27800;VILALBA
27850;VIVEIRO
27863;AREA
27866;LANDROVE (SAN XIAO)
27832;CANDAMIL
27870;XOVE
27877;CAMBA
28864;AJALVIR
28607;ALAMO (EL)
28801;ALCALA DE HENARES
28802;ALCALA DE HENARES
28803;ALCALA DE HENARES
28805;ALCALA DE HENARES
28806;ALCALA DE HENARES
28100;ALCOBENDAS
28108;ALCOBENDAS
28109;ALCOBENDAS
28921;ALCORCON
28922;ALCORCON
28925;ALCORCON
28924;ALCORCON
28095;ALCORCON
28923;ALCORCON
28620;ALDEA DEL FRESNO
28110;ALGETE
28430;ALPEDRETE
28300;ARANJUEZ
28500;ARGANDA
28939;ARROYOMOLINOS (CMA)
28490;BECERRIL DE LA SIERRA
28660;BOADILLA DEL MONTE
28412;CERCEDA
28690;BRUNETE
28730;BUITRAGO DEL LOZOYA
28751;CABRERA (LA)
28640;CADALSO DE LOS VIDRIOS
28510;CAMPO REAL
28978;CASARRUBUELOS
28650;CENICIENTOS
28470;CERCEDILLA
28370;CHINCHON
28350;CIEMPOZUELOS
28863;COBEÑA
28450;COLLADO MEDIANO
28400;COLLADO VILLALBA
28400;VILLALBA DE GUADARRAMA
28380;COLMENAR DE OREJA
28213;COLMENAR DEL ARROYO
28770;COLMENAR VIEJO
28820;COSLADA
28821;COSLADA
28814;DAGANZO DE ARRIBA
28814;FRAILES (LOS)
28280;ESCORIAL (EL)
28595;ESTREMERA
28945;FUENLABRADA
28946;FUENLABRADA
28944;FUENLABRADA
28947;FUENLABRADA
28940;FUENLABRADA
28942;FUENLABRADA
28941;FUENLABRADA
28912;FUENLABRADA
28140;FUENTE EL SAZ DE JARAMA
28597;FUENTIDUEÑA DE TAJO
28260;GALAPAGAR
28420;GALAPAGAR
28901;GETAFE
28905;GETAFE
28904;GETAFE
28903;GETAFE
28909;GETAFE
28906;GETAFE
28909;ALDEHUELA Y LA TORRECILLA (LA)
28971;GRIÑON
28794;GUADALIX DE LA SIERRA
28440;GUADARRAMA
28755;HORCAJO DE LA SIERRA
28240;HOYO DE MANZANARES
28970;HUMANES DE MADRID
28912;LEGANES
28911;LEGANES
28914;LEGANES
28913;LEGANES
28914;BUTARQUE
28918;LEGANES
28917;FORTUNA
28917;LEGANES
28890;LOECHES
28890;CABALLO (EL)
28742;LOZOYA
28752;LOZOYUELA
28008;MADRID
28005;MADRID
28015;MADRID
28012;MADRID
28055;MADRID
28045;MADRID
28031;MADRID
28007;MADRID
28001;MADRID
28016;MADRID
28006;MADRID
28028;MADRID
28036;MADRID
28002;MADRID
28050;MADRID
28039;MADRID
28003;MADRID
28040;MADRID
28020;MADRID
28029;MADRID
28010;MADRID
28048;MADRID
28049;MADRID
28034;MADRID
28000;MADRID
28023;MADRID
28035;MADRID
28041;MADRID
28018;MADRID
28021;MADRID
28033;MADRID
28032;MADRID
28042;MADRID
28011;MADRID
28038;MADRID
28047;MADRID
28026;MADRID
28024;MADRID
28025;MADRID
28044;MADRID
28054;MADRID
28019;MADRID
28022;MADRID
28053;MADRID
28051;MADRID
28030;MADRID
28017;MADRID
28027;MADRID
28037;MADRID
28043;MADRID
28052;MADRID
28220;MAJADAHONDA
28410;MANZANARES EL REAL
28880;MECO
28840;MEJORADA DEL CAMPO
28792;MIRAFLORES DE LA SIERRA
28710;MOLAR (EL)
28950;MORALEJA DE ENMEDIO
28411;MORALZARZAL
28530;MORATA DE TAJUÑA
28931;MOSTOLES
28934;MOSTOLES
28935;MOSTOLES
28933;MOSTOLES
28935;NIEVES (LAS)
28937;MOSTOLES
28936;MOSTOLES
28938;MOSTOLES
28491;NAVACERRADA
28600;NAVALCARNERO
28695;NAVAS DEL REY
28514;NUEVO BAZTAN
28570;ORUSCO
28860;PARACUELLOS DE JARAMA
28860;AVALON (EL)
28980;PARLA
28983;PARLA
28696;PELAYOS DE LA PRESA
28540;PERALES DE TAJUÑA
28812;PEZUELA DE LAS TORRES
28320;PINTO
28223;POZUELO DE ALARCON
28224;POZUELO DE ALARCON
28740;RASCAFRIA
28529;RIVAS-VACIAMADRID
28522;RIVAS-VACIAMADRID
28294;ROBLEDO DE CHAVELA
28230;ROZAS DE MADRID (LAS)
28750;SAN AGUSTIN DEL GUADALIX
28830;SAN FERNANDO DE HENARES
28830;CAMPITO (EL)
28200;SAN LORENZO DE EL ESCORIAL
28330;SAN MARTIN DE LA VEGA
28680;SAN RAMON
28680;SAN MARTIN DE VALDEIGLESIAS
28700;SAN SEBASTIAN DE LOS REYES
28297;PARADILLA (LA)
28737;SERNA DEL MONTE (LA)
28609;SEVILLA LA NUEVA
28756;SOMOSIERRA
28791;SOTO DEL REAL
28850;TORREJON DE ARDOZ
28850;BASE AEREA
28991;TORREJON DE LA CALZADA
28990;TORREJON DE VELASCO
28180;TORRELAGUNA
28250;TORRELODONES
28813;TORRES DE LA ALAMEDA
28760;TRES CANTOS
28210;VALDEMORILLO
28340;VALDEMORO
28340;VALMOR-ROMPECUBAS
28150;VALDETORRES DE JARAMA
28891;VELILLA DE SAN ANTONIO
28729;VENTURADA
28630;VILLA DEL PRADO
28360;VILLACONEJOS
28810;VILLALBILLA
28610;VILLAMANTA
28691;VILLANUEVA DE LA CAÑADA
28609;VILLANUEVA DE PERALES
28229;VILLANUEVA DEL PARDILLO
28590;VILLAREJO DE SALVANES
28670;VILLAVICIOSA DE ODON
29530;ALAMEDA
29194;ALFARNATE
29750;ALGARROBO
29130;ALHAURIN DE LA TORRE
29120;ALHAURIN EL GRANDE
29330;ALMARGEN
29500;ALORA
29567;ALOZAINA
29200;ANTEQUERA
29230;VILLANUEVA CONCEPCION
29300;ARCHIDONA
29550;ARDALES
29350;ARRIATE
29639;BENALMADENA
29631;BENALMADENA
29630;BENALMADENA
29631;ARROYO DE LA MIEL-BENALMADENA COSTA
29630;ARROYO DE LA MIEL-BENALMADENA COSTA
29719;BENAMOCARRA
29370;BENAOJAN
29420;BURGO (EL)
29320;CAMPILLOS
29340;CAÑETE LA REAL
29570;CARTAMA
29160;CASABERMEJA
29566;CASARABONELA
29690;CASARES
29100;COIN
29170;COLMENAR
29754;COMPETA
29380;CORTES DE LA FRONTERA
29220;CUEVAS BAJAS
29210;CUEVAS DE SAN MARCOS
29470;CUEVAS DEL BECERRO
29680;ESTEPONA
29693;BUENAS NOCHES
29688;CANCELADA
29680;LOMA DEL MONTE
29640;FUENGIROLA
29520;FUENTE DE PIEDRA
29480;GAUCIN
29108;GUARO
29531;HUMILLADERO
29015;MALAGA
29016;MALAGA
29014;MALAGA
29018;MALAGA
29017;MALAGA
29004;MALAGA
29011;MALAGA
29007;MALAGA
29010;MALAGA
29190;MALAGA
29006;MALAGA
29590;CAMPANILLAS
29196;MALAGA
29002;MALAGA
29003;MALAGA
29691;MANILVA
29600;MARBELLA
29670;SAN PEDRO DE ALCANTARA
29370;SAN PEDRO DE ALCANTARA
29660;NUEVA ANDALUCIA
29670;MARBELLA
29603;MARBELLA
29650;MIJAS
29649;MIJAS
29650;LAGUNAS (LAS)
29650;CALAHONDA-CHAPARRAL
29649;OSUNILLAS-PEÑA BLANQUILLA
29532;MOLLINA
29110;MONDA
29780;NERJA
29610;OJEN
29451;PARAUTA
29710;PERIANA
29560;PIZARRA
29569;CERRALBA
29730;RINCON DE LA VICTORIA
29720;CALA DEL MORAL (LA)
29180;RIOGORDO
29400;RONDA
29430;MONTECORTO
29752;CORUMBELA
29328;SIERRA DE YEGUAS
29327;TEBA
29620;TORREMOLINOS
29770;TORROX
29793;TORROX-COSTA
29240;VALLE DE ABDALAJIS
29700;VELEZ-MALAGA
29740;TORRE DEL MAR
29792;CAJIZ
29719;TRAPICHE
29310;VILLANUEVA DE ALGAIDAS
29315;VILLANUEVA DE TAPIA
29312;VILLANUEVA DEL ROSARIO
29313;VILLANUEVA DEL TRABUCO
29713;VIÑUELA
29410;YUNQUERA
52001;MELILLA
52005;MELILLA
52006;MELILLA
30640;ABANILLA
30550;ABARAN
30880;AGUILAS
30820;ALCANTARILLA
30520;ALCANTARILLA
30710;ALCAZARES (LOS)
30859;ALEDO
30560;ALGUAZAS
30840;ALHAMA DE MURCIA
30600;ARCHENA
30609;ARCHENA
30130;BENIEL
30540;BLANCA
30180;BULLAS
30420;CALASPARRA
30400;CARAVACA DE LA CRUZ
30410;BENABLON
30400;BENABLON
30412;BARRANDA
30410;ALMUDEMA (LA)
30202;CARTAGENA
30203;CARTAGENA
30204;CARTAGENA
30205;CARTAGENA
30380;FERRIOL (EL)
30392;TORRECIEGA
30202;SANTA LUCIA
30366;ALGAR (EL)
30385;BELONES (LOS)
30370;CABO DE PALOS
30370;MANGA DEL MAR MENOR (LA)
30330;ALBUJON
30390;ALJORRA (LA)
30395;PUEBLA (LA)
30395;APARECIDA (LA)
30594;POZO ESTRECHO
30593;PALMA (LA)
30369;CAMACHOS (LOS)
30300;VEREDA (LA)
30310;SAN ANTONIO ABAD
30393;MOLINOS MARFAGONES
30396;CUESTA BLANCA DE ABAJO
30394;CANTERAS
30310;DOLORES (LOS)
30393;PATOJOS (LOS)
30393;CARTAGENA
30280;TORRECIEGA
30200;CARTAGENA
30310;CARTAGENA
30319;CARTAGENA
30430;CEHEGIN
30439;CANARA
30562;CEUTI
30563;TORRAOS (LOS)
30530;CIEZA
30530;VENTA DEL OLIVO
30620;FORTUNA
30320;FUENTE ALAMO
30320;ALMAGROS (LOS)
30332;BALSAPINTADA
30520;JUMILLA
30892;LIBRILLA
30800;LORCA
30816;HOYA (LA)
30876;ERMITA DEL RAMONETE
30813;PURIAS
30813;ABADES (LOS) Y LAS NORIAS
30813;LA CAMPANA
30800;ZARCILLA DE RAMOS
30812;PACA (LA)
30817;TORRECILLA
30815;LORCA
30564;LORQUI
30870;MAZARRON
30876;IFRE-CAÑADA DE GALLEGO
30860;PUERTO DE MAZARRON
30868;PUERTO DE MAZARRON
30876;CAZADORES
30500;MOLINA DE SEGURA
30509;LLANO (EL)
30509;MOLINA DE SEGURA
30509;ROMERAL
30440;MORATALLA
30170;MULA
30194;NIÑO (EL)
30193;YECHAR
30009;MURCIA
30100;MURCIA
30008;MURCIA
30005;MURCIA
30007;MURCIA
30002;MURCIA
30006;MURCIA
30001;MURCIA
30010;MURCIA
30011;MURCIA
30012;MURCIA
30100;PUNTAL (EL)
30110;CHURRA
30110;CABEZO DE TORRES
30163;ESPARRAGAL
30163;COBATILLAS
30160;MONTEAGUDO
30007;CASILLAS (LUGAR DE) O ERMITA DE BUENDIA
30161;HUERTA DE LLANO DE BRUJAS
30139;HUERTA DEL RAAL
30833;SANGONERA LA VERDE O ERMITA NUEVA
30169;SAN GINES
30120;PALMAR O LUGAR D. JUAN
30150;ALBERCA DE LAS TORRES
30150;HUERTA DE LA ALBERCA
30151;ALBERCA DE LAS TORRES
30157;ALGEZARES
30011;DOLORES (LOS)
30158;GARRES (LOS)
30570;BENIAJAN
30579;TORREAGUERA
30589;HUERTA Y CAMPO DE LOS RAMOS
30580;ALQUERIAS
30837;CAÑADA HERMOSA
30832;JAVALI NUEVO
30830;JERONIMOS (LOS)
30107;GUADALUPE DE MACIASCOQUE
30107;AGRIDULCE
30166;NONDUERMAS
30152;RINCON DEL MERINO
30168;ERA ALTA
30153;CORVERA
30155;BAÑOS Y MENDIGO
30590;SUCINA
30100;ESPINARDO
30015;MURCIA
30835;SANGONERA LA SECA
30153;BAÑOS Y MENDIGO
30011;BENIAJAN
30100;CABEZO CORTADO
30120;MURCIA
30155;MURCIA
30176;PLIEGO
30890;PUERTO LUMBRERAS
30891;ESPARRAGAL
30730;SAN JAVIER
30370;SAN JAVIER
30739;SAN JAVIER
30720;SANTIAGO DE LA RIBERA
30740;SAN PEDRO DEL PINATAR
30740;IMBERNONES (LOS)
30140;SANTOMERA
30700;TORRE-PACHECO
30591;BALSICAS
30709;ROLDAN
30739;DOLORES
30592;SAN CAYETANO
30708;JIMENADO
30565;TORRES DE COTILLAS (LAS)
30850;TOTANA
30858;PARETON
30360;UNION (LA)
30510;YECLA
31523;ABLITAS
31460;AIBAR
31262;ALLO
31800;ALTSASU/ALSASUA
31272;ZUDAIRE
31261;ANDOSILLA
31013;ANSOAIN
31798;BURUTAIN
31430;AOIZ/AGOITZ
31891;ARRIBE
31868;ETXARREN
31192;MUTILVA BAJA/MUTILOABEITI
31192;ARANGUREN
31192;TAJONAR/TAXOARE
31210;ARCOS (LOS)
31513;ARGUEDAS
31671;ARIBE
31243;ARRONIZ
31140;ARTAJONA
31560;AZAGRA
31010;BARAÑAIN
31395;BARASOAIN
31713;ARIZKUN
31700;ELIZONDO
31794;ARRAIOZ
31720;MUGAIRI(ORONOZ)
31780;BERA / VERA DE BIDASOA
31252;BERBINZANA
31191;BERIAIN
31195;BERIAIN
31195;AIZOAIN
31195;BERRIOPLANO
31013;ARTICA
31013;BERRIOZAR
31792;LEGASA
31540;BUÑUEL
31600;BURLADA/BURLATA
31511;CABANILLAS
31515;CADREITA
31380;CAPARROSO
31579;CARCAR
31310;CARCASTILLO
31311;FIGAROL
31520;CASCANTE
31490;CASEDA
31590;CASTEJON
31592;CINTRUENIGO
31190;GAZOLAZ
31591;CORELLA
31530;CORTES
31740;DONEZTEBE/SANTESTEBAN
31486;ALZUZA
31486;EGUES
31620;OLAZ
31694;AURIZBERRI / ESPINAL
31200;ESTELLA O LIZARRA
31699;OLLOKI
31639;SAIGOTS
31638;EUGI
31760;ETXALAR
31820;ETXARRI-ARANATZ
31194;ORICAIN
31370;FALCES
31593;FITERO
31512;BOCAL (EL)
31512;FONTELLAS
31360;FUNES
31510;FUSTIÑANA
31191;BARBATAIN
31191;CORDOVILLA
31191;SALINAS DE PAMPLONA
31620;HUARTE
31860;IRURTZUN
31892;SARASATE
31892;ZUASTI
31798;LANTZ
31251;LARRAGA
31877;GORRITI
31878;MUGIRO
31133;LEGARDA
31880;LEITZA
31260;LERIN
31770;LESAKA
31487;LIEDENA
31440;LUMBIER
31669;AZOLETA
31660;LUZAIDE/VALCARLOS
31340;MARCILLA
31382;MELIDA
31587;MENDAVIA
31282;ACEDO
31150;MENDIGORRIA
31320;MILAGRO
31253;MIRANDA DE ARGA
31264;MORENTIN
31521;MURCHANTE
31313;MURILLO EL FRUTO
31470;ELORZ/ELORTZ
31119;IMARCOAIN
31110;NOAIN
31809;OLAZTI/OLAZAGUTIA
31390;OLITE
31170;ARAZURI
31160;ORCOYEN
31451;ORONZ
31250;OTEIZA
31001;PAMPLONA/IRUÑA
31012;PAMPLONA/IRUÑA
31014;PAMPLONA/IRUÑA
31008;PAMPLONA/IRUÑA
31007;PAMPLONA/IRUÑA
31006;PAMPLONA/IRUÑA
31013;PAMPLONA/IRUÑA
31080;PAMPLONA/IRUÑA
31350;PERALTA
31100;PUENTE LA REINA/GARES
31550;RIBAFORADA
31570;SAN ADRIAN
31400;SANGUESA
31314;SANTACARA
31589;SARTAGUDA
31293;SESMA
31300;TAFALLA
31398;TIEBAS
31500;TUDELA
31496;UJUE
31797;IRAIZOTZ
31712;DANTXARINEA
31711;LANDIBAR
31711;URDAZUBI / URDAX
31416;URZAINQUI
31514;VALTIERRA
31230;VIANA
31330;VILLAFRANCA
31610;VILLAVA O ATARRABIA
31177;AZCONA
31809;ZIORDIA
31180;ZIZUR MAYOR/ZIZUR NAGUSIA
32435;AVION (OURENSE)
32840;BANDE
32890;BARBADAS
32300;BARCO (O)
32431;BEADE
32373;BOLO (O)
32500;CARBALLIÑO
32824;OUTOMURO
32430;FRIEIRA (A)
32760;CASTRO DE CALDELAS (O)
32800;CELANOVA
32100;GUSTEI
32100;CAMBEO
32152;COLES
32200;CORTEGADA
32689;CUALEDRO
32860;ENTRIMO (CAPITAL)
32540;GUDIÑA (A)
32547;EROSA
32897;CONCHAS (AS)
32700;MACEDA
32411;MELON
32830;MERCA (A)
32590;A MEZQUITA
32160;NOGUEIRA
32613;OIMBRA
32005;OURENSE
32003;OURENSE
32004;OURENSE
32960;VELLE
32002;OURENSE
32970;SEIXALBO
32001;OURENSE
32593;SANTA CRUZ
32220;PONTEBARXAS
32710;PEREIRO DE AGUIAR (O)
32792;DERRASA (A)
32792;MEDORRA (A)
32150;PEROXA (A)
32138;REINO (O)
32780;POBRA DE TRIVES
32593;RAMIRAS
32811;RAMIRAS
32400;RIBADAVIA
32611;RIOS
32350;RUA DE VALDEORRAS (A)
32911;SAN CIBRAO DAS VIÑAS
32901;POLIGONO INDUSTRIAL
32901;REBOREDO
32910;INFESTA (SAN CIBRAO DAS VIÑAS)
32130;CEA
32690;TABOADELA
32695;TRASMIRAS
32694;ABAVIDES
32360;VEIGA (A)
32813;VEREA
32600;VERIN
32619;PAZOS
32699;FECES DE ABAIXO
32550;VIANA DO BOLO
32102;TAMALLANCOS
32340;VILAMARTIN DE VALDEORRAS
32630;XINZO DE LIMIA
34800;AGUILAR DE CAMPOO
34810;AGUILAR DE CAMPOO
34480;ALAR DEL REY
34815;BECERRIL DEL CARPIO
34420;AMUSCO
34450;ASTUDILLO
34240;BALTANAS
34820;BARRUELO DE SANTULLAN
34470;BUENAVISTA DE VALDAVIA
34120;CARRION DE LOS CONDES
34840;CERVERA DE PISUERGA
34218;CEVICO DE LA TORRE
34210;DUEÑAS
34889;FRESNO DEL RIO
34440;FROMISTA
34337;FUENTES DE NAVA
34192;GRIJOTA
34880;GUARDO
34400;HERRERA DE PISUERGA
34220;MAGAZ DE PISUERGA
34460;OSORNO
34469;SANTILLANA DE CAMPOS
34001;PALENCIA
34005;PALENCIA
34003;PALENCIA
34004;PALENCIA
34300;PAREDES DE NAVA
34250;QUINTANA DEL PUENTE
34100;SALDAÑA
34885;SANTIBAÑEZ DE LA PEÑA
34230;TORQUEMADA
34200;VENTA DE BAÑOS
34340;VILLADA
34479;VILLAHERREROS
34190;VILLAMURIEL DE CERRATO
34340;VILLARRAMIEL
34140;VILLARRAMIEL
34257;VILLODRIGO
34131;VILLOLDO
35480;AGAETE
35260;AGUIMES
35118;CRUCE DE ARINAGA
35118;POLIGONO RESIDENCIAL DE ARINAGA
35117;AGUIMES
35119;AGUIMES
35118;AGUIMES
35470;SAN NICOLAS DE TOLENTINO
35610;CASTILLO (EL)
35639;ANTIGUA
35610;CALETA DE FUSTE
35500;ARRECIFE
35509;ARRECIFE
35350;ARTENARA
35400;ARUCAS
35412;ARUCAS
35411;SANTIDAD
35412;CASTILLOS (LOS)
35019;ARUCAS
35414;ARUCAS
35431;FIRGAS
35460;GALDAR
35469;PUERTO DE SARDINA
35488;SAN ISIDRO
35488;MARMOLEJOS
35520;HARIA
35542;ARRIETA
35250;INGENIO
35240;CARRIZAL
35140;MOGAN
35140;ALMACIGOS (LOS)
35120;ARGUINEGUIN
35130;PUERTO RICO
35421;BARRANCO DEL LAUREL
35413;MOYA
35640;OLIVA (LA)
35660;CORRALEJO
35628;PAJARA
35627;COSTA CALMA
35625;MORRO JABLE
35001;PALMAS DE GRAN CANARIA (LAS)
35015;PALMAS DE GRAN CANARIA (LAS)
35018;PALMAS DE GRAN CANARIA (LAS)
35016;PALMAS DE GRAN CANARIA (LAS)
35008;PALMAS DE GRAN CANARIA (LAS)
35002;PALMAS DE GRAN CANARIA (LAS)
35003;PALMAS DE GRAN CANARIA (LAS)
35014;PALMAS DE GRAN CANARIA (LAS)
35017;PALMAS DE GRAN CANARIA (LAS)
35013;PALMAS DE GRAN CANARIA (LAS)
35019;PALMAS DE GRAN CANARIA (LAS)
35004;PALMAS DE GRAN CANARIA (LAS)
35005;PALMAS DE GRAN CANARIA (LAS)
35010;PALMAS DE GRAN CANARIA (LAS)
35018;TAMARACEITE
35007;PALMAS DE GRAN CANARIA (LAS)
35012;PALMAS DE GRAN CANARIA (LAS)
35011;PALMAS DE GRAN CANARIA (LAS)
35018;ALMATRICHE
35010;ALMATRICHE
35019;MONTAÑETA (LA)
35459;PALMAS DE GRAN CANARIA (LAS)
35600;PUERTO DEL ROSARIO
35610;PUERTO DEL ROSARIO
35550;SAN BARTOLOME
35509;PLAYA HONDA
35100;SAN FERNANDO
35100;MASPALOMAS
35109;TABLERO (EL)
35108;SAN BARTOLOME TIRAJANA
35107;SAN BARTOLOME TIRAJANA
35290;SAN BARTOLOME TIRAJANA
35100;SAN BARTOLOME TIRAJANA
35300;SANTA BRIGIDA
35280;SANTA LUCIA
35110;SANTA LUCIA
35110;VECINDARIO
35110;DOCTORAL (EL)
35110;CASA PASTORES
35450;SANTA MARIA DE GUIA
35458;SANTA MARIA DE GUIA
35458;BARRANQUILLO FRIO
35530;VILLA DE TEGUISE
35509;VILLA DE TEGUISE
35544;GUATIZA
35509;COSTA TEGUISE
35000;TEGUISE
35110;TEGUISE
35360;TEJEDA
35000;TELDE
35200;TELDE
35220;TELDE
35220;JINAMAR
35201;PARDILLA (LA)
35213;SAN ANTONIO
35212;GARITA (LA)
35215;GORO (EL)
35217;GORO (EL)
35219;TELDE
35214;EL CALERO-TELDE
35330;TEROR
35572;TIAS
35510;PUERTO DEL CARMEN
35571;MACHER
35550;TINAJO
35628;TUINEJE
35620;GRAN TARAJAL
35627;TARAJALEJO
35340;VALLESECO
35217;VALSEQUILLO
35320;VEGA DE SAN MATEO
35570;YAIZA
35570;PLAYA BLANCA
36520;AGOLADA
36528;MARCELIN
36430;ARBO
36300;BAIONA
36191;BARRO
36692;CURRO
36939;SABARIGO
36615;CALCOTE
36653;SEGAD
36659;PARADELA
36659;CALDAS DE REIS
36630;CAMBADOS
36639;XESTEIRA (A)
36634;LAXES (AS)
36110;LAMEIRO
36940;CANGAS
36880;CAÑIZA (A)
36883;VALEIXE
36612;BAIUCA
36130;CERDEDO
36120;CALVELO
36877;PORTOCORTIÑAS
36670;CUNTIS
36518;DOZON
36680;ESTRADA (A)
36588;LOIMIL DO CARBALLO
36550;FORCAREI
36556;PORTELA
36380;GONDOMAR
36380;MAÑOFRE-FONTAN
36980;GROVE (O)
36780;GUARDA (A)
36789;SALCIDOS
36789;PINTAN
36500;LALIN
36519;GRESANDE
36519;VILATUXE
36596;CERCIO
36900;MARIN
36913;SEIXO
36968;PAZO (O)
36967;PONTE DENA
36616;GOULLA (A)
36616;VILANOVIÑA
36950;MOAÑA
36957;DOMAIO
36890;MONDARIZ-BALNEARIO
36660;SANTA LUCIA DE MORAÑA
36415;POMBAL
36311;PARDELLAS
36416;VEIGADAÑA
36416;PORTELA
36418;MOS
36416;TAMEIGA (SAN MARTIÑO)
36440;NEVES (AS)
36350;BARXA
36350;OUTEIRO
36391;PRIEGUE
36309;VILLADESUSO
36163;POIO DE ARRIBA
36992;RAXO
36994;POIO
36820;PONTECALDELAS
36828;TOURON
36860;PONTEAREAS
36640;PONTECESURES
36001;PONTEVEDRA
36005;PONTEVEDRA
36004;PONTEVEDRA
36153;PONTEVEDRA
36162;PONTEVEDRA
36164;MOURENTE
36152;ERMIDA (A)
36157;PONTEVEDRA
36154;PINO BORA
36143;SALCEDO (SAN MARTIÑO)
36400;PORRIÑO (O)
36418;CASILLA
36470;PORRIÑO (O)
36418;ATIOS
36658;SALNES
36800;REDONDELA
36811;TRASMAÑO
36636;CABANELAS
36636;RIBADUMIA
36530;RODEIRO
36473;SALCEDA DE CASELAS
36458;GRIXO
36459;SALVATERRA DE MIÑO
36450;SALVATERRA DE MIÑO
36960;SANXENXO
36966;SANXENXO
36969;VINQUIÑO
36637;SANXENXO
36547;SIADOR
36540;SILLEDA
36570;BANDEIRA
36453;SILLEDA
36790;TORRON
36740;TOMIÑO
36700;TUI
36711;ANTA
36720;PUENTE NUEVO
36647;COTO (O)
36202;VIGO
36201;VIGO
36213;VIGO
36203;VIGO
36204;VIGO
36214;VIGO
36208;VIGO
36210;VIGO
36207;VIGO
36209;VIGO
36216;VIGO
36213;CASTRO
36213;COMESAÑA
36330;ABAD
36330;VERDEAL
36318;VIGO
36390;VIGO
36318;CABRAL-IGLESIA
36590;VILA DE CRUCES
36141;VILABOA
36600;VILAGARCIA
36618;VILAGARCIA DE AROUSA
36619;VILAGARCIA DE AROUSA
36618;BAMIO
36620;VILANOVA DE AROUSA
36628;DEIRO
36629;CALEIRO
36629;TERRON (O)
26509;AGONCILLO
26509;RECAJO
26120;ALBELDA DE IREGUA
26141;ALBERITE
26509;ALCANADRE
26559;ALDEANUEVA DE EBRO
26540;ALFARO
26111;ALFARO
26580;ARNEDO
26509;ARNEDO
26560;AUTOL
26257;BAÑARES
26320;BAÑOS DE RIO TOBIA
26500;CALAHORRA
26350;CENICERO
26520;CERVERA DEL RIO ALHAMA
26214;CUZCURRITA-RIO TIRON
26360;FUENMAYOR
26200;HARO
26223;HORMILLA
26140;LARDERO
26004;LOGROÑO
26006;LOGROÑO
26007;LOGROÑO
26000;LOGROÑO
26143;MURILLO DE RIO LEZA
26300;NAJERA
26190;NALDA
26510;PRADEJON
26570;QUEL
26146;REDAL (EL)
26550;RINCON DE SOTO
26340;SAN ASENSIO
26338;SAN VICENTE DE LA SONSIERRA
26210;TIRGO
26142;PUENTE MADRE
26123;VILLANUEVA DE CAMEROS
26225;VILLAR DE TORRE
26325;VINIEGRA DE ABAJO
37800;ALBA DE TORMES
37624;ALBERCA (LA)
37350;ALDEALENGUA
37429;ALDEANUEVA DE FIGUEROA
37187;ALDEATEJADA
37460;ALDEHUELA DE LA BOVEDA
37796;ARAPILES
37796;TORRES (LAS)
37255;BARRUECOPARDO
37700;BEJAR
37789;CUATRO CALZADAS
37193;CABRERIZOS
37181;CALVARRASA DE ABAJO
37191;CALVARRASA DE ARRIBA
37797;CALZADA DE VALDUNCIEL
37405;CANTALPINO
37188;CARBAJOSA DE LA SAGRADA
37900;CARBAJOSA DE LA SAGRADA
37439;CASTELLANOS DE MORISCOS
37500;CIUDAD RODRIGO
37593;VALDECARPINTEROS
37893;ENCINAS DE ABAJO
37497;ESPEJA
37200;FUENTE DE SAN ESTEBAN (LA)
37481;FUENTES DE OÑORO
37480;NUEVO POBLADO
37449;MONTE LA RAD
37770;GUIJUELO
37100;LEDESMA
37760;LINARES DE RIOFRIO
37240;LUMBRALES
37893;FRANCOS VIEJO
37310;MACOTERA
37494;CASTILLEJO DE YELTES
37494;MARTIN DE YELTES
37251;MASUECO
37795;MONTEJO
37427;PEDROSILLO EL RALO
37300;PEÑARANDA DE BRACAMONTE
37720;PUERTO DE BEJAR
37521;ROBLEDA
37130;ROBLIZA DE COJOS
37004;SALAMANCA
37005;SALAMANCA
37007;SALAMANCA
37008;SALAMANCA
37003;SALAMANCA
37009;SALAMANCA
37470;SANCTI-SPIRITUS
37900;SANTA MARTA DE TORMES
37600;TAMAMES
37881;VALDECARROS
37450;VECINOS
37406;VILLAFLORES
37185;VILLAMAYOR
37147;VILLAR DE PERALONSO
37184;VILLARES DE LA REINA
37184;POLIGONO INDUSTRIAL LOS VILLARES
37184;FUENTE SERRANA
37189;ALDEASECA DE ARMUÑA
37130;VILLARMAYOR
37339;VILLORIA
37210;VITIGUDINO
38670;ADEJE
38660;FAÑABE
38660;PLAYA DE LAS AMERICAS
38678;ARMEÑIME
38677;TIJOCO BAJO
38660;CALDERA (LA)
38678;ADEJE
38812;ALAJERO
38550;ARAFO
38550;HIDALGA (LA)
38589;ARICO NUEVO
38588;PORIS DE ABONA
38260;ARICO
38640;ARONA
38649;ARONA
38627;CAMELLA(LA)
38626;VALLE DE SAN LORENZO
38626;CABO BLANCO
38650;CRISTIANOS(LOS)
38660;PLAYA DE LAS AMERICAS (ARONA)
38630;COSTA DEL SILENCIO
38627;ARONA
38726;BARLOVENTO
38710;SAN PEDRO DE BREÑA ALTA
38710;BREÑA
38712;BREÑA ALTA
38480;BUENAVISTA DEL NORTE
38530;CANDELARIA
38530;CALETILLAS (LAS)
38510;BARRANCO HONDO
38570;FASNIA
38914;PINAR (EL)
38911;FRONTERA
38740;FUENCALIENTE
38450;GARACHICO
38787;GARAFIA
38616;GRANADILLA DE ABONA
38600;GRANADILLA DE ABONA
38611;SAN ISIDRO
38612;MEDANO (EL)
38610;AEROPUERTO REINA SOFIA (SANTA CRUZ DE TENERIFE)
38440;GUANCHA (LA)
38437;SANTO DOMINGO
38680;GUIA DE ISORA
38689;CHIO
38685;GUIA DE ISORA
38687;PLAYA DE SAN JUAN
38686;ALCALA
38500;GÜIMAR
38591;ESCOBONAL (EL)
38820;HERMIGUA
38430;ICOD DE LOS VINOS
38760;LLANOS DE ARIDANE (LOS)
38370;MATANZA DE ACENTEJO (LA)
38370;GUIA
38300;OROTAVA (LA)
38312;SAN JERONIMO
38312;ARENAS (LAS)
38315;PERDOMA (LA)
38315;OROTAVA (LA)
38750;PASO (EL)
38400;PUERTO DE LA CRUZ
38789;PUNTAGORDA
38715;PUNTALLANA
38410;REALEJOS (LOS)
38419;REALEJOS (LOS)
38413;CRUZ SANTA
38414;ICOD EL ALTO
38415;PALO BLANCO-LLANADAS
38109;SAN ISIDRO
38420;ROSARIO (EL)
38720;SAUCES (LOS)
38205;SAN CRISTOBAL
38295;SAN CRISTOBAL
38206;SAN CRISTOBAL
38208;SAN CRISTOBAL
38320;CUESTA, LA
38206;CUESTA, LA
38108;TACO
38296;GENETO
38291;BALDIOS, LOS
38330;GUAMASA
38270;VALLE DE GUERRA
38260;TEJINA
38250;BAJAMAR
38200;LA LAGUNA
38108;LA LAGUNA
38203;LA LAGUNA
38204;LA LAGUNA
38206;LA LAGUNA
38234;LA LAGUNA
38420;SAN JUAN DE LA RAMBLA
38620;SAN MIGUEL
38639;CHAFIRAS (LAS)
38628;ZOCAS (LAS)
38800;SAN SEBASTIAN DE LA GOMERA
38700;SANTA CRUZ DE LA PALMA
38001;SANTA CRUZ DE TENERIFE
38002;SANTA CRUZ DE TENERIFE
38007;SANTA CRUZ DE TENERIFE
38005;SANTA CRUZ DE TENERIFE
38009;SANTA CRUZ DE TENERIFE
38010;SANTA CRUZ DE TENERIFE
38008;SANTA CRUZ DE TENERIFE
38109;SANTA CRUZ DE TENERIFE
38160;SANTA CRUZ DE TENERIFE
38108;SANTA CRUZ DE TENERIFE
38110;SANTA CRUZ DE TENERIFE
38111;AÑAZA
38150;SANTA CRUZ DE TENERIFE
38190;EL ROSARIO
38390;SANTA URSULA
38690;SANTIAGO DEL TEIDE
38684;TAMAIMO
38436;SANTIAGO DEL TEIDE
38684;SANTIAGO DEL TEIDE
38360;EL SAUZAL
38359;RAVELO
38470;SILOS, LOS
38350;TACORONTE
38435;EL TANQUE
38770;TAZACORTE
38280;TEGUESTE CENTRO
38292;SOCORRO (EL)
38870;CALERA (LA)
38840;VALLEHERMOSO
38869;CHIPUDE
38900;VALVERDE DEL HIERRO
38380;VICTORIA DE ACENTEJO (LA)
38613;VILAFLOR
38739;LODERO
40520;AYLLON
40560;BOCEGUILLAS
40320;CANTALEJO
40270;CARBONERO EL MAYOR
40593;CASTILLEJO DE MESLEON
40591;CEREZO DE ABAJO
40216;CHAÑE
40480;COCA
40170;COLLADO HERMOSO
40200;CUELLAR
40400;ESPINAR (EL)
40440;ESPINAR (EL)
40410;SAN RAFAEL
40516;FRESNO DE CANTESPINO
40260;FUENTEPELAYO
40355;FUENTESAUCO FUENTIDUEÑA
40120;GARCILLAN
40240;GOMEZSERRACIN
40569;GRAJERA
40353;HONTALBILLA
40146;LABAJOS
40196;LASTRILLA (LA)
40466;MARTIN MUÑOZ DE LA DEHESA
40446;MARTIN MUÑOZ DE LAS POSADAS
40250;MOZONCILLO
40450;NAVA DE LA ASUNCION
40280;NAVALMANZANO
40408;NAVAS DE SAN ANTONIO
40194;PEÑAS DEL ERIZO
40540;CARABIAS
40165;PRADENA
40500;RIAZA
40197;SAN CRISTOBAL DE SEGOVIA
40100;SAN ILDEFONSO O LA GRANJA
40332;SAN MIGUEL DE BERNUY
40134;SANGARCIA
40440;SANTA MARIA LA REAL DE NIEVA
40590;VILLAREJO
40001;SEGOVIA
40002;SEGOVIA
40004;SEGOVIA
40005;SEGOVIA
40006;SEGOVIA
40194;REVENGA
40300;SEPULVEDA
40467;TOLOCIRIO
40160;ALDEHUELA
40370;TUREGANO
40213;VALLELADO
40390;VALSECA
40140;VALVERDE DEL MAJANO
40150;VILLACASTIN
41550;AGUADULCE
41380;ALANIS
41500;ALCALA DE GUADAIRA
41500;ACEBUCHAL (EL)
41200;ALCALA DEL RIO
41449;ALCOLEA DEL RIO
41980;ALGABA (LA)
41661;ALGAMITAS
41240;ALMADEN DE LA PLATA
41111;ALMENSILLA
41600;ARAHAL
41849;AZNALCAZAR
41870;AZNALCOLLAR
41570;BADOLATOSA
41805;BENACAZON
41110;BOLLULLOS DE LA MITACION
41930;BORMUJOS
41310;BRENES
41220;BURGUILLOS
41730;CABEZAS DE SAN JUAN (LAS)
41730;MARISMILLAS
41900;CAMAS
41429;CAMPANA (LA)
41439;CAÑADA ROSAL
41320;CANTILLANA
41410;CARMONA
41820;CARRION DE LOS CESPEDES
41580;CASARICHE
41230;CASTILBLANCO ARROYOS
41950;CASTILLEJA DE LA CUESTA
41890;ARROYO DE LA PLATA
41890;CASTILLO DE LAS GUARDAS
41370;CAZALLA DE LA SIERRA
41450;CONSTANTINA
41100;CORIA DEL RIO
41110;CORIA DEL RIO
41780;CORIPE
41760;CORONIL (EL)
41657;CORRALES (LOS)
41749;CUERVO DE SEVILLA (EL)
41730;DOS HERMANAS
41700;DOS HERMANAS
41089;DOS HERMANAS
41089;QUINTO
41400;ECIJA
41409;VILLANUEVA DEL REY
41807;ESPARTINAS
41560;ESTEPA
41420;FUENTES DE ANDALUCIA
41888;GARROBO (EL)
41120;GELVES
41860;GERENA
41565;GILENA
41960;GINES
41390;GUADALCANAL
41210;GUILLENA
41219;PAJANOSAS (LAS)
41567;HERRERA
41830;HUEVAR
41140;ISLA MAYOR
41630;LANTEJUELA (LA)
41740;LEBRIJA
41710;LEBRIJA
41440;LORA DEL RIO
41440;PRIORATO (EL)
41440;ALAMO (EL)
41430;LUISIANA (LA)
41510;MAIRENA DEL ALCOR
41927;MAIRENA DEL ALJARAFE
41620;MARCHENA
41569;MARINALEDA
41658;MARTIN DE LA JARA
41750;MOLARES (LOS)
41770;MONTELLANO
41530;MORON DE LA FRONTERA
41460;NAVAS DE LA CONCEPCION
41804;OLIVARES
41640;OSUNA
41720;PALACIOS Y VILLAFRANCA
41727;TROBAL (EL)
41727;MARIBAÑEZ
41928;PALOMARES DEL RIO
41610;PARADAS
41566;PEDRERA
41360;PEDROSO (EL)
41470;PEÑAFLOR
41840;PILAS
41670;PRUNA
41540;PUEBLA DE CAZALLA (LA)
41479;PUEBLA DE LOS INFANTES
41130;PUEBLA DEL RIO (LA)
41250;REAL DE LA JARA (EL)
41309;RINCONADA (LA)
41300;RINCONADA (LA)
41300;SAN JOSE DE LA RINCONADA
41590;RODA DE ANDALUCIA (LA)
41568;RUBIO (EL)
41909;SALTERAS
41920;SAN JUAN DE AZNALFARACHE
41800;SANLUCAR LA MAYOR
41970;SANTIPONCE
41650;SAUCEJO (EL)
41002;SEVILLA
41004;SEVILLA
41001;SEVILLA
41009;SEVILLA
41008;SEVILLA
41015;SEVILLA
41020;SEVILLA
41006;SEVILLA
41007;SEVILLA
41005;SEVILLA
41018;SEVILLA
41013;SEVILLA
41016;SEVILLA
41017;SEVILLA
41019;SEVILLA
41012;SEVILLA
41014;SEVILLA
41011;SEVILLA
41007;CALONGE
41340;TOCINA
41330;ROSALES (LOS)
41330;TOCINA
41340;ROSALES (LOS)
41940;TOMARES
41806;UMBRETE
41710;UTRERA
41719;PALMAR DE TROYA (EL)
41729;TRAJANO
41907;VALENCINA CONCEPCION
41850;VILLAMANRIQUE DE LA CONDESA
41660;VILLANUEVA DE SAN JUAN
41808;VILLANUEVA DEL ARISCAL
41350;VILLANUEVA RIO Y MINAS
41318;VILLAVERDE DEL RIO
41520;VISO DEL ALCOR (EL)
42146;ABEJAR
42100;AGREDA
42295;RADONA
42169;ALMARZA
42200;ALMAZAN
42250;ARCOS DE JALON
42259;MONTUENGA DE SORIA
42366;HORTEZUELA
42300;BURGO DE OSMA (EL)
42147;CABREJAS DEL PINAR
42193;ALDEHUELA DE CALATAÑAZOR
42157;COVALEDA
42190;GOLMAYO
42113;MATALEBRERAS
42248;LODARES
42240;MEDINACELI
42110;OLVEGA
42290;NAVALCABALLO
42330;SAN ESTEBAN DE GORMAZ
42140;SAN LEONARDO DE YAGUE
42174;SAN PEDRO MANRIQUE
42260;SANTA MARIA DE HUERTA
42001;SORIA
42005;SORIA
43530;ALCANAR
43460;ALCOVER
43896;ALDEA (L')
43365;ALFORJA
43893;ALTAFULLA
43860;AMETLLA DE MAR (L')
43895;AMPOLLA (L')
43870;AMPOSTA
43720;ARBOÇ (L')
43786;BATEA
43719;BELLVEI
43512;BENIFALLET
43747;BENISSANET
43717;BISBAL DEL PENEDES (LA)
43785;BOT
43820;CALAFELL
43820;SEGUR DE CALAFELL
43894;CAMARLES
43850;CAMBRILS
43764;CATLLAR (EL)
43120;CONSTANTI
43784;CORBERA D'EBRE
43360;CORNUDELLA DE MONTSANT
43881;CUNIT
43580;DELTEBRE
43440;ESPLUGA DE FRANCOLI (L')
43730;FALSET
43781;FATARELLA (LA)
43750;FLIX
43515;GALERA (LA)
43780;GANDESA
43596;HORTA DE SANT JOAN
43712;LLORENÇ DEL PENEDES
43514;MAS DE BARBERANS
43400;MONTBLANC
43340;MONTBRIO DEL CAMP
43300;MONT-ROIG DEL CAMP
43892;MIAMI PLAYA
43740;MORA D'EBRE
43770;MORA LA NOVA
43760;MORELL (EL)
43152;PERAFORT
43810;PLA DE SANTA MARIA (EL)
43140;POBLA DE MAFUMET (LA)
43783;POBLA DE MASSALUCA (LA)
43364;PRADES
43513;RASQUERA
43201;REUS
43203;REUS
43205;REUS
43204;REUS
43206;REUS
43330;RIUDOMS
43883;RODA DE BARA
43529;ROQUETES
43520;RAVAL DE CRISTO
43840;SALOU
43540;LA RÁPITA
43713;SANT JAUME DELS DOMENYS
43877;SANT JAUME D'ENVEJA
43570;SANTA BARBARA
43420;SANTA COLOMA DE QUERALT
43710;SANTA OLIVA
43392;SARRAL
43470;SELVA DEL CAMP (LA)
43560;SENIA (LA)
43412;SOLIVELLA
43005;TARRAGONA
43007;TARRAGONA
43004;TARRAGONA
43006;CAMPSA
43007;SANT PERE I SANT PAU
43110;CANONJA (LA)
43006;TARRAGONA
43080;TARRAGONA
43746;TIVISSA
43830;TORREDEMBARRA
43500;TORTOSA
43550;ULLDECONA
43800;VALLS
43891;VANDELLOS
43890;HOSPITALET DE L'INFANT
43700;VENDRELL (EL)
43880;VENDRELL (EL)
43880;MASOS DE COMA-RUGA (ELS)
43782;VILALBA DELS ARCS
43141;VILALLONGA DEL CAMP
43814;VILA-RODONA
43480;VILA-SECA
43490;VILAVERD
43792;VINEBRE
43391;VINYOLS I ELS ARCS
43592;XERTA
44566;AGUAVIVA
44395;ALBA
44540;ALBALATE DEL ARZOBISPO
44100;ALBARRACIN
44477;ALBENTOSA
44432;ALCALA DE LA SELVA
44600;ALCAÑIZ
44550;ALCORISA
44160;ALFAMBRA
44150;ALIAGA
44500;ANDORRA
44357;BAÑON
44220;BARRACHINA
44232;BELLO
44314;BLANCAS
44610;CALACEITE
44200;CALAMOCHA
44570;CALANDA
44155;CAMARILLAS
44350;CAMINREAL
44140;CANTAVIEJA
44630;CASTELSERAS
44147;CEDRILLAS
44194;CELADAS
44370;CELLA
44640;CODOÑERA (LA)
44623;CRETAS
44490;FERRERUELA DE HUERVA
44711;FUENTES CALIENTES
44340;FUENTES CLARAS
44530;HIJAR
44169;JARQUE DE LA VAL
44420;MANZANERA
44564;MAS DE LAS MATAS
44621;MAZALEON
44169;MEZQUITA DE JARQUE
44300;MONREAL DEL CAMPO
44652;MONROYO
44700;MONTALBAN
44400;MORA DE RUBIELOS
44410;MOSQUERUELA
44780;MUNIESA
44233;ODON
44313;OJOS NEGROS
44366;ORIHUELA DEL TREMEDAL
44161;ORRIOS
44720;PANCRUDO
44586;PEÑARROYA DE TASTAVINS
44163;PERALES DEL ALFAMBRA
44155;POBO (EL)
44589;PORTELLADA (LA)
44510;PUEBLA DE HIJAR (LA)
44450;PUEBLA DE VALVERDE (LA)
44415;RUBIELOS DE MORA
44360;SANTA EULALIA
44460;SARRION
44001;TERUEL
44003;TERUEL
44002;TERUEL
44195;SAN BLAS
44396;CAUDE
44397;CONCUD
44193;TERUEL
44230;TORNOS
44359;TORRALBA DE LOS SISONES
44640;TORRECILLA DE ALCAÑIZ
44393;TORRIJO DEL CAMPO
44760;UTRILLAS
44594;VALDEALGORFA
44580;VALDERROBRES
44595;VALJUNQUERA
44394;VILLAFRANCA DEL CAMPO
44380;VILLARQUEMADO
44130;VILLASTAR
44164;VISIEDO
45110;AJOFRIN
45240;ALAMEDA DE LA SAGRA
45522;ALBARREAL DE TAJO
45523;ALCABON
45662;ALCAUDETE DE LA JARA
45571;ALCOLEA DE TAJO
45571;BERCIAL (EL)
45420;ALMONACID DE TOLEDO
45250;AÑOVER DE TAJO
45122;ARGES
45593;BARGAS
45660;BELVIS DE LA JARA
45112;BURGUILLOS DE TOLEDO
45592;CABAÑAS DE LA SAGRA
45890;CABEZAMESADA
45595;CALERA Y CHOZAS
45580;CALZADA DE OROPESA (LA)
45180;CAMARENA
45720;CAMUÑAS
45531;CARMENA
45533;CARPIO DE TAJO (EL)
45216;CARRANQUE
45542;CASAR DE ESCALONA (EL)
45950;CASARRUBIOS DEL MONTE
45641;CASTILLO DE BAYUELA
45683;CAZALEGAS
45680;CEBOLLA
45214;CEDILLO DEL CONDADO
45552;CERRALBOS (LOS)
45960;CHOZAS DE CANALES
45960;VAQUERIZO
45111;COBISA
45700;CONSUEGRA
45880;CORRAL DE ALMAGUER
45126;CUERVA
45311;DOSBARRIOS
45910;ESCALONA
45517;ESCALONILLA
45650;ESPINOSO DEL REY
45221;ESQUIVIAS
45510;FUENSALIDA
45164;GALVEZ
45518;GERINDOTE
45160;GUADAMUR
45760;GUARDIA (LA)
45588;HERRERUELA DE OROPESA
45750;HUERTA DE VALDECARABANOS
45200;ILLESCAS
45870;LILLO
45710;MADRIDEJOS
45692;MALPICA DE TAJO
45515;MAQUEDA
45430;MASCARAQUE
45114;MAZARAMBROZ
45128;MENASALBAS
45930;MENTRIDA
45830;MIGUEL ESTEBAN
45270;MOCEJON
45400;MORA
45190;NAMBROCA
45670;NAVA DE RICOMALILLO (LA)
45150;NAVAHERMOSA
45610;NAVALCAN
45140;NAVALMORALES (LOS)
45130;NAVALUCILLOS (LOS)
45350;NOBLEJAS
45230;NUMANCIA DE LA SAGRA
45300;OCAÑA
45280;OLIAS DEL REY
45340;ONTIGOLA
45450;ORGAZ
45560;OROPESA
45543;OTERO
45290;PANTOJA
45638;PEPINO
45161;POLAN
45512;PORTILLO DE TOLEDO
45840;PUEBLA DE ALMORADIEL (LA)
45516;PUEBLA DE MONTALBAN (LA)
45690;PUEBLANUEVA (LA)
45125;PULGAR
45790;QUERO
45800;QUINTANAR DE LA ORDEN
45640;REAL DE SAN VICENTE (EL)
45211;RECAS
45770;ROMERAL (EL)
45654;SAN BARTOLOME DE LAS ABIERTAS
45165;SAN MARTIN DE MONTALBAN
45170;SAN MARTIN DE PUSA
45120;SAN PABLO DE LOS MONTES
45653;SANTA ANA DE PUSA
45370;SANTA CRUZ DE LA ZARZA
45513;SANTA CRUZ DEL RETAMAR
45530;SANTA OLALLA
45526;SANTO DOMINGO-CAUDILLA
45223;SESEÑA
45224;SESEÑA NUEVO
45224;ESTACION (LA)
45672;PUERTO REY
45671;SEVILLEJA DE LA JARA
45100;SONSECA
45600;TALAVERA DE LA REINA
45600;BARRIO DE SANTA MARIA
45694;TALAVERA LA NUEVA
45600;TALAVERA LA NUEVA
45614;CASAR DE TALAVERA (EL)
45780;TEMBLEQUE
45820;TOBOSO (EL)
45003;TOLEDO
45004;TOLEDO
45005;TOLEDO
45006;TOLEDO
45007;TOLEDO
45008;AZUCAICA
45920;TORRE ESTEBAN HAMBRAN
45500;TORRIJOS
45789;TURLEQUE
45217;UGENA
45480;URDA
45940;VALMOJADO
45490;VALMOJADO
45127;VENTAS CON PEÑA AGUILERA (LAS)
45183;VENTAS DE RETAMOSA (LAS)
45850;VILLA DE DON FADRIQUE (LA)
45860;VILLACAÑAS
45730;VILLAFRANCA CABALLEROS
45520;VILLALUENGA DE LA SAGRA
45594;VILLAMIEL DE TOLEDO
45810;VILLANUEVA DE ALCARDETE
45410;VILLANUEVA DE BOGAS
45360;VILLARRUBIA DE SANTIAGO
45260;VILLASECA DE LA SAGRA
45740;VILLASEQUILLA
45310;VILLATOBAS
45215;VISO DE SAN JUAN (EL)
45470;YEBENES (LOS)
45220;YELES
45313;YEPES
45529;YUNCLER
45210;YUNCOS
46140;ADEMUZ
46890;AGULLENT
46812;AIELO DE MALFERIT
46970;ALAQUAS
46860;ALBAIDA
46470;ALBAL
46687;ALBALAT DE LA RIBERA
46135;ALBALAT DELS SORELLS
46260;ALBERIC
46369;ALBORACHE
46120;ALBORAYA
46550;ALBUIXECH
46290;ALCASSER
46220;ALCASSER
46250;ALCUDIA (L')
46690;ALCUDIA DE CRESPINS (L')
46960;ALDAIA
46910;ALFAFAR
46115;ALFARA DEL PATRIARCA
46680;ALGEMESI
46148;ALGIMIA DE ALFARA
46230;ALGINET
46132;ALMASSERA
46726;ALMISERA
46723;ALMOINES
46440;ALMUSSAFES
46178;ALPUENTE
46715;ALQUERIA DE LA COMTESSA (L')
46600;ALZIRA
46820;ANNA
46179;ARAS DE LOS OLMOS
46869;ATZENETA D'ALBAIDA
46620;AYORA
46667;BARXETA
46713;BELLREGUARD POBLE
46180;BENAGUASIL
46293;BENEIXIDA
46722;BENIARJO
46450;BENIFAIO
46830;BENIGANIM
46291;BENIMODO
46469;BENIPARRELL
46181;BENISANO
46117;BETERA
46117;BARO (EL)
46880;BOCAIRENT
46360;BUÑOL
46100;BURJASSOT
46330;CAMPORROBLES
46650;CANALS
46529;CANET D'EN BERENGUER
46740;CARCAIXENT
46240;CARLET
46171;CASINOS
46841;CASTELLO DE RUGAT
46141;MAS DE JACINTO
46196;CATADAU
46470;CATARROJA
46315;CAUDETE DE LAS FUENTES
46821;CHELLA
46176;CHELVA
46380;CHESTE
46370;CHIVA
46167;CHULILLA
46612;CORBERA
46400;CULLERA
46400;BULEVAR DEL XUQUER
46710;DAIMUS
46183;ELIANA (L')
46810;ENGUERA
46590;ESTIVELLA
46134;FOIOS
46630;FONT DE LA FIGUERA (LA)
46717;FONT D'EN CARROS (LA)
46635;FONTANARS DELS ALFORINS
46314;FUENTERROBLES
46700;GANDIA
46730;GANDIA
46730;GRAU I PLATJA
46700;GRAU I PLATJA
46894;GENOVES
46110;GODELLA
46388;GODELLETA
46839;GUADASEQUIES
46610;GUADASSUAR
46624;JALANCE
46623;JARAFUEL
46160;LLIRIA
46726;LLOCNOU DE SANT JERONI
46815;LLOSA DE RANES
46838;LLUTXENT
46393;LORIGUILLA
46173;LOSA DEL OBISPO
46940;MANISES
46163;MARINES
46292;MASALAVES
46560;MASSALFASSAR
46130;MASSAMAGRELL
46133;MELIANA
46920;MISLATA
46640;MOGENTE/MOIXENT
46113;MONCADA
46192;MONSERRAT
46692;MONTESA
46193;MONTROY
46136;MUSEROS
46119;NAQUERA
46823;NAVARRES
46800;NOVELE-NOVETLE
46780;OLIVA
46850;OLLERIA (L')
46169;OLOCAU
46870;ONTINYENT
46780;ONTINYENT
46844;OTOS
46200;PAIPORTA
46724;PALMA DE GANDIA
46980;PATERNA
46182;CAÑADA (LA)
46988;PATERNA
46988;POLIGONO FUENTE DEL JARRO
46210;PICANYA
46220;PICASSENT
46139;POBLA DE FARNALS (LA)
46137;POBLA DE FARNALS (LA)
46185;POBLA DE VALLBONA (LA)
46840;POBLA DEL DUC (LA)
46670;POBLA LLARGA (LA)
46688;POLINYA DE XUQUER
46530;PUÇOL
46530;ALFINACH
46540;PUIG
46450;PUIG
46930;QUART DE POBLET
46930;BARRI DE PORTA
46510;QUARTELL
46837;QUATRETONDA
46138;RAFELBUÑOL
46727;REAL DE GANDIA
46340;REQUENA
46357;EL PONTON
46390;REQUENA
46352;CAMPO ARCIS
46354;LOS ISIDROS
46190;RIBA-ROJA DE TURIA
46190;GALLIPONT
46111;ROCAFORT
46500;SAGUNTO
46520;PUERTO (EL)
46500;ALMARDA
46184;SAN ANTONIO DE BENAGEBER
46910;SEDAVI
46392;SIETE AGUAS
46460;SILLA
46750;SIMAT DE LA VALLDIGNA
46430;SOLLANA
46410;SUECA
46420;PERELLO (EL)
46419;MARENY DE BARRAQUETES
46760;TAVERNES DE LA VALLDIGNA
46178;TITAGUAS
46900;TORRENT
46900;MASIA DEL JUEZ
46177;TUEJAR
46389;TURIS
46300;UTIEL
46313;CUEVAS (LAS)
46001;VALENCIA
46011;VALENCIA
46006;VALENCIA
46005;VALENCIA
46026;VALENCIA
46015;VALENCIA
46009;VALENCIA
46019;VALENCIA
46020;VALENCIA
46010;VALENCIA
46021;VALENCIA
46023;VALENCIA
46018;VALENCIA
46014;VALENCIA
46017;VALENCIA
46013;VALENCIA
46024;VALENCIA
46022;VALENCIA
46025;VALENCIA
46131;CASAS DE BARCENA
46112;MASARROCHOS
46015;BENIMAMET-BENIFERRI
46012;CASTELLAR-OLIVERAL
46016;VALENCIA
46691;VALLADA
46191;VILAMARXANT
46270;CASTELLÓ DE LA RIBERA
46170;VILLAR DEL ARZOBISPO
46317;VILLARGORDO DEL CABRIEL
46114;VINALESA
46800;XATIVA
46770;XERACO
46950;XIRIVELLA
46367;YATOVA
47510;ALAEJOS
47238;ALCAZAREN
47162;ALDEAMAYOR DE SAN MARTIN
47195;ARROYO DE LA ENCOMIENDA
47195;FLECHA, LA
47210;ATAQUINES
47670;BECILLA DE VALDERADUEY
47462;BOBADILLA DEL CAMPO
47151;BOECILLO
47260;CABEZON DE PISUERGA
47310;CAMPASPERO
47311;CANALEJAS DE PEÑAFIEL
47110;CASASOLA DE ARION
47512;CASTREJON DE TRABANCOS
47520;CASTRONUÑO
47182;CASTROVERDE DE CERRATO
47270;CIGALES
47193;CISTERNIGA
47313;COGECES DEL MONTE
47290;CUBILLAS DE SANTA MARTA
47176;ESGUEVILLAS DE ESGUEVA
47420;ISCAR
47140;LAGUNA DE DUERO
47314;LANGAYO
47680;MAYORGA
47800;MEDINA DE RIOSECO
47400;MEDINA DEL CAMPO
47250;MOJADOS
47120;MOTA DEL MARQUES
47630;MUDARRA (LA)
47500;NAVA DEL REY
47410;OLMEDO
47196;PEDRAJA DE PORTILLO (LA)
47430;PEDRAJAS DE SAN ESTEBAN
47112;PEDROSA DEL REY
47300;PEÑAFIEL
47314;PADILLA DE DUERO
47160;ARRABAL DE PORTILLO
47350;QUINTANILLA DE ONESIMO
47170;RENEDO DE ESGUEVA
47490;RUEDA
47164;SAN MIGUEL DEL ARROYO
47132;SAN MIGUEL DEL PINO
47851;SAN PEDRO DE LATARCE
47493;SAN VICENTE DEL PALACIO
47155;SANTOVENIA DE PISUERGA
47340;SARDON DE DUERO
47239;SERRADA
47511;SIETE IGLESIAS DE TRABANCOS
47130;SIMANCAS
47830;TORDEHUMOS
47100;TORDESILLAS
47001;TORDESILLAS
47113;VILLAVIEJA DEL CERRO
47132;VILLAMARCIEL
47320;TUDELA DE DUERO
47007;VALLADOLID
47013;VALLADOLID
47012;VALLADOLID
47008;VALLADOLID
47011;VALLADOLID
47009;VALLADOLID
47010;VALLADOLID
47014;VALLADOLID
47016;VALLADOLID
47197;VALLADOLID
47071;NAVABUENA
47152;PUENTE DUERO-ESPARRAGAL
47609;VALLADOLID
47133;VEGA DE VALDETRONCO
47600;VILLALON DE CAMPOS
47620;VILLANUBLA
47850;VILLANUEVA DE LOS CABALLEROS
47860;VILLARDEFRADES
47610;ZARATAN
47310;ZARATAN
47610;ZARATÁN
49500;ALCAÑICES
49210;ALMEIDA DE SAYAGO
49151;ARCENILLAS
49600;BENAVENTE
49200;BERMILLO DE SAYAGO
49155;BOVEDA DE TORO (LA)
49332;CAMARZANA DE TERA
49440;CAÑIZAL
49160;CARBAJALES DE ALBA
49151;CASASECA DE LAS CHANAS
49419;CASTRILLO DE LA GUAREÑA
49660;CASTROGONZALO
49396;COBREROS
49396;CASTRO DE SANABRIA
49700;CORRALES
49030;CORRALES DEL VINO
49710;CUBO DE TIERRA DEL VINO (EL)
49220;FERMOSELLE
49400;FUENTESAUCO
49251;GAMONES
49740;GRANJA DE MORERUELA
49574;PADORNELO
49624;MICERECES DE TERA
49310;MOMBUEY
49121;MONFARRACINOS
49149;MONTAMARTA
49150;MORALEJA DEL VINO
49810;MORALES DE TORO
49190;MORALES DEL VINO
49167;MUELAS DEL PAN
49336;OTERO DE BODAS
49280;PERERUELA
49622;QUINTANILLA DE URZ
49622;QUIRUELAS DE VIDRIALES
49515;SEJAS DE ALISTE
49390;SAMPIL
49690;SAN CRISTOBAL DE ENTREVIÑAS
49650;SAN ESTEBAN DEL MOLAR
49523;SAN VITERO
49696;SANTA MARIA DE LA VEGA
49750;SANTOVENIA
49152;SANZOLES
49800;TORO
49781;TORRE DEL VALLE (LA)
49516;TRABAZOS
49770;VILLABRAZARO
49136;VILLAFAFILA
49630;VILLALPANDO
49100;VILLANUEVA DEL CAMPO
49137;VILLARRIN DE CAMPOS
49006;ZAMORA
49022;ZAMORA
49023;ZAMORA
49030;ZAMORA
49021;ZAMORA
49028;ZAMORA
49027;ZAMORA
49024;ZAMORA
50560;AGON
50408;AGUARON
50570;AINZON
50630;ALAGON
50172;ALFAJARIN
50461;ALFAMEN
50178;ALMOLDA (LA)
50100;ALMUNIA DE DOÑA GODINA (LA)
50546;AMBEL
50220;ARIZA
50200;ATECA
50140;AZUARA
50130;BELCHITE
50695;BIOTA
50540;BORJA
50246;BREA DE ARAGON
50177;BUJARALOZ
50730;BURGO DE EBRO (EL)
50548;BUSTE (EL)
50420;CADRETE
50300;CALATAYUD
50280;CALATORAO
50400;CARIÑENA
50700;CASPE
50613;CASTEJON DE VALDEJASA
50696;CASTILISCAR
50312;CERVERA DE LA CAÑADA
50292;CETINA
50410;CUARTE DE HUERVA
50351;CUBEL
50360;DAROCA
50600;EJEA DE LOS CABALLEROS
50617;SABINAR (EL)
50617;VALAREÑA
50694;BAYO (EL)
50694;PINSORO
50694;BARDENA DEL CAUDILLO
50617;SANTA ANASTASIA
50619;RIVAS
50290;EPILA
50611;ERLA
50790;ESCATRON
50793;FABARA
50163;FARLETE
50795;FAYON
50320;FRASNO (EL)
50529;FUENDEJALON
50740;FUENTES DE EBRO
50373;GALLOCANTA
50650;GALLUR
50786;GELSA
50150;HERRERA DE LOS NAVARROS
50250;ILLUECA
50692;JOYOSA (LA)
50367;LANGA DEL CASTILLO
50131;LECERA
50160;LECIÑENA
50619;LUESIA
50295;LUMPIAQUE
50610;LUNA
50710;MAELLA
50520;MAGALLON
50368;MAINAR
50550;MALLEN
50430;MARIA DE HUERVA
50164;MONEGRILLO
50291;MONREAL DE ARIZA
50540;MUEL
50196;MUELA (LA)
50219;MUNEBREGA
50794;NONASPE
50510;NOVALLAS
50210;NUEVALOS
50690;PEDROLA
50161;PERDIGUERA
50750;PINA DE EBRO
50298;PINSEQUE
50529;POZUELO DE ARAGON
50171;PUEBLA DE ALFINDEN (LA)
50770;QUINTO
50637;REMOLINOS
50270;RICLA
50299;SABIÑAN
50670;SADABA
50840;SAN MATEO DE GALLEGO
50780;SASTAGO
50612;SIERRA DE LUNA
50629;SOBRADIEL
50680;SOS DEL REY CATOLICO
50547;TABUENCA
50500;TARAZONA
50660;TAUSTE
50669;SANTA ENGRACIA
50296;URREA DE JALON
50374;USED
50180;UTEBO
50615;VALPALMAS
50760;VELILLA DE EBRO
50490;VILLADOZ
50162;VILLAMAYOR DE GALLEGO
50830;VILLANUEVA DE GALLEGO
50820;VILLANUEVA DE GALLEGO
50830;COMERCIO (EL)
50153;VILLANUEVA DE HUERVA
50490;VILLARREAL DE HUERVA
50310;VILLARROYA DE LA SIERRA
50001;ZARAGOZA
50002;ZARAGOZA
50008;ZARAGOZA
50005;ZARAGOZA
50006;ZARAGOZA
50007;ZARAGOZA
50010;ZARAGOZA
50009;ZARAGOZA
50011;ZARAGOZA
50012;ZARAGOZA
50013;ZARAGOZA
50720;CARTUJA BAJA
50013;CARTUJA BAJA
50018;ZARAGOZA
50015;ZARAGOZA
50014;ZARAGOZA
50820;SAN JUAN DE MOZARRIFAR
50193;PEÑAFLOR
50162;VILLAMAYOR
50194;MOVERA
50016;ZARAGOZA
50020;ZARAGOZA
50190;GARRAPINILLOS
50692;VILLARRAPA
50197;ZARAGOZA
50800;ZUERA
50810;ONTINAR DE SALZ