nombre_municipio;cp_localidad
ABENGIBRE;02250
ALATOZ;02152
ALBACETE;02001
ALBACETE;02005
ALBACETE;02002
ALBACETE;02006
ALBACETE;02099
ALBACETE;02004
ALBACETE;02328
ALBACETE;02140
ALBACETE;02007
ALBACETE;02080
ALCADOZO;02124
ALCALÁ DEL JÚCAR;02210
ALCARAZ;02330
ALMANSA;02640
ALPERA;02690
BALAZOTE;02320
BARRAX;02639
BIENSERVIDA;02360
BONETE;02691
BONILLO (EL);02610
CASAS DE JUAN NÚÑEZ;02151
CASAS DE VES;02212
CASAS-IBÁÑEZ;02200
CAUDETE;02660
CENIZATE;02247
CHINCHILLA DE MONTE-ARAGÓN;02520
CHINCHILLA DE MONTE-ARAGÓN;02510
CHINCHILLA DE MONTE-ARAGÓN;02695
ELCHE DE LA SIERRA;02430
FUENTE-ÁLAMO;02651
FUENTEALBILLA;02260
GINETA (LA);02110
GOLOSALVO;02253
HELLÍN;02400
HELLÍN;02420
HIGUERUELA;02694
HOYA-GONZALO;02696
LETUR;02434
LEZUZA;02160
MADRIGUERAS;02230
MAHORA;02240
MINAYA;02620
MONTEALEGRE DEL CASTILLO;02650
MOTILLEJA;02200
MUNERA;02612
NAVAS DE JORQUERA;02246
NERPIO;02530
ONTUR;02652
OSSA DE MONTIEL;02611
PEÑAS DE SAN PEDRO;02120
PÉTROLA;02692
POZO CAÑADA;02099
POZOHONDO;02141
POZOHONDO;02142
POZO-LORENTE;02154
POZUELO;02327
RIÓPAR;02450
ROBLEDO;02340
RODA (LA);02630
SOCOVOS;02435
TARAZONA DE LA MANCHA;02100
TOBARRA;02500
VALDEGANGA;02150
VILLALGORDO DEL JÚCAR;02636
VILLAMALEA;02270
VILLAPALACIOS;02350
VILLARROBLEDO;02600
YESTE;02480
AGOST;03698
ALBATERA;03340
ALCALALÍ;03728
ALCOY/ALCOI;03801
ALCOY/ALCOI;03800
ALFÀS DEL PI (L');03580
ALFÀS DEL PI (L');03581
ALGORFA;03169
ALGUEÑA;03668
ALICANTE/ALACANT;03013
ALICANTE/ALACANT;03005
ALICANTE/ALACANT;03009
ALICANTE/ALACANT;03010
ALICANTE/ALACANT;03012
ALICANTE/ALACANT;03014
ALICANTE/ALACANT;03015
ALICANTE/ALACANT;03540
ALICANTE/ALACANT;03016
ALICANTE/ALACANT;03112
ALICANTE/ALACANT;03011
ALICANTE/ALACANT;03559
ALICANTE/ALACANT;03006
ALICANTE/ALACANT;03008
ALICANTE/ALACANT;03007
ALICANTE/ALACANT;03114
ALICANTE/ALACANT;03113
ALICANTE/ALACANT;03699
ALMORADÍ;03160
ALTEA;03590
ALTEA;03599
ASPE;03680
BANYERES DE MARIOLA;03450
BENEIXAMA;03460
BENEJÚZAR;03390
BENIDORM;03501
BENIDORM;03503
BENIDORM;03502
BENIJÓFAR;03178
BENISSA;03720
BENITACHELL/POBLE NOU DE BENITATXELL (EL);03726
BIAR;03410
BIGASTRO;03380
BUSOT;03111
CALLOSA DE SEGURA;03360
CALLOSA D'EN SARRIÀ;03510
CALPE/CALP;03710
CAMPELLO (EL);03560
CAÑADA;03409
CASTALLA;03420
CATRAL;03158
COCENTAINA;03820
COX;03350
CREVILLENT;03330
CREVILLENT;03339
DÉNIA;03700
DOLORES;03150
ELCHE/ELX;03202
ELCHE/ELX;03203
ELCHE/ELX;03291
ELCHE/ELX;03205
ELCHE/ELX;03290
ELCHE/ELX;03206
ELCHE/ELX;03204
ELCHE/ELX;03320
ELCHE/ELX;03195
ELCHE/ELX;03295
ELCHE/ELX;03194
ELCHE/ELX;03296
ELCHE/ELX;03207
ELCHE/ELX;03294
ELCHE/ELX;03293
ELDA;03600
FINESTRAT;03509
FORMENTERA DEL SEGURA;03179
GATA DE GORGOS;03740
GRANJA DE ROCAMORA;03348
GUARDAMAR DEL SEGURA;03140
HONDÓN DE LAS NIEVES;03688
HONDÓN DE LOS FRAILES;03689
IBI;03440
JACARILLA;03310
JALÓN/XALÓ;03727
JÁVEA/XÀBIA;03730
JIJONA/XIXONA;03100
MONFORTE DEL CID;03670
MONÓVAR/MONÒVER;03640
MONTESINOS (LOS);03187
MURO DE ALCOY;03830
MUTXAMEL;03110
NOVELDA;03660
NOVELDA;03360
NUCIA (LA);03530
ONDARA;03760
ONIL;03430
ORBA;03790
ORIHUELA;03300
ORIHUELA;03312
ORIHUELA;03314
ORIHUELA;03315
ORIHUELA;03189
PEDREGUER;03750
PEGO;03780
PETRER;03610
PILAR DE LA HORADADA;03190
PILAR DE LA HORADADA;03191
PINOSO;03650
REDOVÁN;03370
ROJALES;03170
ROMANA (LA);03669
SALINAS;03638
SAN FULGENCIO;03177
SAN ISIDRO;03349
SAN MIGUEL DE SALINAS;03193
SAN VICENTE DEL RASPEIG/SANT VICENT DEL RASPEIG;03690
SANT JOAN D'ALACANT;03550
SANTA POLA;03130
SAX;03630
TEULADA;03725
TEULADA;03724
TIBI;03109
TORREVIEJA;03182
TORREVIEJA;03181
TORREVIEJA;03180
TORREVIEJA;03183
TORREVIEJA;03184
TORREVIEJA;03185
TORREVIEJA;03186
VERGER (EL);03770
VILLAJOYOSA/VILA JOIOSA (LA);03570
VILLENA;03400
ABLA;04510
ADRA;04770
ADRA;04779
ALBOX;04800
ALHAMA DE ALMERÍA;04400
ALMERÍA;04002
ALMERÍA;04001
ALMERÍA;04008
ALMERÍA;04120
ALMERÍA;04009
ALMERÍA;04006
ALMERÍA;04007
ALMERÍA;04130
ALMERÍA;04150
ALMERÍA;04131
ANTAS;04628
ARBOLEAS;04660
BENAHADUX;04410
BERJA;04760
BERJA;04713
CANJÁYAR;04450
CANTORIA;04850
CARBONERAS;04140
CHIRIVEL;04825
CUEVAS DEL ALMANZORA;04610
CUEVAS DEL ALMANZORA;04618
CUEVAS DEL ALMANZORA;04619
CUEVAS DEL ALMANZORA;04647
DALÍAS;04750
EJIDO (EL);04700
EJIDO (EL);04710
EJIDO (EL);04716
EJIDO (EL);04715
EJIDO (EL);04712
FIÑANA;04500
FINES;04869
GÁDOR;04560
GALLARDOS (LOS);04280
GARRUCHA;04630
GÉRGAL;04550
HUÉRCAL DE ALMERÍA;04230
HUÉRCAL-OVERA;04600
HUÉRCAL-OVERA;04662
LÁUJAR DE ANDARAX;04470
LUBRÍN;04271
MACAEL;04867
MARÍA;04838
MOJÁCAR;04638
MOJONERA (LA);04745
MOJONERA (LA);04279
NACIMIENTO;04540
NÍJAR;04100
NÍJAR;04117
NÍJAR;04110
OLULA DEL RÍO;04860
ORIA;04810
PULPÍ;04640
PURCHENA;04870
RIOJA;04260
ROQUETAS DE MAR;04740
ROQUETAS DE MAR;04720
SANTA FE DE MONDÚJAR;04420
SERÓN;04890
SORBAS;04270
TABERNAS;04200
TABERNO;04692
TAHAL;04275
TÍJOLA;04880
TURRE;04369
VÉLEZ-BLANCO;04830
VÉLEZ-BLANCO;04839
VÉLEZ-RUBIO;04820
VERA;04620
VIATOR;04240
VÍCAR;04738
ZURGENA;04661
ALEGRÍA-DULANTZI;01240
AMURRIO;01470
AMURRIO;01468
AMURRIO;01450
ARRAIA-MAEZTU;01120
ARRAZUA-UBARRUNDIA;01510
ARRAZUA-UBARRUNDIA;01520
ARTZINIEGA;01474
ASPARRENA;01250
CAMPEZO/KANPEZU;01110
ELBURGO/BURGELU;01192
IRUÑA OKA/IRUÑA DE OCA;01230
LABASTIDA;01212
LAGUARDIA;01300
LANTARÓN;01423
LLODIO;01400
OYÓN/OION;01320
RIBERA ALTA;01420
RIBERA BAJA/ERRIBERA BEITIA;01213
SALVATIERRA/AGURAIN;01207
SALVATIERRA/AGURAIN;01200
SAN MILLÁN/DONEMILIAGA;01207
VITORIA-GASTEIZ;01002
VITORIA-GASTEIZ;01007
VITORIA-GASTEIZ;01008
VITORIA-GASTEIZ;01010
VITORIA-GASTEIZ;01006
VITORIA-GASTEIZ;01013
VITORIA-GASTEIZ;01195
VITORIA-GASTEIZ;01193
VITORIA-GASTEIZ;01015
VITORIA-GASTEIZ;01196
ZUIA;01139
ZUIA;01130
ALLANDE;33880
ALLER;33685
ALLER;33670
ALLER;33684
AVILÉS;33402
AVILÉS;33401
AVILÉS;33400
AVILÉS;33460
BELMONTE DE MIRANDA;33830
BOAL;33720
CABRALES;33554
CANGAS DE ONÍS;33550
CANGAS DE ONÍS;33547
CANGAS DEL NARCEA;33800
CANGAS DEL NARCEA;33816
CARREÑO;33438
CARREÑO;33439
CARREÑO;33469
CASTRILLÓN;33450
CASTRILLÓN;33410
CASTRILLÓN;33400
CASTROPOL;33794
COAÑA;33719
COLUNGA;33320
CORVERA DE ASTURIAS;33404
CORVERA DE ASTURIAS;33470
CORVERA DE ASTURIAS;33468
CORVERA DE ASTURIAS;33416
CUDILLERO;33150
CUDILLERO;33155
CUDILLERO;33157
CUDILLERO;33154
FRANCO (EL);33750
FRANCO (EL);33746
GIJÓN;33206
GIJÓN;33207
GIJÓN;33202
GIJÓN;33208
GIJÓN;33203
GIJÓN;33204
GIJÓN;33209
GIJÓN;33212
GIJÓN;33211
GIJÓN;33213
GIJÓN;33210
GIJÓN;33394
GIJÓN;33391
GIJÓN;33390
GIJÓN;33392
GIJÓN;33691
GOZÓN;33449
GRADO;33820
GRANDAS DE SALIME;33730
IBIAS;33810
LANGREO;33930
LANGREO;33920
LANGREO;33900
LAVIANA;33980
LENA;33630
LLANERA;33424
LLANERA;33428
LLANERA;33690
LLANERA;33192
LLANES;33500
LLANES;33594
LLANES;33592
LLANES;33596
MIERES;33600
MIERES;33611
MIERES;33683
MIERES;33614
MORCÍN;33163
MUROS DE NALÓN;33138
NAVA;33520
NAVIA;33710
NOREÑA;33180
OVIEDO;33010
OVIEDO;33001
OVIEDO;33006
OVIEDO;33011
OVIEDO;33194
OVIEDO;33012
OVIEDO;33195
OVIEDO;33119
OVIEDO;33199
PARRES;33540
PEÑAMELLERA BAJA;33570
PILOÑA;33584
PILOÑA;33530
PRAVIA;33120
PROAZA;33114
RIBADEDEVA;33590
RIBADESELLA;33560
RIBERA DE ARRIBA;33171
SALAS;33860
SALAS;33868
SALAS;33850
SALAS;33848
SAN MARTÍN DEL REY AURELIO;33950
SAN MARTÍN DEL REY AURELIO;33940
SAN TIRSO DE ABRES;33774
SIERO;33936
SIERO;33429
SIERO;33186
SIERO;33519
SIERO;33510
SIERO;33518
SIERO;33199
SIERO;33420
SIERO;33410
SOTO DEL BARCO;33126
SOTO DEL BARCO;33459
TAPIA DE CASARIEGO;33740
TAPIA DE CASARIEGO;33746
TEVERGA;33110
TINEO;33870
TINEO;33873
VALDÉS;33700
VALDÉS;33792
VALDÉS;33784
VALDÉS;33782
VEGADEO;33770
VILLAVICIOSA;33300
VILLAVICIOSA;33314
ADANERO;05296
ADRADA (LA);05430
ALDEASECA;05212
ARENAS DE SAN PEDRO;05400
ARENAS DE SAN PEDRO;05418
ARÉVALO;05200
ARÉVALO;05100
ÁVILA;05001
ÁVILA;05002
ÁVILA;05003
ÁVILA;05004
BARCO DE ÁVILA (EL);05600
BARRACO (EL);05110
BLASCOSANCHO;05290
BURGOHONDO;05113
CANDELEDA;05480
CEBREROS;05260
COLILLA (LA);05192
CRESPOS;05300
ESPINOSA DE LOS CABALLEROS;05296
FONTIVEROS;05310
HERNANSANCHO;05164
HOYO DE PINARES (EL);05250
MADRIGAL DE LAS ALTAS TORRES;05220
MINGORRÍA;05280
MOMBELTRÁN;05410
MUÑANA;05540
MUÑICO;05145
MUÑOGRANDE;05309
NAVA DE ARÉVALO;05216
NAVALPERAL DE PINARES;05240
NAVALUENGA;05100
NAVARREDONDA DE GREDOS;05635
NAVARREDONDILLA;05120
NAVAS DEL MARQUÉS (LAS);05230
ORBITA;05296
PALACIOS DE GODA;05215
PEDRO BERNARDO;05470
PIEDRAHÍTA;05500
SAN ESTEBAN DEL VALLE;05412
SAN PEDRO DEL ARROYO;05350
SANCHIDRIÁN;05290
SOLOSANCHO;05130
SOTILLO DE LA ADRADA;05420
TIEMBLO (EL);05270
TORRE (LA);05540
VELAYOS;05292
VILLANUEVA DEL ACERAL;05212
ACEDERA;06713
ACEUCHAL;06207
AHILLONES;06940
ALANGE;06840
ALBUERA (LA);06170
ALBURQUERQUE;06510
ALBURQUERQUE;06501
ALCONCHEL;06131
ALMENDRAL;06171
ALMENDRALEJO;06200
ARROYO DE SAN SERVÁN;06850
AZUAGA;06920
BADAJOZ;06005
BADAJOZ;06008
BADAJOZ;06009
BADAJOZ;06006
BADAJOZ;06010
BADAJOZ;06004
BADAJOZ;06011
BADAJOZ;06007
BADAJOZ;06183
BADAJOZ;06186
BADAJOZ;06195
BADAJOZ;06080
BARCARROTA;06160
BERLANGA;06930
BIENVENIDA;06250
BURGUILLOS DEL CERRO;06370
CABEZA DEL BUEY;06600
CABEZA LA VACA;06293
CALAMONTE;06810
CALERA DE LEÓN;06292
CALZADILLA DE LOS BARROS;06249
CAMPANARIO;06460
CAMPILLO DE LLERENA;06443
CASAS DE DON PEDRO;06770
CASTILBLANCO;06680
CASTUERA;06420
CODOSERA (LA);06518
CORDOBILLA DE LÁCARA;06487
CORONADA (LA);06469
CORTE DE PELEAS;06196
DON BENITO;06400
DON BENITO;06412
DON BENITO;06717
DON BENITO;06711
ESPARRAGALEJO;06860
FREGENAL DE LA SIERRA;06340
FUENLABRADA DE LOS MONTES;06660
FUENTE DE CANTOS;06240
FUENTE DEL ARCO;06980
FUENTE DEL MAESTRE;06360
FUENTES DE LEÓN;06280
GRANJA DE TORREHERMOSA;06910
GUAREÑA;06470
HABA (LA);06714
HERRERA DEL DUQUE;06670
HIGUERA DE LA SERENA;06441
HIGUERA DE VARGAS;06132
HIGUERA LA REAL;06350
HORNACHOS;06228
JEREZ DE LOS CABALLEROS;06380
JEREZ DE LOS CABALLEROS;06389
LLERENA;06900
LOBÓN;06498
MAGUILLA;06969
MEDELLÍN;06411
MEDINA DE LAS TORRES;06320
MÉRIDA;06800
MONESTERIO;06260
MONESTERIO;06200
MONTEMOLÍN;06907
MONTERRUBIO DE LA SERENA;06427
MONTIJO;06480
NAVA DE SANTIAGO (LA);06486
NAVALVILLAR DE PELA;06760
NAVALVILLAR DE PELA;06730
OLIVA DE LA FRONTERA;06120
OLIVENZA;06100
ORELLANA LA VIEJA;06740
PEÑALSORDO;06610
PUEBLA DE ALCOCER;06630
PUEBLA DE LA CALZADA;06490
PUEBLA DE OBANDO;06191
PUEBLA DE SANCHO PÉREZ;06310
PUEBLA DE SANCHO PÉREZ;06392
PUEBLA DEL MAESTRE;06906
PUEBLONUEVO DEL GUADIANA;06184
QUINTANA DE LA SERENA;06450
RIBERA DEL FRESNO;06225
ROCA DE LA SIERRA (LA);06190
SALVALEÓN;06174
SAN PEDRO DE MÉRIDA;06893
SAN VICENTE DE ALCÁNTARA;06500
SANTA AMALIA;06410
SANTA MARTA;06150
SANTOS DE MAIMONA (LOS);06230
SEGURA DE LEÓN;06270
SIRUELA;06650
SOLANA DE LOS BARROS;06209
SOLANA DE LOS BARROS;06196
TALARRUBIAS;06640
TALAVERA LA REAL;06140
TORRE DE MIGUEL SESMERO;06172
TORREMEJÍA;06210
USAGRE;06290
VALDECABALLEROS;06689
VALDELACALZADA;06185
VALENCIA DE LAS TORRES;06444
VALENCIA DEL MOMBUEY;06134
VALENCIA DEL VENTOSO;06330
VALLE DE LA SERENA;06458
VALLE DE SANTA ANA;06178
VALVERDE DE LEGANÉS;06130
VALVERDE DE MÉRIDA;06890
VILLAFRANCA DE LOS BARROS;06220
VILLAGONZALO;06473
VILLALBA DE LOS BARROS;06208
VILLANUEVA DE LA SERENA;06700
VILLANUEVA DE LA SERENA;06712
VILLANUEVA DE LA SERENA;06720
VILLANUEVA DEL FRESNO;06110
VILLAR DE RENA;06717
VILLAR DEL REY;06192
ZAFRA;06300
ZALAMEA DE LA SERENA;06430
ZARZA (LA);06830
ALAIOR;07730
ALARÓ;07340
ALCÚDIA;07400
ALCÚDIA;07410
ALCÚDIA;07408
ALGAIDA;07210
ANDRATX;07150
ANDRATX;07157
ARTÀ;07570
BINISSALEM;07350
BUNYOLA;07110
CALVIÀ;07184
CALVIÀ;07181
CALVIÀ;07183
CALVIÀ;07180
CAMPANET;07310
CAMPOS;07630
CAPDEPERA;07580
CIUTADELLA DE MENORCA;07760
EIVISSA;07800
ESCORCA;07315
ESPORLES;07190
FELANITX;07200
FELANITX;07670
FERRERIES;07750
FORMENTERA;07860
INCA;07300
LLOSETA;07360
LLUBÍ;07430
LLUCMAJOR;07620
LLUCMAJOR;07600
LLUCMAJOR;07609
MAHÓN;07703
MAHÓN;07702
MAHÓN;07701
MAHÓN;07714
MANACOR;07500
MANACOR;07680
MARRATXÍ;07141
MERCADAL (ES);07740
MONTUÏRI;07230
MURO;07440
MURO;07408
PALMA DE MALLORCA;07004
PALMA DE MALLORCA;07011
PALMA DE MALLORCA;07014
PALMA DE MALLORCA;07015
PALMA DE MALLORCA;07013
PALMA DE MALLORCA;07010
PALMA DE MALLORCA;07120
PALMA DE MALLORCA;07006
PALMA DE MALLORCA;07007
PALMA DE MALLORCA;07008
PALMA DE MALLORCA;07009
PALMA DE MALLORCA;07610
PALMA DE MALLORCA;07608
PALMA DE MALLORCA;07198
PALMA DE MALLORCA;07199
PALMA DE MALLORCA;07611
PETRA;07520
POBLA (SA);07420
POLLENÇA;07460
PORRERES;07260
SALINES (SES);07640
SALINES (SES);07638
SANT ANTONI DE PORTMANY;07820
SANT ANTONI DE PORTMANY;07816
SANT JOAN;07240
SANT JOAN DE LABRITJA;07810
SANT JOSEP DE SA TALAIA;07830
SANT LLORENÇ DES CARDASSAR;07530
SANT LLORENÇ DES CARDASSAR;07560
SANT LLUÍS;07710
SANTA EUGÈNIA;07142
SANTA EULALIA DEL RÍO;07840
SANTA EULALIA DEL RÍO;07814
SANTA MARGALIDA;07458
SANTA MARGALIDA;07450
SANTA MARÍA DEL CAMÍ;07320
SANTANYÍ;07650
SANTANYÍ;07660
SENCELLES;07140
SINEU;07510
SÓLLER;07100
SON SERVERA;07550
VALLDEMOSSA;07170
VILAFRANCA DE BONANY;07250
ABRERA;08630
ALELLA;08328
AMETLLA DEL VALLÈS (L');08480
ARENYS DE MAR;08350
ARENYS DE MUNT;08358
ARGENTONA;08310
ARTÉS;08271
AVINYÓ;08279
BADALONA;08912
BADALONA;08911
BADALONA;08917
BADALONA;08915
BADALONA;08918
BADALONA;08916
BADALONA;08020
BADALONA;08914
BADIA DEL VALLÈS;08214
BALENYÀ;08550
BALSARENY;08660
BARBERÀ DEL VALLÈS;08210
BARCELONA;08003
BARCELONA;08005
BARCELONA;08018
BARCELONA;08006
BARCELONA;08038
BARCELONA;08001
BARCELONA;08039
BARCELONA;08015
BARCELONA;08011
BARCELONA;08004
BARCELONA;08036
BARCELONA;08021
BARCELONA;08013
BARCELONA;08026
BARCELONA;08040
BARCELONA;08014
BARCELONA;08028
BARCELONA;08017
BARCELONA;08034
BARCELONA;08035
BARCELONA;08022
BARCELONA;08023
BARCELONA;08024
BARCELONA;08027
BARCELONA;08032
BARCELONA;08033
BARCELONA;08041
BARCELONA;08031
BARCELONA;08042
BARCELONA;08016
BARCELONA;08020
BARCELONA;08030
BARCELONA;08019
BEGUES;08859
BERGA;08600
BIGUES I RIELLS;08415
BRUC (EL);08294
CABRERA DE MAR;08349
CABRILS;08348
CABRILS;08384
CALAF;08280
CALDERS;08275
CALDES DE MONTBUI;08140
CALELLA;08370
CALLDETENES;08519
CANET DE MAR;08360
CANOVELLES;08420
CANYELLES;08811
CANYELLES;08259
CARDEDEU;08440
CARDONA;08261
CASTELLAR DEL VALLÈS;08211
CASTELLBELL I EL VILAR;08296
CASTELLBISBAL;08755
CASTELLDEFELS;08860
CASTELLET I LA GORNAL;08729
CASTELLGALÍ;08297
CASTELLTERÇOL;08183
CENTELLES;08540
CERCS;08698
CERCS;08699
CERDANYOLA DEL VALLÈS;08290
CERDANYOLA DEL VALLÈS;08193
CERVELLÓ;08758
COLLBATÓ;08293
CORNELLÀ DE LLOBREGAT;08940
CUBELLES;08880
DOSRIUS;08319
ESPARREGUERA;08292
ESPLUGUES DE LLOBREGAT;08950
FOGARS DE LA SELVA;08495
FRANQUESES DEL VALLÈS (LES);08520
GARRIGA (LA);08530
GAVÀ;08850
GELIDA;08790
GIRONELLA;08680
GRANADA (LA);08792
GRANOLLERS;08400
GUALBA;08474
GUARDIOLA DE BERGUEDÀ;08694
GURB;08503
HOSPITALET DE LLOBREGAT (L');08901
HOSPITALET DE LLOBREGAT (L');08907
HOSPITALET DE LLOBREGAT (L');08906
HOSPITALET DE LLOBREGAT (L');08904
HOSPITALET DE LLOBREGAT (L');08903
HOSPITALET DE LLOBREGAT (L');08902
HOSPITALET DE LLOBREGAT (L');08908
HOSPITALET DE LLOBREGAT (L');08905
HOSPITALET DE LLOBREGAT (L');08246
IGUALADA;08700
JORBA;08719
JORBA;08519
LLAGOSTA (LA);08120
LLIÇÀ D'AMUNT;08186
LLIÇÀ DE VALL;08185
LLINARS DEL VALLÈS;08450
MALGRAT DE MAR;08380
MALLA;08519
MANLLEU;08560
MANRESA;08240
MANRESA;08241
MARTORELL;08760
MASIES DE VOLTREGÀ (LES);08519
MASIES DE VOLTREGÀ (LES);08509
MASNOU (EL);08320
MASQUEFA;08783
MATARÓ;08302
MATARÓ;08301
MATARÓ;08304
MATARÓ;08303
MOIÀ;08180
MOLINS DE REI;08750
MOLLET DEL VALLÈS;08100
MONISTROL DE MONTSERRAT;08691
MONTCADA I REIXAC;08110
MONTGAT;08390
MONTMANEU;08717
MONTMELÓ;08160
MONTORNÈS DEL VALLÈS;08170
MONTSENY;08460
NAVARCLES;08270
NAVÀS;08670
ÒDENA;08711
OLÈRDOLA;08799
OLÈRDOLA;08734
OLESA DE MONTSERRAT;08640
OLOST;08519
PACS DEL PENEDÈS;08796
PALAFOLLS;08389
PALAU-SOLITÀ I PLEGAMANS;08184
PALLEJÀ;08780
PALMA DE CERVELLÓ (LA);08756
PAPIOL (EL);08754
PARETS DEL VALLÈS;08150
PIERA;08784
PINEDA DE MAR;08397
PLA DEL PENEDÈS (EL);08733
POBLA DE CLARAMUNT (LA);08787
POBLA DE LILLET (LA);08696
POLINYÀ;08123
PONT DE VILOMARA I ROCAFORT (EL);08254
PRAT DE LLOBREGAT (EL);08820
PRATS DE LLUÇANÈS;08513
PREMIÀ DE DALT;08338
PREMIÀ DE MAR;08330
PUIG-REIG;08692
RIPOLLET;08291
ROCA DEL VALLÈS (LA);08430
RODA DE TER;08510
RUBÍ;08191
RUBÍ;08161
SABADELL;08201
SABADELL;08206
SABADELL;08203
SABADELL;08208
SABADELL;08207
SABADELL;08205
SALDES;08699
SALLENT;08650
SANT ADRIÀ DE BESÒS;08930
SANT ANDREU DE LA BARCA;08740
SANT ANDREU DE LLAVANERES;08392
SANT ANTONI DE VILAMAJOR;08459
SANT BOI DE LLOBREGAT;08830
SANT BOI DE LLOBREGAT;08330
SANT CELONI;08470
SANT CELONI;08476
SANT CUGAT DEL VALLÈS;08174
SANT CUGAT DEL VALLÈS;08190
SANT CUGAT SESGARRIGUES;08798
SANT ESTEVE SESROVIRES;08635
SANT FELIU DE LLOBREGAT;08980
SANT FOST DE CAMPSENTELLES;08105
SANT FRUITÓS DE BAGES;08272
SANT ISCLE DE VALLALTA;08359
SANT JOAN DE VILATORRADA;08250
SANT JOAN DESPÍ;08970
SANT JUST DESVERN;08960
SANT LLORENÇ D'HORTONS;08791
SANT MARTÍ D'ALBARS;08515
SANT MARTÍ SARROCA;08731
SANT PERE DE RIBES;08810
SANT PERE DE RIUDEBITLLES;08776
SANT PERE DE TORELLÓ;08572
SANT PERE SALLAVINERA;08281
SANT POL DE MAR;08395
SANT QUIRZE DEL VALLÈS;08192
SANT QUIRZE SAFAJA;08189
SANT SADURNÍ D'ANOIA;08770
SANT SALVADOR DE GUARDIOLA;08253
SANT VICENÇ DE CASTELLET;08295
SANT VICENÇ DE MONTALT;08394
SANT VICENÇ DE TORELLÓ;08571
SANT VICENÇ DELS HORTS;08620
SANTA COLOMA DE GRAMENET;08921
SANTA COLOMA DE GRAMENET;08924
SANTA COLOMA DE GRAMENET;08923
SANTA EULÀLIA DE RONÇANA;08187
SANTA MARGARIDA DE MONTBUI;08710
SANTA MARGARIDA I ELS MONJOS;08730
SANTA MARIA DE MIRALLES;08787
SANTA MARIA DE PALAUTORDERA;08460
SANTA PERPÈTUA DE MOGODA;08130
SANTA SUSANNA;08398
SANTPEDOR;08251
SENTMENAT;08181
SEVA;08553
SITGES;08870
SUBIRATS;08739
SÚRIA;08260
TAGAMANENT;08593
TEIÀ;08329
TERRASSA;08221
TERRASSA;08222
TERRASSA;08227
TERRASSA;08223
TERRASSA;08228
TERRASSA;08224
TERRASSA;08225
TERRASSA;08226
TERRASSA;08220
TONA;08551
TORDERA;08490
TORDERA;08399
TORELLÓ;08570
TORRE DE CLARAMUNT (LA);08789
TORRELLES DE LLOBREGAT;08629
VACARISSES;08233
VALLGORGUINA;08470
VALLIRANA;08759
VALLROMANES;08188
VIC;08500
VILADECANS;08840
VILADECANS;08440
VILADECAVALLS;08232
VILAFRANCA DEL PENEDÈS;08720
VILANOVA DEL VALLÈS;08410
VILANOVA I LA GELTRÚ;08800
VILASSAR DE DALT;08339
VILASSAR DE MAR;08340
ABADIÑO;48220
ABANTO Y CIÉRVANA-ABANTO ZIERBENA;48500
ALONSOTEGI;48810
AMOREBIETA-ETXANO;48340
ARRIGORRIAGA;48480
ARTEA;48142
BAKIO;48130
BALMASEDA;48800
BARAKALDO;48902
BARAKALDO;48903
BASAURI;48970
BERANGO;48640
BERMEO;48370
BERRIZ;48240
BERRIZ;48249
BILBAO;48015
BILBAO;48004
BILBAO;48003
BILBAO;48001
BILBAO;48013
DERIO;48160
DURANGO;48200
ELORRIO;48230
ERANDIO;48950
ETXEBARRI, ANTEIGLESIA DE SAN ESTEBAN-ETXEBARRI DONEZTEBEKO;48450
GALDAKAO;48960
GERNIKA-LUMO;48300
GETXO;48993
GETXO;48990
GORDEXOLA;48192
GORLIZ;48630
GÜEÑES;48830
IGORRE;48140
IURRETA;48215
IZURTZA;48213
KARRANTZA HARANA/VALLE DE CARRANZA;48991
LARRABETZU;48195
LEIOA;48940
LEKEITIO;48280
LEMOA;48330
LOIU;48180
MALLABIA;48269
MARKINA-XEMEIN;48270
MUNDAKA;48360
MUNGIA;48100
MUNGIA;48120
MUXIKA;48392
OROZKO;48410
ORTUELLA;48530
OTXANDIO;48210
PLENTZIA;48620
PORTUGALETE;48920
SANTURTZI;48980
SESTAO;48910
SOPELANA;48600
SOPUERTA;48190
UGAO-MIRABALLES;48490
URDULIZ;48610
URDUÑA-ORDUÑA;48460
VALLE DE TRÁPAGA-TRAPAGARAN;48510
ZALLA;48860
ZAMUDIO;48170
ZEANURI;48144
ZIERBENA;48508
AMEYUGO;09219
ARANDA DE DUERO;09400
ARCOS;09195
BALBASES (LOS);09119
BASCONCILLOS DEL TOZO;09126
BELORADO;09250
BERBERANA;09511
BRIVIESCA;09240
BUNIEL;09230
BURGOS;09003
BURGOS;09001
BURGOS;09006
BURGOS;09007
BURGOS;09192
BURGOS;09000
CALERUEGA;09451
CARCEDO DE BURGOS;09193
CARDEÑAJIMENO;09193
CASTRILLO DE LA VEGA;09391
CASTROJERIZ;09110
CILLERUELO DE ABAJO;09349
CONDADO DE TREVIÑO;09215
ESPINOSA DE LOS MONTEROS;09560
ESTÉPAR;09230
FONTIOSO;09349
FRANDOVÍNEZ;09230
FUENTECÉN;09315
FUENTESPINA;09471
GUMIEL DE IZÁN;09370
HUERTA DE REY;09430
LERMA;09340
MADRIGALEJO DEL MONTE;09330
MEDINA DE POMAR;09500
MELGAR DE FERNAMENTAL;09100
MERINDAD DE MONTIJA;09569
MERINDAD DE RÍO UBIERNA;09141
MERINDAD DE SOTOSCUEVA;09568
MILAGROS;09460
MIRANDA DE EBRO;09200
OLMEDILLO DE ROA;09311
OÑA;09530
OQUILLAS;09350
PALACIOS DE LA SIERRA;09680
PARDILLA;09462
PUEBLA DE ARGANZÓN (LA);09294
QUINTANAPALLA;09290
QUINTANAR DE LA SIERRA;09670
QUINTANILLA VIVAR;09140
QUINTANILLAS (LAS);09131
REVILLA Y AHEDO (LA);09613
ROA;09300
RUBENA;09199
SALAS DE LOS INFANTES;09600
SANTA MARÍA DEL CAMPO;09342
SARRACÍN;09620
SASAMÓN;09123
SOTRESGUDO;09135
TRESPADERNE;09540
VADOCONDES;09491
VALLE DE LOSA;09510
VALLE DE MENA;09585
VALLE DE SEDANO;09145
VALLE DE TOBALINA;09210
VALLE DE VALDEBEZANA;09572
VALLE DE VALDELUCIO;09127
VILLADIEGO;09120
VILLAGONZALO PEDERNALES;09195
VILLALBILLA DE BURGOS;09197
VILLALMANZO;09390
VILLANUEVA DE ARGAÑO;09130
VILLAQUIRÁN DE LOS INFANTES;09226
VILLARCAYO DE MERINDAD DE CASTILLA LA VIEJA;09550
VILLARCAYO DE MERINDAD DE CASTILLA LA VIEJA;09556
VILLAZOPEQUE;09226
AHIGAL;10650
ALCÁNTARA;10980
ALCUÉSCAR;10160
ALDEA DEL CANO;10160
ALDEANUEVA DEL CAMINO;10740
ALISEDA;10550
ALMARAZ;10350
ALMOHARÍN;10132
ARROYO DE LA LUZ;10900
ARROYOMOLINOS (EXT);10161
BAÑOS DE MONTEMAYOR;10750
BARRADO;10696
BELVÍS DE MONROY;10394
BROZAS;10950
CABEZUELA DEL VALLE;10610
CÁCERES;10005
CÁCERES;10001
CÁCERES;10004
CÁCERES;10002
CÁCERES;10195
CÁCERES;10164
CAMINOMORISCO;10620
CAMPO LUGAR;10134
CAÑAVERAL;10820
CASAR DE CÁCERES;10190
CASAS DE DON GÓMEZ;10818
CASTAÑAR DE IBOR;10340
CECLAVÍN;10870
CILLEROS;10895
COLLADO;10414
CORIA;10800
CUACOS DE YUSTE;10430
DELEITOSA;10370
ESCURIAL;10133
GALISTEO;10691
GALISTEO;10690
GARROVILLAS DE ALCONÉTAR;10940
GUADALUPE;10140
GUIJO DE GALISTEO;10692
GUIJO DE GRANADILLA;10665
JARAÍZ DE LA VERA;10400
JARANDILLA DE LA VERA;10450
LOGROSÁN;10120
LOSAR DE LA VERA;10460
MADRIGALEJO;10110
MADROÑERA;10210
MAJADAS;10529
MALPARTIDA DE CÁCERES;10910
MALPARTIDA DE PLASENCIA;10680
MIAJADAS;10100
MOHEDAS DE GRANADILLA;10664
MONTÁNCHEZ;10170
MONTEHERMOSO;10810
MORALEJA;10840
MORALEJA;10848
NAVALMORAL DE LA MATA;10300
NUÑOMORAL;10623
PALOMERO;10411
PASARÓN DE LA VERA;10411
PERALEDA DE LA MATA;10335
PERALES DEL PUERTO;10896
PINOFRANQUEADO;10630
PIORNAL;10615
PLASENCIA;10600
POZUELO DE ZARZÓN;10813
RIOLOBOS;10693
SANTA CRUZ DE LA SIERRA;10260
SANTIAGO DEL CAMPO;10191
TALAYUELA;10310
TALAYUELA;10319
TEJEDA DE TIÉTAR;10420
TORNO (EL);10617
TORRE DE SANTA MARÍA;10186
TORRECILLAS DE LA TIESA;10252
TORREJÓN EL RUBIO;10694
TORREJONCILLO;10830
TORREORGAZ;10182
TRUJILLO;10200
TRUJILLO;10292
VALDASTILLAS;10614
VALDEOBISPO;10672
VALENCIA DE ALCÁNTARA;10500
VALVERDE DEL FRESNO;10890
VILLANUEVA DE LA VERA;10470
VILLAR DE PLASENCIA;10720
VILLAR DEL PEDROSO;10330
ZARZA DE GRANADILLA;10710
ZARZA LA MAYOR;10800
ZORITA;10130
ALCALÁ DE LOS GAZULES;11180
ALCALÁ DEL VALLE;11693
ALGAR;11639
ALGECIRAS;11201
ALGECIRAS;11207
ALGECIRAS;11204
ALGECIRAS;11205
ALGECIRAS;11206
ALGODONALES;11680
ARCOS DE LA FRONTERA;11630
ARCOS DE LA FRONTERA;11620
BARBATE;11160
BARRIOS (LOS);11370
BARRIOS (LOS);11379
BENALUP-CASAS VIEJAS;11190
BORNOS;11640
BOSQUE (EL);11670
CÁDIZ;11001
CÁDIZ;11006
CÁDIZ;11007
CÁDIZ;11012
CÁDIZ;11011
CÁDIZ;11010
CASTELLAR DE LA FRONTERA;11350
CHICLANA DE LA FRONTERA;11130
CHICLANA DE LA FRONTERA;11139
CHIPIONA;11550
CONIL DE LA FRONTERA;11140
CONIL DE LA FRONTERA;11149
ESPERA;11648
GRAZALEMA;11610
JEREZ DE LA FRONTERA;11408
JEREZ DE LA FRONTERA;11404
JEREZ DE LA FRONTERA;11407
JEREZ DE LA FRONTERA;11406
JEREZ DE LA FRONTERA;11405
JEREZ DE LA FRONTERA;11401
JEREZ DE LA FRONTERA;11400
JEREZ DE LA FRONTERA;11591
JEREZ DE LA FRONTERA;11592
JEREZ DE LA FRONTERA;11570
JEREZ DE LA FRONTERA;11594
JEREZ DE LA FRONTERA;11595
JEREZ DE LA FRONTERA;11579
JIMENA DE LA FRONTERA;11330
JIMENA DE LA FRONTERA;11320
LÍNEA DE LA CONCEPCIÓN (LA);11300
MEDINA-SIDONIA;11170
OLVERA;11690
PATERNA DE RIVERA;11178
PRADO DEL REY;11660
PUERTO DE SANTA MARÍA (EL);11500
PUERTO REAL;11510
ROTA;11520
SAN FERNANDO;11100
SAN JOSÉ DEL VALLE;11580
SAN ROQUE;11360
SAN ROQUE;11314
SAN ROQUE;11312
SANLÚCAR DE BARRAMEDA;11540
SANLÚCAR DE BARRAMEDA;11549
SETENIL DE LAS BODEGAS;11692
TARIFA;11380
TARIFA;11390
TARIFA;11391
TREBUJENA;11560
UBRIQUE;11600
VEJER DE LA FRONTERA;11150
VEJER DE LA FRONTERA;11159
VEJER DE LA FRONTERA;11158
VILLAMARTÍN;11650
ALFOZ DE LLOREDO;39526
AMPUERO;39840
ARENAS DE IGUÑA;39450
ARNUERO;39195
ASTILLERO (EL);39613
ASTILLERO (EL);39611
BÁRCENA DE CICERO;39791
CABEZÓN DE LA SAL;39500
CABEZÓN DE LA SAL;39509
CAMARGO;39600
CAMARGO;39608
CAMPOO DE ENMEDIO;39213
CARTES;39311
CASTAÑEDA;39660
CASTRO-URDIALES;39700
CASTRO-URDIALES;39798
CASTRO-URDIALES;39706
CILLORIGO DE LIÉBANA;39585
COLINDRES;39750
COMILLAS;39520
CORRALES DE BUELNA (LOS);39400
CORRALES DE BUELNA (LOS);39408
CORVERA DE TORANZO;39699
ENTRAMBASAGUAS;39716
ESCALANTE;39795
HAZAS DE CESTO;39730
LAREDO;39770
LIENDO;39776
LIÉRGANES;39718
MARINA DE CUDEYO;39618
MARINA DE CUDEYO;39130
MEDIO CUDEYO;39710
MEDIO CUDEYO;39792
MERUELO;39192
MIENGO;39310
MIENGO;39318
MOLLEDO;39430
PENAGOS;39627
PIÉLAGOS;39470
PIÉLAGOS;39612
PIÉLAGOS;39478
POLANCO;39312
PUENTE VIESGO;39670
RAMALES DE LA VICTORIA;39800
REINOSA;39200
REOCÍN;39538
REOCÍN;39530
RIBAMONTÁN AL MAR;39150
RIBAMONTÁN AL MAR;39160
RIBAMONTÁN AL MONTE;39794
RIONANSA;39554
RUENTE;39513
RUILOBA;39527
SAN FELICES DE BUELNA;39409
SAN VICENTE DE LA BARQUERA;39540
SANTA CRUZ DE BEZANA;39110
SANTA CRUZ DE BEZANA;39100
SANTA CRUZ DE BEZANA;39108
SANTA MARÍA DE CAYÓN;39626
SANTA MARÍA DE CAYÓN;39627
SANTANDER;39010
SANTANDER;39004
SANTANDER;39011
SANTANDER;39005
SANTANDER;39012
SANTANDER;39009
SANTILLANA DEL MAR;39314
SANTIURDE DE TORANZO;39691
SANTOÑA;39740
SOBA;39806
SOLÓRZANO;39738
SUANCES;39340
SUANCES;39350
TORRELAVEGA;39300
TORRELAVEGA;39317
TORRELAVEGA;39316
VAL DE SAN VICENTE;39548
VALDÁLIGA;39592
VALDÁLIGA;39593
VALDERREDIBLE;39220
VEGA DE PAS;39685
VILLACARRIEDO;39640
VILLAESCUSA;39692
VILLAESCUSA;39690
VILLAFUFRE;39638
VOTO;39766
ALBOCÀSSER;12140
ALCALÀ DE XIVERT;12570
ALCORA (L');12110
ALCORA (L');12100
ALMAZORA/ALMASSORA;12550
ALMENARA;12590
ALQUERÍAS DEL NIÑO PERDIDO;12539
ALTURA;12410
ARTANA;12527
ATZENETA DEL MAESTRAT;12132
BARRACAS;12420
BEJÍS;12430
BENASAL;12160
BENICARLÓ;12580
BENICASIM/BENICÀSSIM;12560
BENLLOCH;12181
BETXÍ;12549
BORRIOL;12190
BURRIANA;12530
BURRIANA;12350
CABANES;12180
CABANES;12595
CASTELLÓN DE LA PLANA/CASTELLÓ DE LA PLANA;12006
CASTELLÓN DE LA PLANA/CASTELLÓ DE LA PLANA;12004
CASTELLÓN DE LA PLANA/CASTELLÓ DE LA PLANA;12003
CASTELLÓN DE LA PLANA/CASTELLÓ DE LA PLANA;12005
CASTELLÓN DE LA PLANA/CASTELLÓ DE LA PLANA;12100
CASTELLÓN DE LA PLANA/CASTELLÓ DE LA PLANA;12000
CHILCHES/XILXES;12592
COVES DE VINROMÀ (LES);12185
FORCALL;12310
JÉRICA;12450
LLOSA (LA);12591
LUCENA DEL CID;12120
MONCOFA;12593
MONTANEJOS;12448
MORELLA;12300
NULES;12520
OLOCAU DEL REY;12312
ONDA;12200
OROPESA DEL MAR/ORPESA;12594
PEÑÍSCOLA;12598
POBLA TORNESA (LA);12191
RIBESALBES;12210
SAN RAFAEL DEL RÍO;12510
SANT JOAN DE MORÓ;12130
SANT MATEU;12170
SANTA MAGDALENA DE PULPIS;12597
SEGORBE;12400
SIERRA ENGARCERÁN;12182
SONEJA;12480
SOT DE FERRER;12489
TORREBLANCA;12596
TRAIGUERA;12330
VALL D'ALBA;12194
VALL D'UIXÓ (LA);12600
VILAFAMÉS;12192
VILANOVA D'ALCOLEA;12183
VILLAFRANCA DEL CID;12150
VILLARREAL/VILA-REAL;12540
VILLAVIEJA;12526
VINARÒS;12500
VISTABELLA DEL MAESTRAZGO;12135
VIVER;12460
CEUTA;51001
CEUTA;51002
ABENÓJAR;13180
AGUDO;13410
ALBALADEJO;13340
ALCÁZAR DE SAN JUAN;13600
ALCÁZAR DE SAN JUAN;13690
ALCÁZAR DE SAN JUAN;13720
ALCOLEA DE CALATRAVA;13107
ALCUBILLAS;13391
ALDEA DEL REY;13380
ALMADÉN;13400
ALMAGRO;13270
ALMAGRO;13260
ALMEDINA;13328
ALMODÓVAR DEL CAMPO;13580
ALMURADIEL;13760
ARENALES DE SAN GREGORIO;13619
ARENAS DE SAN JUAN;13679
ARGAMASILLA DE ALBA;13710
ARGAMASILLA DE CALATRAVA;13440
BOLAÑOS DE CALATRAVA;13260
BRAZATORTAS;13450
CALZADA DE CALATRAVA;13370
CAMPO DE CRIPTANA;13610
CARRIÓN DE CALATRAVA;13150
CARRIZOSA;13329
CASTELLAR DE SANTIAGO;13750
CHILLÓN;13412
CIUDAD REAL;13002
CIUDAD REAL;13004
CIUDAD REAL;13005
CIUDAD REAL;13003
CIUDAD REAL;13197
CORRAL DE CALATRAVA;13190
CORTIJOS (LOS);13427
CÓZAR;13345
DAIMIEL;13250
FUENCALIENTE;13130
FUENTE EL FRESNO;13680
GRANÁTULA DE CALATRAVA;13360
GUADALMEZ;13490
HERENCIA;13640
LABORES (LAS);13660
LLANOS DEL CAUDILLO;13220
LUCIANA;13108
MALAGÓN;13420
MANZANARES;13200
MEMBRILLA;13230
MIGUELTURRA;13170
MONTIEL;13326
MORAL DE CALATRAVA;13350
PEDRO MUÑOZ;13620
PIEDRABUENA;13100
PORZUNA;13120
POZUELO DE CALATRAVA;13179
PUEBLA DE DON RODRIGO;13109
PUEBLA DEL PRÍNCIPE;13342
PUERTO LÁPICE;13650
PUERTOLLANO;13500
RETUERTA DEL BULLAQUE;13194
ROBLEDO (EL);13114
RUIDERA;13249
SACERUELA;13414
SAN CARLOS DEL VALLE;13247
SANTA CRUZ DE LOS CÁÑAMOS;13327
SANTA CRUZ DE MUDELA;13730
SOCUÉLLAMOS;13630
SOLANA (LA);13240
TERRINCHES;13341
TOMELLOSO;13700
TORRALBA DE CALATRAVA;13160
TORRE DE JUAN ABAD;13344
TORRENUEVA;13740
VALDEPEÑAS;13300
VALDEPEÑAS;13310
VILLAHERMOSA;13332
VILLAMANRIQUE;13343
VILLAMAYOR DE CALATRAVA;13595
VILLANUEVA DE LA FUENTE;13330
VILLANUEVA DE LOS INFANTES;13320
VILLANUEVA DE SAN CARLOS;13379
VILLARRUBIA DE LOS OJOS;13670
VILLARTA DE SAN JUAN;13210
VISO DEL MARQUÉS;13770
ADAMUZ;14430
AGUILAR DE LA FRONTERA;14920
ALCARACEJOS;14480
ALMEDINILLA;14812
ALMODÓVAR DEL RÍO;14720
AÑORA;14450
BAENA;14850
BAENA;14859
BELALCÁZAR;14280
BELMEZ;14240
BENAMEJÍ;14910
BLÁZQUEZ (LOS);14208
BUJALANCE;14650
CABRA;14940
CAÑETE DE LAS TORRES;14660
CARCABUEY;14810
CARDEÑA;14445
CARLOTA (LA);14100
CARLOTA (LA);14191
CARPIO (EL);14620
CASTRO DEL RÍO;14840
CÓRDOBA;14001
CÓRDOBA;14006
CÓRDOBA;14014
CÓRDOBA;14007
CÓRDOBA;14011
CÓRDOBA;14010
CÓRDOBA;14610
CÓRDOBA;14005
CÓRDOBA;14710
CÓRDOBA;14013
CÓRDOBA;14009
CÓRDOBA;14820
CÓRDOBA;14193
CÓRDOBA;14190
CÓRDOBA;14320
CÓRDOBA;14191
DOÑA MENCÍA;14860
ENCINAS REALES;14913
ESPEJO;14830
FERNÁN-NÚÑEZ;14520
FUENTE OBEJUNA;14290
FUENTE PALMERA;14120
FUENTE PALMERA;14210
FUENTE-TÓJAR;14815
HINOJOSA DEL DUQUE;14270
HORNACHUELOS;14740
IZNÁJAR;14970
IZNÁJAR;14978
LUCENA;14900
LUQUE;14880
MONTALBÁN DE CÓRDOBA;14548
MONTEMAYOR;14530
MONTEMAYOR;14350
MONTILLA;14550
MONTORO;14600
MONTURQUE;14930
MORILES;14510
NUEVA CARTEYA;14857
NUEVA CARTEYA;14587
OBEJO;14310
PALENCIANA;14914
PALMA DEL RÍO;14700
PEDRO ABAD;14630
PEDROCHE;14412
PEÑARROYA-PUEBLONUEVO;14200
POSADAS;14730
POZOBLANCO;14400
PRIEGO DE CÓRDOBA;14800
PRIEGO DE CÓRDOBA;14814
PRIEGO DE CÓRDOBA;14816
PRIEGO DE CÓRDOBA;14815
PUENTE GENIL;14500
PUENTE GENIL;14005
RAMBLA (LA);14540
RUTE;14960
RUTE;14950
SAN SEBASTIÁN DE LOS BALLESTEROS;14150
SANTAELLA;14546
SANTAELLA;14547
VICTORIA (LA);14140
VILLA DEL RÍO;14640
VILLA DEL RÍO;14940
VILLAFRANCA DE CÓRDOBA;14420
VILLAHARTA;14210
VILLANUEVA DE CÓRDOBA;14440
VILLANUEVA DEL DUQUE;14250
VILLANUEVA DEL REY;14230
VILLAVICIOSA DE CÓRDOBA;14300
VISO (EL);14470
ABEGONDO;15318
AMES;15864
AMES;15228
ARTEIXO;15142
ARTEIXO;15141
ARTEIXO;15144
ARTEIXO;15140
ARZÚA;15810
ARZÚA;15819
BAÑA (A);15837
BAÑA (A);15863
BERGONDO;15165
BETANZOS;15300
BETANZOS;15319
BOIMORTO;15816
BOIRO;15930
BOIRO;15939
BOIRO;15937
BOQUEIXÓN;15881
BRIÓN;15280
CABANA DE BERGANTIÑOS;15115
CABANAS;15622
CAMARIÑAS;15121
CAMBRE;15660
CAMBRE;15181
CAMBRE;15679
CAMBRE;15650
CAPELA (A);15613
CARBALLO;15100
CARBALLO;15109
CARIÑO;15360
CARNOTA;15293
CARRAL;15175
CARRAL;15182
CEDEIRA;15350
CEDEIRA;15359
CEE;15270
CERCEDA;15185
CERCEDA;15186
CERDIDO;15569
COIRÓS;15316
CORISTANCO;15147
CORUÑA (A);15002
CORUÑA (A);15006
CORUÑA (A);15004
CORUÑA (A);15008
CORUÑA (A);15010
CORUÑA (A);15011
CORUÑA (A);15009
CORUÑA (A);15170
CORUÑA (A);15190
CORUÑA (A);15191
CORUÑA (A);15108
CULLEREDO;15180
CULLEREDO;15670
CULLEREDO;15174
CULLEREDO;15189
CURTIS;15310
DODRO;15981
DUMBRÍA;15151
FENE;15500
FERROL;15405
FERROL;15404
FERROL;15407
FERROL;15590
FISTERRA;15155
FRADES;15686
IRIXOA;15313
LARACHA (A);15145
LAXE;15117
MALPICA DE BERGANTIÑOS;15113
MAZARICOS;15837
MAZARICOS;15258
MELIDE;15800
MELIDE;15807
MIÑO;15630
MOECHE;15563
MUGARDOS;15620
MUROS;15250
MUXÍA;15124
NARÓN;15570
NARÓN;15540
NARÓN;15320
NARÓN;15578
NEDA;15510
NEDA;15577
NEGREIRA;15830
NOIA;15200
NOIA;15210
OLEIROS;15173
OLEIROS;15171
OLEIROS;15176
OLEIROS;15172
ORDES;15680
ORDES;15689
OROSO;15688
ORTIGUEIRA;15330
OUTES;15230
OZA DOS RÍOS;15380
PADERNE;15314
PADRÓN;15900
PADRÓN;15917
PADRÓN;15980
PINO (O);15887
POBRA DO CARAMIÑAL (A);15940
PONTECESO;15110
PONTEDEUME;15600
PONTEDEUME;15614
PONTES DE GARCÍA RODRÍGUEZ (AS);15320
PONTES DE GARCÍA RODRÍGUEZ (AS);15610
PORTO DO SON;15970
RIANXO;15920
RIANXO;15985
RIBEIRA;15960
ROIS;15282
SADA;15160
SADA;15168
SAN SADURNIÑO;15560
SANTA COMBA;15840
SANTIAGO DE COMPOSTELA;15705
SANTIAGO DE COMPOSTELA;15898
SANTIAGO DE COMPOSTELA;15706
SANTIAGO DE COMPOSTELA;15896
SANTIAGO DE COMPOSTELA;15707
SANTIAGO DE COMPOSTELA;15890
SANTIAGO DE COMPOSTELA;15702
SANTIAGO DE COMPOSTELA;15893
SANTIAGO DE COMPOSTELA;15701
SANTIAGO DE COMPOSTELA;15899
SANTIAGO DE COMPOSTELA;15888
SANTIAGO DE COMPOSTELA;15897
SOBRADO;15813
TEO;15866
TEO;15883
TEO;15886
TRAZO;15687
VAL DO DUBRA;15873
VAL DO DUBRA;15871
VAL DO DUBRA;15872
VALDOVIÑO;15552
VEDRA;15881
VILASANTAR;15807
VIMIANZO;15129
ZAS;15850
ZAS;15150
ALBERCA DE ZÁNCARA (LA);16620
ALIAGUILLA;16313
ALMARCHA (LA);16740
ALMODÓVAR DEL PINAR;16215
ALMONACID DEL MARQUESADO;16431
ATALAYA DEL CAÑAVATE;16710
BARAJAS DE MELO;16460
BELINCHÓN;16470
BELINCHÓN;16740
BELMONTE;16640
BETETA;16870
BUENACHE DE ALARCÓN;16114
CAMPILLO DE ALTOBUEY;16210
CAMPOS DEL PARAÍSO;16555
CAÑAVERAS;16850
CAÑAVERUELAS;16537
CAÑETE;16300
CARBONERAS DE GUADAZAÓN;16350
CARDENETE;16373
CASAS DE BENÍTEZ;16707
CASAS DE FERNANDO ALONSO;16610
CASAS DE HARO;16611
CASAS DE LOS PINOS;16612
CASASIMARRO;16239
CASTILLEJO DE INIESTA;16250
CASTILLO DE GARCIMUÑOZ;16623
CERVERA DEL LLANO;16444
CHILLARÓN DE CUENCA;16190
CUENCA;16003
CUENCA;16002
CUENCA;16004
CUENCA;16196
CUENCA;16193
FUENTE DE PEDRO NAHARRO;16411
GRAJA DE INIESTA;16251
HERRUMBLAR (EL);16290
HINOJOSA (LA);16435
HINOJOSOS (LOS);16417
HITO (EL);16441
HONRUBIA;16730
HORCAJO DE SANTIAGO;16410
HUETE;16500
INIESTA;16235
LANDETE;16330
LEDAÑA;16237
MESAS (LAS);16650
MINGLANILLA;16260
MIRA;16393
MONTALBANEJO;16434
MONTALBO;16440
MOTA DEL CUERVO;16630
MOTILLA DEL PALANCAR;16200
PALOMARES DEL CAMPO;16160
PEDERNOSO (EL);16638
PEDROÑERAS (LAS);16660
PERAL (EL);16240
POZOAMARGO;16708
POZORRUBIELOS DE LA MANCHA;16212
PRIEGO;16800
PROVENCIO (EL);16670
PUEBLA DE ALMENARA;16421
QUINTANAR DEL REY;16220
SAELICES;16430
SALVACAÑETE;16318
SAN CLEMENTE;16600
SAN LORENZO DE LA PARRILLA;16770
SANTA CRUZ DE MOYA;16336
SANTA MARÍA DE LOS LLANOS;16639
SANTA MARÍA DEL CAMPO RUS;16621
TALAYUELAS;16320
TARANCÓN;16400
TÉBAR;16710
TORREJONCILLO DEL REY;16161
TORRUBIA DEL CAMPO;16413
TRAGACETE;16150
TRESJUNCOS;16422
VALDEOLIVAS;16813
VALERAS (LAS);16120
VILLACONEJOS DE TRABAQUE;16860
VILLAESCUSA DE HARO;16647
VILLAGARCÍA DEL LLANO;16236
VILLALBA DEL REY;16535
VILLALPARDO;16270
VILLAMAYOR DE SANTIAGO;16415
VILLANUEVA DE LA JARA;16230
VILLAR DE CAÑAS;16433
VILLAREJO DE FUENTES;16432
VILLAREJO-PERIESTEBAN;16771
VILLARES DEL SAZ;16442
VILLARRUBIO;16420
VILLARTA;16280
VILLAVERDE Y PASACONSOL;16111
ZAFRA DE ZÁNCARA;16771
AIA;20809
ANDOAIN;20140
ANOETA;20270
ARRASATE/MONDRAGÓN;20500
ASTIGARRAGA;20115
ATAUN;20211
AZKOITIA;20720
AZPEITIA;20730
BEASAIN;20200
BERGARA;20570
DEBA;20820
DEBA;20829
DONOSTIA-SAN SEBASTIÁN;20009
DONOSTIA-SAN SEBASTIÁN;20010
DONOSTIA-SAN SEBASTIÁN;20014
DONOSTIA-SAN SEBASTIÁN;20002
DONOSTIA-SAN SEBASTIÁN;20012
DONOSTIA-SAN SEBASTIÁN;20013
DONOSTIA-SAN SEBASTIÁN;20015
DONOSTIA-SAN SEBASTIÁN;20018
DONOSTIA-SAN SEBASTIÁN;20160
DONOSTIA-SAN SEBASTIÁN;20017
EIBAR;20600
ELGOIBAR;20870
ERRENTERIA;20100
ESKORIATZA;20540
HERNANI;20120
HONDARRIBIA;20280
IDIAZABAL;20213
IRUN;20303
IRUN;20304
IRUN;20305
IRURA;20271
ITSASONDO;20249
LASARTE-ORIA;20160
LAZKAO;20210
LEGAZPI;20230
LEGORRETA;20250
LEZO;20100
MUTRIKU;20830
OIARTZUN;20180
OLABERRIA;20212
OÑATI;20560
ORDIZIA;20240
PASAIA;20110
TOLOSA;20400
URNIETA;20130
URRETXU;20700
USURBIL;20170
VILLABONA;20150
ZARAUTZ;20800
ZESTOA;20740
ZESTOA;20749
ZUMAIA;20750
ZUMARRAGA;20700
AIGUAVIVA;17181
AMER;17170
ANGLÈS;17160
ARBÚCIES;17401
AVINYONET DE PUIGVENTÓS;17742
BANYOLES;17820
BÀSCARA;17483
BEGUR;17255
BELLCAIRE D'EMPORDÀ;17141
BESALÚ;17850
BESCANÓ;17162
BISBAL D'EMPORDÀ (LA);17100
BIURE;17723
BLANES;17300
BORRASSÀ;17770
BRUNYOLA;17441
CABANELLES;17746
CADAQUÉS;17488
CALDES DE MALAVELLA;17455
CALONGE;17251
CAMPELLES;17534
CAMPRODON;17867
CAPMANY;17750
CASSÀ DE LA SELVA;17244
CASTELLÓ D'EMPÚRIES;17486
CASTELL-PLATJA D'ARO;17249
CASTELL-PLATJA D'ARO;17250
CELLERA DE TER (LA);17165
CELRÀ;17460
CERVIÀ DE TER;17464
CORÇÀ;17121
ESCALA (L');17130
FAR D'EMPORDÀ (EL);17469
FIGUERES;17600
FIGUERES;17484
FONTANILLES;17257
FORALLAC;17111
FORNELLS DE LA SELVA;17458
FORTIÀ;17469
GARRIGÀS;17476
GIRONA;17004
GIRONA;17002
GIRONA;17001
GIRONA;17005
GIRONA;17003
GIRONA;17006
GIRONA;17007
HOSTALRIC;17450
JONQUERA (LA);17700
JUIÀ;17462
LLAGOSTERA;17240
LLANÇÀ;17490
LLERS;17730
LLÍVIA;17527
LLORET DE MAR;17310
MAÇANET DE CABRENYS;17720
MAÇANET DE LA SELVA;17412
MONT-RAS;17253
OLOT;17800
OLOT;17600
PALAFRUGELL;17200
PALAMÓS;17230
PALAMÓS;17320
PALOL DE REVARDIT;17843
PAU;17494
PEDRET I MARZÀ;17493
PERA (LA);17120
PLANES D'HOSTOLES (LES);17172
PONT DE MOLINS;17706
PORQUERES;17834
PORT DE LA SELVA (EL);17489
PORTBOU;17497
PRESES (LES);17178
PUIGCERDÀ;17520
QUART;17242
REGENCÓS;17214
RIPOLL;17500
RIUDARENES;17421
RIUDELLOTS DE LA SELVA;17457
ROSES;17480
SALT;17190
SANT FELIU DE BUIXALLEU;17451
SANT FELIU DE GUÍXOLS;17220
SANT GREGORI;17150
SANT HILARI SACALM;17403
SANT JAUME DE LLIERCA;17854
SANT JOAN DE LES ABADESSES;17860
SANT JOAN LES FONTS;17857
SANT JORDI DESVALLS;17464
SANT PERE PESCADOR;17470
SANTA COLOMA DE FARNERS;17430
SANTA CRISTINA D'ARO;17246
SANTA LLOGAIA D'ÀLGUEMA;17771
SARRIÀ DE TER;17840
SAUS;17467
SERINYÀ;17852
SERRA DE DARÓ;17133
SILS;17410
TORROELLA DE MONTGRÍ;17257
TOSSA DE MAR;17320
ULLÀ;17140
VALL DE BIANYA (LA);17813
VALL D'EN BAS (LA);17176
VERGES;17142
VIDRERES;17411
VILADAMAT;17137
VILADRAU;17406
VILAMALLA;17469
VILOBÍ D'ONYAR;17185
ALBOLOTE;18220
ALBUÑÁN;18518
ALBUÑOL;18700
ALBUÑOL;18760
ALBUÑOL;18770
ALFACAR;18170
ALGARINEJO;18280
ALHAMA DE GRANADA;18120
ALHAMA DE GRANADA;18128
ALHENDÍN;18620
ALMUÑÉCAR;18690
ALMUÑÉCAR;18697
ARMILLA;18100
ARMILLA;18007
ATARFE;18230
BAZA;18800
BAZA;18500
BAZA;18860
BENALÚA DE LAS VILLAS;18564
BENAMAUREL;18817
CÁDIAR;18440
CALAHORRA (LA);18512
CALICASAS;18290
CAMPOTÉJAR;18565
CANILES;18810
CASTILLÉJAR;18818
CASTRIL;18816
CENES DE LA VEGA;18190
CHAUCHINA;18330
CHURRIANA DE LA VEGA;18194
CIJUELA;18339
COGOLLOS DE LA VEGA;18197
COLOMERA;18564
CUEVAS DEL CAMPO;18813
CÚLLAR;18850
CÚLLAR;18181
CÚLLAR;18859
CÚLLAR VEGA;18195
DARRO;18181
DEIFONTES;18570
DIEZMA;18180
DÓLAR;18512
DÚRCAL;18650
DÚRCAL;18560
FREILA;18812
FUENTE VAQUEROS;18340
GABIAS (LAS);18110
GALERA;18840
GOR;18870
GRANADA;18003
GRANADA;18004
GRANADA;18006
GRANADA;18007
GRANADA;18015
GRANADA;18008
GRANADA;18012
GRANADA;18011
GRANADA;18013
GRANADA;18014
GUADAHORTUNA;18560
GUADIX;18500
GUALCHOS;18740
GÜEJAR SIERRA;18160
GÜEVÉJAR;18212
HUÉNEJA;18512
HUÉSCAR;18830
HUÉTOR DE SANTILLÁN;18183
HUÉTOR TÁJAR;18360
HUÉTOR VEGA;18198
ILLORA;18260
ILLORA;18200
ILLORA;18350
IZNALLOZ;18550
IZNALLOZ;18567
JAYENA;18127
JETE;18699
JUN;18170
LÁCHAR;18327
LANJARÓN;18420
LECRÍN;18656
LOJA;18300
LOJA;18312
LOJA;18311
MARACENA;18200
MOCLÍN;18249
MOLVÍZAR;18611
MONACHIL;18193
MONTEFRÍO;18270
MONTEJÍCAR;18561
MONTILLANA;18566
MORALEDA DE ZAFAYONA;18370
MORELÁBOR;18540
MOTRIL;18600
MOTRIL;18730
NEVADA;18493
NIGÜELAS;18657
OGÍJARES;18151
ORCE;18558
ÓRGIVA;18400
OTURA;18630
PADUL;18640
PAMPANEIRA;18411
PELIGROS;18210
PEZA (LA);18517
PÍÑAR;18568
PINOS PUENTE;18240
PINOS PUENTE;18291
PINOS PUENTE;18250
PÓRTUGOS;18415
PUEBLA DE DON FADRIQUE;18820
PULIANAS;18197
PURULLENA;18519
SALAR;18310
SALOBREÑA;18680
SANTA FE;18320
VEGAS DEL GENIL;18101
VEGAS DEL GENIL;18193
VÉLEZ DE BENAUDALLA;18670
VENTAS DE HUELMA;18131
VILLAMENA;18659
VILLANUEVA DE LAS TORRES;18539
VILLANUEVA MESÍA;18369
ZAFARRAYA;18128
ZAGRA;18311
ZUBIA (LA);18140
ZÚJAR;18811
ALCOLEA DEL PINAR;19260
ALGORA;19268
ALMADRONES;19490
ALMOGUERA;19115
ALMONACID DE ZORITA;19118
ALOVERA;19208
ATIENZA;19270
AZUQUECA DE HENARES;19200
BERNINCHES;19133
BRIHUEGA;19400
CABANILLAS DEL CAMPO;19171
CAMPILLO DE DUEÑAS;19360
CASAR (EL);19170
CHILOECHES;19160
CIFUENTES;19420
CONDEMIOS DE ARRIBA;19275
CUBILLO DE UCEDA (EL);19186
ESPINOSA DE HENARES;19192
FONTANAR;19290
GUADALAJARA;19001
GUADALAJARA;19004
GUADALAJARA;19193
GUADALAJARA;19005
GUADALAJARA;19002
HUMANES;19220
JADRAQUE;19240
LEDANCA;19195
MARANCHÓN;19280
MARCHAMALO;19180
MARCHAMALO;19004
MIRABUENO;19268
MOLINA DE ARAGÓN;19300
MONDÉJAR;19110
PASTRANA;19100
PIOZ;19162
POZO DE GUADALAJARA;19161
QUER;19209
SACEDÓN;19120
SAÚCA;19262
SIGÜENZA;19250
TORIJA;19190
TORRE DEL BURGO;19228
TORREJÓN DEL REY;19174
TORREMOCHA DEL CAMPO;19268
TRIJUEQUE;19192
UCEDA;19187
VILLANUEVA DE LA TORRE;19209
YEBRA;19111
YUNQUERA DE HENARES;19210
ALJARAQUE;21110
ALMONASTER LA REAL;21350
ALMONTE;21730
ALMONTE;21750
ALMONTE;21760
ALOSNO;21520
ALOSNO;21530
ARACENA;21200
AROCHE;21240
AYAMONTE;21400
BEAS;21630
BERROCAL;21647
BOLLULLOS PAR DEL CONDADO;21710
BONARES;21830
CALA;21270
CALAÑAS;21300
CAMPILLO (EL);21650
CARTAYA;21450
CERRO DE ANDÉVALO (EL);21320
CHUCENA;21891
CORTEGANA;21230
ENCINASOLA;21390
ESCACENA DEL CAMPO;21870
GIBRALEÓN;21500
GRANADO (EL);21594
HIGUERA DE LA SIERRA;21220
HUELVA;21001
HUELVA;21003
HUELVA;21002
HUELVA;21004
HUELVA;21006
HUELVA;21007
HUELVA;21005
ISLA CRISTINA;21410
ISLA CRISTINA;21430
LEPE;21440
LEPE;21400
LEPE;21449
LUCENA DEL PUERTO;21820
MANZANILLA;21890
MINAS DE RIOTINTO;21660
MOGUER;21800
MOGUER;21880
MOGUER;21130
NAVA (LA);21291
NERVA;21670
NIEBLA;21840
PALMA DEL CONDADO (LA);21700
PALOS DE LA FRONTERA;21810
PATERNA DEL CAMPO;21880
PAYMOGO;21560
PUEBLA DE GUZMÁN;21550
PUNTA UMBRÍA;21100
ROCIANA DEL CONDADO;21720
ROSAL DE LA FRONTERA;21250
SAN BARTOLOMÉ DE LA TORRE;21510
SAN JUAN DEL PUERTO;21610
SANTA BÁRBARA DE CASA;21570
SANTA OLALLA DEL CALA;21260
SANTA OLALLA DEL CALA;21620
TRIGUEROS;21620
VALVERDE DEL CAMINO;21600
VILLABLANCA;21590
VILLALBA DEL ALCOR;21860
VILLANUEVA DE LOS CASTILLEJOS;21540
VILLARRASA;21850
ZALAMEA LA REAL;21640
AÍNSA-SOBRARBE;22330
ALBALATE DE CINCA;22534
ALBERO BAJO;22255
ALCAMPELL;22560
ALCOLEA DE CINCA;22410
ALCUBIERRE;22251
ALMUDÉVAR;22270
ALQUÉZAR;22145
ALTORRICÓN;22540
ARÉN;22583
AYERBE;22800
BALLOBAR;22234
BARBASTRO;22300
BENABARRE;22580
BENASQUE;22440
BIELSA;22350
BIESCAS;22630
BINACED;22510
BINÉFAR;22500
BOLTAÑA;22340
BROTO;22370
CAMPO;22450
CANDASNOS;22591
CANFRANC;22880
CAPELLA;22480
CASTEJÓN DE SOS;22466
CASTEJÓN DEL PUENTE;22310
ESPLÚS;22535
ESTADILLA;22423
ESTOPIÑÁN DEL CASTILLO;22589
FONZ;22422
FRAGA;22520
GRADO (EL);22390
GRAÑÉN;22260
GRAÑÉN;22269
GRAUS;22430
GRAUS;22436
GURREA DE GÁLLEGO;22280
HUERTO;22210
HUESCA;22003
HUESCA;22006
HUESCA;22004
HUESCA;22197
HUESCA;22090
ISÁBENA;22483
JACA;22700
LABUERDA;22360
LALUEZA;22214
LANAJA;22250
LOPORZANO;22192
MONZÓN;22400
NUENO;22193
ONTIÑENA;22232
OSSO DE CINCA;22532
PEÑALBA;22592
PERALTA DE ALCOFEA;22130
PERALTILLA;22311
PUENTE LA REINA DE JACA;22751
SABIÑÁNIGO;22600
SABIÑÁNIGO;22004
SABIÑÁNIGO;22621
SALLENT DE GÁLLEGO;22640
SALLENT DE GÁLLEGO;22663
SAN MIGUEL DEL CINCA;22412
SAN MIGUEL DEL CINCA;22413
SAN MIGUEL DEL CINCA;22411
SARIÑENA;22200
SECASTILLA;22439
SENA;22230
SIÉTAMO;22120
SOTONERA (LA);22810
TAMARITE DE LITERA;22550
TELLA-SIN;22365
TORRENTE DE CINCA;22590
TORRES DE BARBUÉS;22255
VALLE DE HECHO;22720
VILLANÚA;22870
VILLANUEVA DE SIGENA;22231
ZAIDÍN;22530
ALBANCHEZ DE MÁGINA;23538
ALCALÁ LA REAL;23680
ALCALÁ LA REAL;23684
ALCALÁ LA REAL;23686
ALCAUDETE;23660
ALCAUDETE;23669
ANDÚJAR;23740
ARJONA;23760
ARJONILLA;23750
ARQUILLOS;23230
ARROYO DEL OJANCO;23340
BAEZA;23440
BAILÉN;23710
BAÑOS DE LA ENCINA;23711
BEAS DE SEGURA;23280
BEDMAR Y GARCÍEZ;23537
BEGÍJAR;23520
BÉLMEZ DE LA MORALEDA;23568
CABRA DEL SANTO CRISTO;23550
CAMBIL;23120
CAMPILLO DE ARENAS;23130
CANENA;23420
CARBONEROS;23211
CÁRCHELES;23192
CÁRCHELES;23191
CAROLINA (LA);23200
CASTELLAR;23260
CASTILLO DE LOCUBÍN;23670
CAZORLA;23470
CHICLANA DE SEGURA;23264
CHILLUÉVAR;23477
FRAILES;23690
FUERTE DEL REY;23180
GUARDIA DE JAÉN (LA);23170
GUARROMÁN;23210
HUELMA;23560
HUESA;23487
IBROS;23450
IRUELA (LA);23476
IZNATORAF;23338
JABALQUINTO;23712
JABALQUINTO;23629
JAÉN;23002
JAÉN;23001
JAÉN;23009
JAÉN;23008
JAÉN;23005
JAÉN;23000
JAMILENA;23658
JIMENA;23530
JÓDAR;23500
LAHIGUERA;23746
LINARES;23700
LOPERA;23780
MANCHA REAL;23100
MARMOLEJO;23770
MARTOS;23600
MARTOS;23615
MENGÍBAR;23620
MONTIZÓN;23267
MONTIZÓN;23265
NAVAS DE SAN JUAN;23240
NOALEJO;23140
ORCERA;23370
PEAL DE BECERRO;23460
PEGALAJAR;23110
PORCUNA;23790
POZO ALCÓN;23485
PUENTE DE GÉNAVE;23350
PUERTA DE SEGURA (LA);23360
QUESADA;23480
RUS;23430
SABIOTE;23410
SANTA ELENA;23213
SANTIAGO-PONTONES;23290
SANTISTEBAN DEL PUERTO;23250
SANTO TOMÉ;23311
SEGURA DE LA SIERRA;23293
SILES;23380
SORIHUELA DEL GUADALIMAR;23270
TORRE DEL CAMPO;23640
TORREBLASCOPEDRO;23510
TORREDONJIMENO;23650
TORREPEROGIL;23320
TORRES;23540
TORRES DE ALBÁNCHEZ;23391
ÚBEDA;23400
VALDEPEÑAS DE JAÉN;23150
VILCHES;23220
VILLACARRILLO;23300
VILLACARRILLO;23310
VILLANUEVA DE LA REINA;23730
VILLANUEVA DEL ARZOBISPO;23330
VILLARES (LOS);23160
VILLATORRES;23630
ANTIGUA (LA);24796
ARDÓN;24232
ASTORGA;24700
BAÑEZA (LA);24750
BEMBIBRE;24300
BEMBIBRE;24318
BOÑAR;24850
BRAZUELO;24715
BURGO RANERO (EL);24343
CABREROS DEL RÍO;24224
CACABELOS;24540
CAMPO DE VILLAVIDEL;24225
CAMPONARAYA;24410
CARRIZO;24270
CARROCERA;24123
CASTROCALBÓN;24760
CASTROCONTRIGO;24734
CHOZAS DE ABAJO;24392
CISTIERNA;24800
CISTIERNA;24950
CUBILLAS DE RUEDA;24161
CUBILLOS DEL SIL;24492
FABERO;24420
FRESNO DE LA VEGA;24223
HOSPITAL DE ÓRBIGO;24286
LAGUNA DE NEGRILLOS;24234
LEÓN;24003
LEÓN;24001
LEÓN;24004
LEÓN;24008
LEÓN;24007
LEÓN;24005
LEÓN;24009
LEÓN;24010
LEÓN;24192
LEÓN;24191
MANSILLA DE LAS MULAS;24210
MANSILLA MAYOR;24217
ONZONILLA;24231
PÁRAMO DEL SIL;24470
POLA DE GORDÓN (LA);24600
PONFERRADA;24400
PUEBLA DE LILLO;24855
PUENTE DE DOMINGO FLÓREZ;24380
RIAÑO;24900
RIEGO DE LA VEGA;24794
RIELLO;24126
RIOSECO DE TAPIA;24275
ROBLA (LA);24640
ROPERUELOS DEL PÁRAMO;24790
SAHAGÚN;24320
SAN ANDRÉS DEL RABANEDO;24191
SAN ANDRÉS DEL RABANEDO;24010
SAN CRISTÓBAL DE LA POLANTERA;24359
SAN EMILIANO;24144
SANTA CRISTINA DE VALMADRIGAL;24290
SANTA MARÍA DE LA ISLA;24795
SANTA MARÍA DEL PÁRAMO;24240
SANTOVENIA DE LA VALDONCINA;24391
SARIEGOS;24121
SENA DE LUNA;24146
TORAL DE LOS GUZMANES;24237
TORENO;24450
TRABADELO;24523
TURCIA;24285
TURCIA;24284
URDIALES DEL PÁRAMO;24248
VALDEFRESNO;24227
VALDEPOLO;24920
VALDERAS;24220
VALDERRUEDA;24880
VALDEVIMBRE;24250
VALENCIA DE DON JUAN;24200
VALVERDE DE LA VIRGEN;24391
VEGA DE ESPINAREDA;24430
VEGA DE VALCARCE;24524
VILLABLINO;24100
VILLABLINO;24212
VILLADANGOS DEL PÁRAMO;24392
VILLADANGOS DEL PÁRAMO;24397
VILLADECANES;24560
VILLAGATÓN;24360
VILLAGATÓN;24369
VILLAMAÑÁN;24234
VILLAMANÍN;24680
VILLAMEJIL;24711
VILLANUEVA DE LAS MANZANAS;24225
VILLAQUEJIDA;24235
VILLAQUILAMBRE;24008
VILLAQUILAMBRE;24007
VILLAQUILAMBRE;24193
VILLAREJO DE ÓRBIGO;24288
VILLAREJO DE ÓRBIGO;24350
VILLATURIEL;24226
VILLATURIEL;24199
ÀGER;25691
AGRAMUNT;25310
ALBATÀRREC;25171
ALBESA;25135
ALCARRÀS;25180
ALCOLETGE;25660
ALCOLETGE;25560
ALFARRÀS;25120
ALFÉS;25161
ALGERRI;25130
ALGUAIRE;25125
ALMACELLES;25100
ALMENAR;25126
ALPICAT;25110
ANGLESOLA;25320
ARBECA;25140
ARTESA DE LLEIDA;25150
ARTESA DE SEGRE;25730
ASPA;25151
BALAGUER;25600
BASSELLA;25289
BAUSEN;25549
BELLCAIRE D'URGELL;25337
BELL-LLOC D'URGELL;25220
BELLPUIG;25250
BELLVER DE CERDANYA;25720
BELLVÍS;25142
BENAVENT DE SEGRIÀ;25132
BORGES BLANQUES (LES);25400
CAMARASA;25613
CASTELLDANS;25154
CERVERA;25200
COLL DE NARGÓ;25793
CORBINS;25137
CUBELLS;25737
ESPOT;25597
ESTERRI D'ÀNEU;25580
FONDARELLA;25244
FULIOLA (LA);25332
GIMENELLS I EL PLA DE LA FONT;25112
GOLMÉS;25241
GRANYANELLA;25218
GUISSONA;25210
IVARS D'URGELL;25260
JUNCOSA;25165
JUNEDA;25430
LES;25540
LINYOLA;25240
LLARDECANS;25186
LLEIDA;25005
LLEIDA;25195
LLEIDA;25002
LLEIDA;25001
LLEIDA;25191
LLEIDA;25198
LLEIDA;25113
LLEIDA;25194
LLEIDA;25192
MAIALS;25179
MIRALCAMP;25242
MOLLERUSSA;25230
MONTFERRER I CASTELLBÒ;25711
MONTOLIU DE LLEIDA;25172
NAUT ARAN;25599
OLIANA;25790
OLIUS;25286
ORGANYÀ;25794
PALAU D'ANGLESOLA (EL);25243
PLANS DE SIÓ (ELS);25212
POBLA DE SEGUR (LA);25500
PONT DE SUERT (EL);25520
PONTS;25740
PRATS I SANSOR;25721
RIALP;25594
ROSSELLÓ;25124
SANT GUIM DE FREIXENET;25270
SANT LLORENÇ DE MORUNYS;25282
SANT RAMON;25215
SERÒS;25183
SEU D'URGELL (LA);25700
SIDAMON;25222
SOLSONA;25280
SORIGUERA;25566
SORT;25560
SOSES;25181
SUDANELL;25173
TÀRREGA;25300
TÉRMENS;25670
TORÀ;25750
TORNABOUS;25331
TORREFARRERA;25123
TORREGROSSA;25141
TORRELAMEU;25138
TORRES DE SEGRE;25170
TREMP;25620
TREMP;25633
TREMP;25654
VALL DE BOÍ (LA);25527
VALLFOGONA DE BALAGUER;25680
VERDÚ;25340
VIELHA E MIJARAN;25530
VIELHA E MIJARAN;25539
VILAGRASSA;25330
VILALLER;25552
VILAMÒS;25551
VILANOVA DE LA BARCA;25690
VILA-SANA;25245
ABADÍN;27730
ABADÍN;27738
ALFOZ;27776
ANTAS DE ULLA;27570
BALEIRA;27130
BARALLA;27696
BARREIROS;27790
BECERREÁ;27640
BEGONTE;27373
BURELA;27880
CARBALLEDO;27520
CARBALLEDO;27528
CASTRO DE REI;27260
CASTRO DE REI;27250
CASTROVERDE;27120
CERVO;27891
CHANTADA;27500
CHANTADA;27518
CORGO (O);27163
CORGO (O);27164
COSPEITO;27377
COSPEITO;27112
FONSAGRADA (A);27100
FOZ;27780
FRIOL;27220
GUITIRIZ;27300
GUNTÍN;27211
GUNTÍN;27210
LOURENZÁ;27760
LUGO;27002
LUGO;27004
LUGO;27003
LUGO;27290
LUGO;27297
LUGO;27294
LUGO;27180
LUGO;27160
LUGO;27192
LUGO;27298
LUGO;27295
LUGO;27165
LUGO;27169
MEIRA;27240
MONDOÑEDO;27740
MONFORTE DE LEMOS;27400
MONTERROSO;27560
NAVIA DE SUARNA;27650
OUTEIRO DE REI;27150
PALAS DE REI;27200
PANTÓN;27430
PARADELA;27611
PASTORIZA (A);27287
PASTORIZA (A);27246
PEDRAFITA DO CEBREIRO;27670
POL;27279
PONTENOVA (A);27720
PORTOMARÍN;27170
QUIROGA;27320
RÁBADE;27370
RIBADEO;27700
RIBADEO;27710
RIBADEO;27795
RIOTORTO;27744
SAMOS;27620
SARRIA;27600
SARRIA;27392
SARRIA;27614
SAVIÑAO (O);27540
SAVIÑAO (O);27547
TABOADA;27550
VILALBA;27800
VIVEIRO;27850
VIVEIRO;27863
VIVEIRO;27866
XERMADE;27832
XOVE;27870
XOVE;27877
AJALVIR;28864
ÁLAMO (EL);28607
ALCALÁ DE HENARES;28801
ALCALÁ DE HENARES;28802
ALCALÁ DE HENARES;28803
ALCALÁ DE HENARES;28805
ALCALÁ DE HENARES;28806
ALCOBENDAS;28100
ALCOBENDAS;28108
ALCOBENDAS;28109
ALCORCÓN;28921
ALCORCÓN;28922
ALCORCÓN;28925
ALCORCÓN;28924
ALCORCÓN;28095
ALCORCÓN;28923
ALDEA DEL FRESNO;28620
ALGETE;28110
ALPEDRETE;28430
ARANJUEZ;28300
ARGANDA DEL REY;28500
ARROYOMOLINOS (CMA);28939
BECERRIL DE LA SIERRA;28490
BOADILLA DEL MONTE;28660
BOALO (EL);28412
BRUNETE;28690
BUITRAGO DEL LOZOYA;28730
CABRERA (LA);28751
CADALSO DE LOS VIDRIOS;28640
CAMPO REAL;28510
CASARRUBUELOS;28978
CENICIENTOS;28650
CERCEDILLA;28470
CHINCHÓN;28370
CIEMPOZUELOS;28350
COBEÑA;28863
COLLADO MEDIANO;28450
COLLADO VILLALBA;28400
COLMENAR DE OREJA;28380
COLMENAR DEL ARROYO;28213
COLMENAR VIEJO;28770
COSLADA;28820
COSLADA;28821
DAGANZO DE ARRIBA;28814
ESCORIAL (EL);28280
ESTREMERA;28595
FUENLABRADA;28945
FUENLABRADA;28946
FUENLABRADA;28944
FUENLABRADA;28947
FUENLABRADA;28940
FUENLABRADA;28942
FUENLABRADA;28941
FUENLABRADA;28912
FUENTE EL SAZ DE JARAMA;28140
FUENTIDUEÑA DE TAJO;28597
GALAPAGAR;28260
GALAPAGAR;28420
GETAFE;28901
GETAFE;28905
GETAFE;28904
GETAFE;28903
GETAFE;28909
GETAFE;28906
GRIÑÓN;28971
GUADALIX DE LA SIERRA;28794
GUADARRAMA;28440
HORCAJO DE LA SIERRA;28755
HOYO DE MANZANARES;28240
HUMANES DE MADRID;28970
LEGANÉS;28912
LEGANÉS;28911
LEGANÉS;28914
LEGANÉS;28913
LEGANÉS;28918
LEGANÉS;28917
LOECHES;28890
LOZOYA;28742
LOZOYUELA-NAVAS-SIETEIGLESIAS;28752
MADRID;28008
MADRID;28005
MADRID;28015
MADRID;28012
MADRID;28055
MADRID;28045
MADRID;28031
MADRID;28007
MADRID;28001
MADRID;28016
MADRID;28006
MADRID;28028
MADRID;28036
MADRID;28002
MADRID;28050
MADRID;28039
MADRID;28003
MADRID;28040
MADRID;28020
MADRID;28029
MADRID;28010
MADRID;28048
MADRID;28049
MADRID;28034
MADRID;28000
MADRID;28023
MADRID;28035
MADRID;28041
MADRID;28018
MADRID;28021
MADRID;28033
MADRID;28032
MADRID;28042
MADRID;28011
MADRID;28038
MADRID;28047
MADRID;28026
MADRID;28024
MADRID;28025
MADRID;28044
MADRID;28054
MADRID;28019
MADRID;28022
MADRID;28053
MADRID;28051
MADRID;28030
MADRID;28017
MADRID;28027
MADRID;28037
MADRID;28043
MADRID;28052
MAJADAHONDA;28220
MANZANARES EL REAL;28410
MECO;28880
MEJORADA DEL CAMPO;28840
MIRAFLORES DE LA SIERRA;28792
MOLAR (EL);28710
MORALEJA DE ENMEDIO;28950
MORALZARZAL;28411
MORATA DE TAJUÑA;28530
MÓSTOLES;28931
MÓSTOLES;28934
MÓSTOLES;28935
MÓSTOLES;28933
MÓSTOLES;28937
MÓSTOLES;28936
MÓSTOLES;28938
NAVACERRADA;28491
NAVALCARNERO;28600
NAVAS DEL REY;28695
NUEVO BAZTÁN;28514
ORUSCO DE TAJUÑA;28570
PARACUELLOS DE JARAMA;28860
PARLA;28980
PARLA;28983
PELAYOS DE LA PRESA;28696
PERALES DE TAJUÑA;28540
PEZUELA DE LAS TORRES;28812
PINTO;28320
POZUELO DE ALARCÓN;28223
POZUELO DE ALARCÓN;28224
RASCAFRÍA;28740
RIVAS-VACIAMADRID;28529
RIVAS-VACIAMADRID;28522
ROBLEDO DE CHAVELA;28294
ROZAS DE MADRID (LAS);28230
SAN AGUSTÍN DEL GUADALIX;28750
SAN FERNANDO DE HENARES;28830
SAN LORENZO DE EL ESCORIAL;28200
SAN MARTÍN DE LA VEGA;28330
SAN MARTÍN DE VALDEIGLESIAS;28680
SAN SEBASTIÁN DE LOS REYES;28700
SANTA MARÍA DE LA ALAMEDA;28297
SERNA DEL MONTE (LA);28737
SEVILLA LA NUEVA;28609
SOMOSIERRA;28756
SOTO DEL REAL;28791
TORREJÓN DE ARDOZ;28850
TORREJÓN DE LA CALZADA;28991
TORREJÓN DE VELASCO;28990
TORRELAGUNA;28180
TORRELODONES;28250
TORRES DE LA ALAMEDA;28813
TRES CANTOS;28760
VALDEMORILLO;28210
VALDEMORO;28340
VALDETORRES DE JARAMA;28150
VELILLA DE SAN ANTONIO;28891
VENTURADA;28729
VILLA DEL PRADO;28630
VILLACONEJOS;28360
VILLALBILLA;28810
VILLAMANTA;28610
VILLANUEVA DE LA CAÑADA;28691
VILLANUEVA DE PERALES;28609
VILLANUEVA DEL PARDILLO;28229
VILLAREJO DE SALVANÉS;28590
VILLAVICIOSA DE ODÓN;28670
ALAMEDA;29530
ALFARNATE;29194
ALGARROBO;29750
ALHAURÍN DE LA TORRE;29130
ALHAURÍN EL GRANDE;29120
ALMARGEN;29330
ÁLORA;29500
ALOZAINA;29567
ANTEQUERA;29200
ANTEQUERA;29230
ARCHIDONA;29300
ARDALES;29550
ARRIATE;29350
BENALMÁDENA;29639
BENALMÁDENA;29631
BENALMÁDENA;29630
BENAMOCARRA;29719
BENAOJÁN;29370
BURGO (EL);29420
CAMPILLOS;29320
CAÑETE LA REAL;29340
CÁRTAMA;29570
CASABERMEJA;29160
CASARABONELA;29566
CASARES;29690
COÍN;29100
COLMENAR;29170
CÓMPETA;29754
CORTES DE LA FRONTERA;29380
CUEVAS BAJAS;29220
CUEVAS DE SAN MARCOS;29210
CUEVAS DEL BECERRO;29470
ESTEPONA;29680
ESTEPONA;29693
ESTEPONA;29688
FUENGIROLA;29640
FUENTE DE PIEDRA;29520
GAUCÍN;29480
GUARO;29108
HUMILLADERO;29531
MÁLAGA;29015
MÁLAGA;29016
MÁLAGA;29014
MÁLAGA;29018
MÁLAGA;29017
MÁLAGA;29004
MÁLAGA;29011
MÁLAGA;29007
MÁLAGA;29010
MÁLAGA;29190
MÁLAGA;29006
MÁLAGA;29590
MÁLAGA;29196
MÁLAGA;29002
MÁLAGA;29003
MANILVA;29691
MARBELLA;29600
MARBELLA;29670
MARBELLA;29370
MARBELLA;29660
MARBELLA;29603
MIJAS;29650
MIJAS;29649
MOLLINA;29532
MONDA;29110
NERJA;29780
OJÉN;29610
PARAUTA;29451
PERIANA;29710
PIZARRA;29560
PIZARRA;29569
RINCÓN DE LA VICTORIA;29730
RINCÓN DE LA VICTORIA;29720
RIOGORDO;29180
RONDA;29400
RONDA;29430
SAYALONGA;29752
SIERRA DE YEGUAS;29328
TEBA;29327
TORREMOLINOS;29620
TORROX;29770
TORROX;29793
VALLE DE ABDALAJÍS;29240
VÉLEZ-MÁLAGA;29700
VÉLEZ-MÁLAGA;29740
VÉLEZ-MÁLAGA;29792
VÉLEZ-MÁLAGA;29719
VILLANUEVA DE ALGAIDAS;29310
VILLANUEVA DE TAPIA;29315
VILLANUEVA DEL ROSARIO;29312
VILLANUEVA DEL TRABUCO;29313
VIÑUELA;29713
YUNQUERA;29410
MELILLA;52001
MELILLA;52005
MELILLA;52006
ABANILLA;30640
ABARÁN;30550
ÁGUILAS;30880
ALCANTARILLA;30820
ALCANTARILLA;30520
ALCÁZARES (LOS);30710
ALEDO;30859
ALGUAZAS;30560
ALHAMA DE MURCIA;30840
ARCHENA;30600
ARCHENA;30609
BENIEL;30130
BLANCA;30540
BULLAS;30180
CALASPARRA;30420
CARAVACA DE LA CRUZ;30400
CARAVACA DE LA CRUZ;30410
CARAVACA DE LA CRUZ;30412
CARTAGENA;30202
CARTAGENA;30203
CARTAGENA;30204
CARTAGENA;30205
CARTAGENA;30380
CARTAGENA;30392
CARTAGENA;30366
CARTAGENA;30385
CARTAGENA;30370
CARTAGENA;30330
CARTAGENA;30390
CARTAGENA;30395
CARTAGENA;30594
CARTAGENA;30593
CARTAGENA;30369
CARTAGENA;30300
CARTAGENA;30310
CARTAGENA;30393
CARTAGENA;30396
CARTAGENA;30394
CARTAGENA;30280
CARTAGENA;30200
CARTAGENA;30319
CEHEGÍN;30430
CEHEGÍN;30439
CEUTÍ;30562
CEUTÍ;30563
CIEZA;30530
FORTUNA;30620
FUENTE ÁLAMO DE MURCIA;30320
FUENTE ÁLAMO DE MURCIA;30332
JUMILLA;30520
LIBRILLA;30892
LORCA;30800
LORCA;30816
LORCA;30876
LORCA;30813
LORCA;30812
LORCA;30817
LORCA;30815
LORQUÍ;30564
MAZARRÓN;30870
MAZARRÓN;30876
MAZARRÓN;30860
MAZARRÓN;30868
MOLINA DE SEGURA;30500
MOLINA DE SEGURA;30509
MORATALLA;30440
MULA;30170
MULA;30194
MULA;30193
MURCIA;30009
MURCIA;30100
MURCIA;30008
MURCIA;30005
MURCIA;30007
MURCIA;30002
MURCIA;30006
MURCIA;30001
MURCIA;30010
MURCIA;30011
MURCIA;30012
MURCIA;30110
MURCIA;30163
MURCIA;30160
MURCIA;30161
MURCIA;30139
MURCIA;30833
MURCIA;30169
MURCIA;30120
MURCIA;30150
MURCIA;30151
MURCIA;30157
MURCIA;30158
MURCIA;30570
MURCIA;30579
MURCIA;30589
MURCIA;30580
MURCIA;30837
MURCIA;30832
MURCIA;30830
MURCIA;30107
MURCIA;30166
MURCIA;30152
MURCIA;30168
MURCIA;30153
MURCIA;30155
MURCIA;30590
MURCIA;30015
MURCIA;30835
PLIEGO;30176
PUERTO LUMBRERAS;30890
PUERTO LUMBRERAS;30891
SAN JAVIER;30730
SAN JAVIER;30370
SAN JAVIER;30739
SAN JAVIER;30720
SAN PEDRO DEL PINATAR;30740
SANTOMERA;30140
TORRE-PACHECO;30700
TORRE-PACHECO;30591
TORRE-PACHECO;30709
TORRE-PACHECO;30739
TORRE-PACHECO;30592
TORRE-PACHECO;30708
TORRES DE COTILLAS (LAS);30565
TOTANA;30850
TOTANA;30858
UNIÓN (LA);30360
YECLA;30510
ABLITAS;31523
AIBAR/OIBAR;31460
ALLO;31262
ALTSASU/ALSASUA;31800
AMÉSCOA BAJA;31272
ANDOSILLA;31261
ANSOÁIN;31013
ANUE;31798
AOIZ/AGOITZ;31430
ARAITZ;31891
ARAKIL;31868
ARANGUREN;31192
ARCOS (LOS);31210
ARGUEDAS;31513
ARIBE;31671
ARRÓNIZ;31243
ARTAJONA;31140
AZAGRA;31560
BARAÑAIN;31010
BARÁSOAIN;31395
BAZTAN;31713
BAZTAN;31700
BAZTAN;31794
BAZTAN;31720
BERA/VERA DE BIDASOA;31780
BERBINZANA;31252
BERIÁIN;31191
BERIÁIN;31195
BERRIOPLANO;31195
BERRIOPLANO;31013
BERRIOZAR;31013
BERTIZARANA;31792
BUÑUEL;31540
BURLADA/BURLATA;31600
CABANILLAS;31511
CADREITA;31515
CAPARROSO;31380
CÁRCAR;31579
CARCASTILLO;31310
CARCASTILLO;31311
CASCANTE;31520
CÁSEDA;31490
CASTEJÓN;31590
CINTRUÉNIGO;31592
CIZUR;31190
CORELLA;31591
CORTES;31530
DONEZTEBE/SANTESTEBAN;31740
EGÜÉS;31486
EGÜÉS;31620
ERRO;31694
ESTELLA/LIZARRA;31200
ESTERIBAR;31699
ESTERIBAR;31639
ESTERIBAR;31638
ETXALAR;31760
ETXARRI-ARANATZ;31820
EZCABARTE;31194
FALCES;31370
FITERO;31593
FONTELLAS;31512
FUNES;31360
FUSTIÑANA;31510
GALAR;31191
HUARTE/UHARTE;31620
IRURTZUN;31860
IZA;31892
LANTZ;31798
LARRAGA;31251
LARRAUN;31877
LARRAUN;31878
LEGARDA;31133
LEITZA;31880
LERÍN;31260
LESAKA;31770
LIÉDENA;31487
LUMBIER;31440
LUZAIDE/VALCARLOS;31669
LUZAIDE/VALCARLOS;31660
MARCILLA;31340
MÉLIDA;31382
MENDAVIA;31587
MENDAZA;31282
MENDIGORRÍA;31150
MILAGRO;31320
MIRANDA DE ARGA;31253
MORENTIN;31264
MURCHANTE;31521
MURILLO EL FRUTO;31313
NOÁIN (VALLE DE ELORZ)/NOAIN (ELORTZIBAR);31470
NOÁIN (VALLE DE ELORZ)/NOAIN (ELORTZIBAR);31119
NOÁIN (VALLE DE ELORZ)/NOAIN (ELORTZIBAR);31110
OLAZTI/OLAZAGUTÍA;31809
OLITE;31390
OLZA;31170
ORCOYEN;31160
ORONZ;31451
OTEIZA;31250
PAMPLONA/IRUÑA;31001
PAMPLONA/IRUÑA;31012
PAMPLONA/IRUÑA;31014
PAMPLONA/IRUÑA;31008
PAMPLONA/IRUÑA;31007
PAMPLONA/IRUÑA;31006
PAMPLONA/IRUÑA;31013
PAMPLONA/IRUÑA;31080
PERALTA;31350
PUENTE LA REINA/GARES;31100
RIBAFORADA;31550
SAN ADRIÁN;31570
SANGÜESA/ZANGOZA;31400
SANTACARA;31314
SARTAGUDA;31589
SESMA;31293
TAFALLA;31300
TIEBAS-MURUARTE DE RETA;31398
TUDELA;31500
UJUÉ;31496
ULTZAMA;31797
URDAZUBI/URDAX;31712
URDAZUBI/URDAX;31711
URZAINQUI;31416
VALTIERRA;31514
VIANA;31230
VILLAFRANCA;31330
VILLAVA/ATARRABIA;31610
YERRI;31177
ZIORDIA;31809
ZIZUR MAYOR/ZIZUR NAGUSIA;31180
AVIÓN;32435
BANDE;32840
BARBADÁS;32890
BARCO DE VALDEORRAS (O);32300
BEADE;32431
BOLO (O);32373
CARBALLIÑO (O);32500
CARTELLE;32824
CASTRELO DE MIÑO;32430
CASTRO CALDELAS;32760
CELANOVA;32800
COLES;32100
COLES;32152
CORTEGADA;32200
CUALEDRO;32689
ENTRIMO;32860
GUDIÑA (A);32540
GUDIÑA (A);32547
LOBEIRA;32897
MACEDA;32700
MELÓN;32411
MERCA (A);32830
MEZQUITA (A);32590
NOGUEIRA DE RAMUÍN;32160
OÍMBRA;32613
OURENSE;32005
OURENSE;32003
OURENSE;32004
OURENSE;32960
OURENSE;32002
OURENSE;32970
OURENSE;32001
OURENSE;32593
PADRENDA;32220
PEREIRO DE AGUIAR (O);32710
PEREIRO DE AGUIAR (O);32792
PEROXA (A);32150
PIÑOR;32138
POBRA DE TRIVES (A);32780
RAMIRÁS;32593
RAMIRÁS;32811
RIBADAVIA;32400
RIÓS;32611
RÚA (A);32350
SAN CIBRAO DAS VIÑAS;32911
SAN CIBRAO DAS VIÑAS;32901
SAN CIBRAO DAS VIÑAS;32910
SAN CRISTOVO DE CEA;32130
TABOADELA;32690
TRASMIRAS;32695
TRASMIRAS;32694
VEIGA (A);32360
VEREA;32813
VERÍN;32600
VERÍN;32619
VERÍN;32699
VIANA DO BOLO;32550
VILAMARÍN;32102
VILAMARTÍN DE VALDEORRAS;32340
XINZO DE LIMIA;32630
AGUILAR DE CAMPOO;34800
AGUILAR DE CAMPOO;34810
ALAR DEL REY;34480
ALAR DEL REY;34815
AMUSCO;34420
ASTUDILLO;34450
BALTANÁS;34240
BARRUELO DE SANTULLÁN;34820
BUENAVISTA DE VALDAVIA;34470
CARRIÓN DE LOS CONDES;34120
CERVERA DE PISUERGA;34840
CEVICO DE LA TORRE;34218
DUEÑAS;34210
FRESNO DEL RÍO;34889
FRÓMISTA;34440
FUENTES DE NAVA;34337
GRIJOTA;34192
GUARDO;34880
HERRERA DE PISUERGA;34400
MAGAZ DE PISUERGA;34220
OSORNO LA MAYOR;34460
OSORNO LA MAYOR;34469
PALENCIA;34001
PALENCIA;34005
PALENCIA;34003
PALENCIA;34004
PAREDES DE NAVA;34300
QUINTANA DEL PUENTE;34250
SALDAÑA;34100
SANTIBÁÑEZ DE LA PEÑA;34885
TORQUEMADA;34230
VENTA DE BAÑOS;34200
VILLADA;34340
VILLAHERREROS;34479
VILLAMURIEL DE CERRATO;34190
VILLARRAMIEL;34340
VILLARRAMIEL;34140
VILLODRIGO;34257
VILLOLDO;34131
AGAETE;35480
AGÜIMES;35260
AGÜIMES;35118
AGÜIMES;35117
AGÜIMES;35119
ALDEA DE SAN NICOLÁS (LA);35470
ANTIGUA;35610
ANTIGUA;35639
ARRECIFE;35500
ARRECIFE;35509
ARTENARA;35350
ARUCAS;35400
ARUCAS;35412
ARUCAS;35411
ARUCAS;35019
ARUCAS;35414
FIRGAS;35431
GÁLDAR;35460
GÁLDAR;35469
GÁLDAR;35488
HARÍA;35520
HARÍA;35542
INGENIO;35250
INGENIO;35240
MOGÁN;35140
MOGÁN;35120
MOGÁN;35130
MOYA;35421
MOYA;35413
OLIVA (LA);35640
OLIVA (LA);35660
PÁJARA;35628
PÁJARA;35627
PÁJARA;35625
PALMAS DE GRAN CANARIA (LAS);35001
PALMAS DE GRAN CANARIA (LAS);35015
PALMAS DE GRAN CANARIA (LAS);35018
PALMAS DE GRAN CANARIA (LAS);35016
PALMAS DE GRAN CANARIA (LAS);35008
PALMAS DE GRAN CANARIA (LAS);35002
PALMAS DE GRAN CANARIA (LAS);35003
PALMAS DE GRAN CANARIA (LAS);35014
PALMAS DE GRAN CANARIA (LAS);35017
PALMAS DE GRAN CANARIA (LAS);35013
PALMAS DE GRAN CANARIA (LAS);35019
PALMAS DE GRAN CANARIA (LAS);35004
PALMAS DE GRAN CANARIA (LAS);35005
PALMAS DE GRAN CANARIA (LAS);35010
PALMAS DE GRAN CANARIA (LAS);35007
PALMAS DE GRAN CANARIA (LAS);35012
PALMAS DE GRAN CANARIA (LAS);35011
PALMAS DE GRAN CANARIA (LAS);35459
PUERTO DEL ROSARIO;35600
PUERTO DEL ROSARIO;35610
SAN BARTOLOMÉ;35550
SAN BARTOLOMÉ;35509
SAN BARTOLOMÉ DE TIRAJANA;35100
SAN BARTOLOMÉ DE TIRAJANA;35109
SAN BARTOLOMÉ DE TIRAJANA;35108
SAN BARTOLOMÉ DE TIRAJANA;35107
SAN BARTOLOMÉ DE TIRAJANA;35290
SANTA BRÍGIDA;35300
SANTA LUCÍA DE TIRAJANA;35280
SANTA LUCÍA DE TIRAJANA;35110
SANTA MARÍA DE GUÍA DE GRAN CANARIA;35450
SANTA MARÍA DE GUÍA DE GRAN CANARIA;35458
TEGUISE;35530
TEGUISE;35509
TEGUISE;35544
TEGUISE;35000
TEGUISE;35110
TEJEDA;35360
TELDE;35000
TELDE;35200
TELDE;35220
TELDE;35201
TELDE;35213
TELDE;35212
TELDE;35215
TELDE;35217
TELDE;35219
TELDE;35214
TEROR;35330
TÍAS;35572
TÍAS;35510
TÍAS;35571
TINAJO;35550
TUINEJE;35628
TUINEJE;35620
TUINEJE;35627
VALLESECO;35340
VALSEQUILLO DE GRAN CANARIA;35217
VEGA DE SAN MATEO;35320
YAIZA;35570
AGOLADA;36520
AGOLADA;36528
ARBO;36430
BAIONA;36300
BARRO;36191
BARRO;36692
BUEU;36939
CALDAS DE REIS;36615
CALDAS DE REIS;36653
CALDAS DE REIS;36659
CAMBADOS;36630
CAMBADOS;36639
CAMBADOS;36634
CAMPO LAMEIRO;36110
CANGAS;36940
CAÑIZA (A);36880
CAÑIZA (A);36883
CATOIRA;36612
CERDEDO;36130
COTOBADE;36120
COVELO;36877
CUNTIS;36670
DOZÓN;36518
ESTRADA (A);36680
ESTRADA (A);36588
FORCAREI;36550
FORCAREI;36556
GONDOMAR;36380
GROVE (O);36980
GUARDA (A);36780
GUARDA (A);36789
LALÍN;36500
LALÍN;36519
LALÍN;36596
MARÍN;36900
MARÍN;36913
MEAÑO;36968
MEAÑO;36967
MEIS;36616
MOAÑA;36950
MOAÑA;36957
MONDARIZ-BALNEARIO;36890
MORAÑA;36660
MOS;36415
MOS;36311
MOS;36416
MOS;36418
NEVES (AS);36440
NIGRÁN;36350
NIGRÁN;36391
OIA;36309
POIO;36163
POIO;36992
POIO;36994
PONTE CALDELAS;36820
PONTE CALDELAS;36828
PONTEAREAS;36860
PONTECESURES;36640
PONTEVEDRA;36001
PONTEVEDRA;36005
PONTEVEDRA;36004
PONTEVEDRA;36153
PONTEVEDRA;36162
PONTEVEDRA;36164
PONTEVEDRA;36152
PONTEVEDRA;36157
PONTEVEDRA;36154
PONTEVEDRA;36143
PORRIÑO (O);36400
PORRIÑO (O);36418
PORRIÑO (O);36470
PORTAS;36658
REDONDELA;36800
REDONDELA;36811
RIBADUMIA;36636
RODEIRO;36530
SALCEDA DE CASELAS;36473
SALVATERRA DE MIÑO;36458
SALVATERRA DE MIÑO;36459
SALVATERRA DE MIÑO;36450
SANXENXO;36960
SANXENXO;36966
SANXENXO;36969
SANXENXO;36637
SILLEDA;36547
SILLEDA;36540
SILLEDA;36570
SILLEDA;36453
TOMIÑO;36790
TOMIÑO;36740
TUI;36700
TUI;36711
TUI;36720
VALGA;36647
VIGO;36202
VIGO;36201
VIGO;36213
VIGO;36203
VIGO;36204
VIGO;36214
VIGO;36208
VIGO;36210
VIGO;36207
VIGO;36209
VIGO;36216
VIGO;36330
VIGO;36318
VIGO;36390
VILA DE CRUCES;36590
VILABOA;36141
VILAGARCÍA DE AROUSA;36600
VILAGARCÍA DE AROUSA;36618
VILAGARCÍA DE AROUSA;36619
VILANOVA DE AROUSA;36620
VILANOVA DE AROUSA;36628
VILANOVA DE AROUSA;36629
AGONCILLO;26509
ALBELDA DE IREGUA;26120
ALBERITE;26141
ALCANADRE;26509
ALDEANUEVA DE EBRO;26559
ALFARO;26540
ALFARO;26111
ARNEDO;26580
ARNEDO;26509
AUTOL;26560
BAÑARES;26257
BAÑOS DE RÍO TOBÍA;26320
CALAHORRA;26500
CENICERO;26350
CERVERA DEL RÍO ALHAMA;26520
CUZCURRITA DE RÍO TIRÓN;26214
FUENMAYOR;26360
HARO;26200
HORMILLA;26223
LARDERO;26140
LOGROÑO;26004
LOGROÑO;26006
LOGROÑO;26007
LOGROÑO;26000
MURILLO DE RÍO LEZA;26143
NÁJERA;26300
NALDA;26190
PRADEJÓN;26510
QUEL;26570
REDAL (EL);26146
RINCÓN DE SOTO;26550
SAN ASENSIO;26340
SAN VICENTE DE LA SONSIERRA;26338
TIRGO;26210
VILLAMEDIANA DE IREGUA;26142
VILLANUEVA DE CAMEROS;26123
VILLAR DE TORRE;26225
VINIEGRA DE ABAJO;26325
ALBA DE TORMES;37800
ALBERCA (LA);37624
ALDEALENGUA;37350
ALDEANUEVA DE FIGUEROA;37429
ALDEATEJADA;37187
ALDEHUELA DE LA BÓVEDA;37460
ARAPILES;37796
BARRUECOPARDO;37255
BÉJAR;37700
BUENAVISTA;37789
CABRERIZOS;37193
CALVARRASA DE ABAJO;37181
CALVARRASA DE ARRIBA;37191
CALZADA DE VALDUNCIEL;37797
CANTALPINO;37405
CARBAJOSA DE LA SAGRADA;37188
CARBAJOSA DE LA SAGRADA;37900
CASTELLANOS DE MORISCOS;37439
CIUDAD RODRIGO;37500
CIUDAD RODRIGO;37593
ENCINAS DE ABAJO;37893
ESPEJA;37497
FUENTE DE SAN ESTEBAN (LA);37200
FUENTES DE OÑORO;37481
FUENTES DE OÑORO;37480
GALINDO Y PERAHUY;37449
GUIJUELO;37770
LEDESMA;37100
LINARES DE RIOFRÍO;37760
LUMBRALES;37240
MACHACÓN;37893
MACOTERA;37310
MARTÍN DE YELTES;37494
MASUECO;37251
MONTEJO;37795
PEDROSILLO EL RALO;37427
PEÑARANDA DE BRACAMONTE;37300
PUERTO DE BÉJAR;37720
ROBLEDA;37521
ROBLIZA DE COJOS;37130
SALAMANCA;37004
SALAMANCA;37005
SALAMANCA;37007
SALAMANCA;37008
SALAMANCA;37003
SALAMANCA;37009
SANCTI-SPÍRITUS;37470
SANTA MARTA DE TORMES;37900
TAMAMES;37600
VALDECARROS;37881
VECINOS;37450
VILLAFLORES;37406
VILLAMAYOR;37185
VILLAR DE PERALONSO;37147
VILLARES DE LA REINA;37184
VILLARES DE LA REINA;37189
VILLARMAYOR;37130
VILLORIA;37339
VITIGUDINO;37210
ADEJE;38670
ADEJE;38660
ADEJE;38678
ADEJE;38677
ALAJERÓ;38812
ARAFO;38550
ARICO;38589
ARICO;38588
ARICO;38260
ARONA;38640
ARONA;38649
ARONA;38627
ARONA;38626
ARONA;38650
ARONA;38660
ARONA;38630
BARLOVENTO;38726
BREÑA ALTA;38710
BREÑA ALTA;38712
BUENAVISTA DEL NORTE;38480
CANDELARIA;38530
CANDELARIA;38510
FASNIA;38570
FRONTERA;38914
FRONTERA;38911
FUENCALIENTE DE LA PALMA;38740
GARACHICO;38450
GARAFÍA;38787
GRANADILLA DE ABONA;38616
GRANADILLA DE ABONA;38600
GRANADILLA DE ABONA;38611
GRANADILLA DE ABONA;38612
GRANADILLA DE ABONA;38610
GUANCHA (LA);38440
GUANCHA (LA);38437
GUÍA DE ISORA;38680
GUÍA DE ISORA;38689
GUÍA DE ISORA;38685
GUÍA DE ISORA;38687
GUÍA DE ISORA;38686
GÜÍMAR;38500
GÜÍMAR;38591
HERMIGUA;38820
ICOD DE LOS VINOS;38430
LLANOS DE ARIDANE (LOS);38760
MATANZA DE ACENTEJO (LA);38370
OROTAVA (LA);38300
OROTAVA (LA);38312
OROTAVA (LA);38315
PASO (EL);38750
PUERTO DE LA CRUZ;38400
PUNTAGORDA;38789
PUNTALLANA;38715
REALEJOS (LOS);38410
REALEJOS (LOS);38419
REALEJOS (LOS);38413
REALEJOS (LOS);38414
REALEJOS (LOS);38415
ROSARIO (EL);38109
ROSARIO (EL);38420
SAN ANDRÉS Y SAUCES;38720
SAN CRISTÓBAL DE LA LAGUNA;38205
SAN CRISTÓBAL DE LA LAGUNA;38295
SAN CRISTÓBAL DE LA LAGUNA;38206
SAN CRISTÓBAL DE LA LAGUNA;38208
SAN CRISTÓBAL DE LA LAGUNA;38320
SAN CRISTÓBAL DE LA LAGUNA;38108
SAN CRISTÓBAL DE LA LAGUNA;38296
SAN CRISTÓBAL DE LA LAGUNA;38291
SAN CRISTÓBAL DE LA LAGUNA;38330
SAN CRISTÓBAL DE LA LAGUNA;38270
SAN CRISTÓBAL DE LA LAGUNA;38260
SAN CRISTÓBAL DE LA LAGUNA;38250
SAN CRISTÓBAL DE LA LAGUNA;38200
SAN CRISTÓBAL DE LA LAGUNA;38203
SAN CRISTÓBAL DE LA LAGUNA;38204
SAN CRISTÓBAL DE LA LAGUNA;38234
SAN JUAN DE LA RAMBLA;38420
SAN MIGUEL DE ABONA;38620
SAN MIGUEL DE ABONA;38639
SAN MIGUEL DE ABONA;38628
SAN SEBASTIÁN DE LA GOMERA;38800
SANTA CRUZ DE LA PALMA;38700
SANTA CRUZ DE TENERIFE;38001
SANTA CRUZ DE TENERIFE;38002
SANTA CRUZ DE TENERIFE;38007
SANTA CRUZ DE TENERIFE;38005
SANTA CRUZ DE TENERIFE;38009
SANTA CRUZ DE TENERIFE;38010
SANTA CRUZ DE TENERIFE;38008
SANTA CRUZ DE TENERIFE;38109
SANTA CRUZ DE TENERIFE;38160
SANTA CRUZ DE TENERIFE;38108
SANTA CRUZ DE TENERIFE;38110
SANTA CRUZ DE TENERIFE;38111
SANTA CRUZ DE TENERIFE;38150
SANTA CRUZ DE TENERIFE;38190
SANTA ÚRSULA;38390
SANTIAGO DEL TEIDE;38690
SANTIAGO DEL TEIDE;38684
SANTIAGO DEL TEIDE;38436
SAUZAL (EL);38360
SAUZAL (EL);38359
SILOS (LOS);38470
TACORONTE;38350
TANQUE (EL);38435
TAZACORTE;38770
TEGUESTE;38280
TEGUESTE;38292
VALLE GRAN REY;38870
VALLEHERMOSO;38840
VALLEHERMOSO;38869
VALVERDE;38900
VICTORIA DE ACENTEJO (LA);38380
VILAFLOR;38613
VILLA DE MAZO;38739
AYLLÓN;40520
BOCEGUILLAS;40560
CANTALEJO;40320
CARBONERO EL MAYOR;40270
CASTILLEJO DE MESLEÓN;40593
CEREZO DE ABAJO;40591
CHAÑE;40216
COCA;40480
COLLADO HERMOSO;40170
CUÉLLAR;40200
ESPINAR (EL);40400
ESPINAR (EL);40440
ESPINAR (EL);40410
FRESNO DE CANTESPINO;40516
FUENTEPELAYO;40260
FUENTESAÚCO DE FUENTIDUEÑA;40355
GARCILLÁN;40120
GOMEZSERRACÍN;40240
GRAJERA;40569
HONTALBILLA;40353
LABAJOS;40146
LASTRILLA (LA);40196
MARTÍN MUÑOZ DE LA DEHESA;40466
MARTÍN MUÑOZ DE LAS POSADAS;40446
MOZONCILLO;40250
NAVA DE LA ASUNCIÓN;40450
NAVALMANZANO;40280
NAVAS DE SAN ANTONIO;40408
PALAZUELOS DE ERESMA;40194
PRADALES;40540
PRÁDENA;40165
RIAZA;40500
SAN CRISTÓBAL DE SEGOVIA;40197
SAN ILDEFONSO;40100
SAN MIGUEL DE BERNUY;40332
SANGARCÍA;40134
SANTA MARÍA LA REAL DE NIEVA;40440
SANTO TOMÉ DEL PUERTO;40590
SEGOVIA;40001
SEGOVIA;40002
SEGOVIA;40004
SEGOVIA;40005
SEGOVIA;40006
SEGOVIA;40194
SEPÚLVEDA;40300
TOLOCIRIO;40467
TORRECABALLEROS;40160
TURÉGANO;40370
VALLELADO;40213
VALSECA;40390
VALVERDE DEL MAJANO;40140
VILLACASTÍN;40150
AGUADULCE;41550
ALANÍS;41380
ALCALÁ DE GUADAÍRA;41500
ALCALÁ DEL RÍO;41200
ALCOLEA DEL RÍO;41449
ALGABA (LA);41980
ALGÁMITAS;41661
ALMADÉN DE LA PLATA;41240
ALMENSILLA;41111
ARAHAL;41600
AZNALCÁZAR;41849
AZNALCÓLLAR;41870
BADOLATOSA;41570
BENACAZÓN;41805
BOLLULLOS DE LA MITACIÓN;41110
BORMUJOS;41930
BRENES;41310
BURGUILLOS;41220
CABEZAS DE SAN JUAN (LAS);41730
CAMAS;41900
CAMPANA (LA);41429
CAÑADA ROSAL;41439
CANTILLANA;41320
CARMONA;41410
CARRIÓN DE LOS CÉSPEDES;41820
CASARICHE;41580
CASTILBLANCO DE LOS ARROYOS;41230
CASTILLEJA DE LA CUESTA;41950
CASTILLO DE LAS GUARDAS (EL);41890
CAZALLA DE LA SIERRA;41370
CONSTANTINA;41450
CORIA DEL RÍO;41100
CORIA DEL RÍO;41110
CORIPE;41780
CORONIL (EL);41760
CORRALES (LOS);41657
CUERVO DE SEVILLA (EL);41749
DOS HERMANAS;41730
DOS HERMANAS;41700
DOS HERMANAS;41089
ÉCIJA;41400
ÉCIJA;41409
ESPARTINAS;41807
ESTEPA;41560
FUENTES DE ANDALUCÍA;41420
GARROBO (EL);41888
GELVES;41120
GERENA;41860
GILENA;41565
GINES;41960
GUADALCANAL;41390
GUILLENA;41210
GUILLENA;41219
HERRERA;41567
HUÉVAR DEL ALJARAFE;41830
ISLA MAYOR;41140
LANTEJUELA (LA);41630
LEBRIJA;41740
LEBRIJA;41710
LORA DEL RÍO;41440
LUISIANA (LA);41430
MAIRENA DEL ALCOR;41510
MAIRENA DEL ALJARAFE;41927
MARCHENA;41620
MARINALEDA;41569
MARTÍN DE LA JARA;41658
MOLARES (LOS);41750
MONTELLANO;41770
MORÓN DE LA FRONTERA;41530
NAVAS DE LA CONCEPCIÓN (LAS);41460
OLIVARES;41804
OSUNA;41640
PALACIOS Y VILLAFRANCA (LOS);41720
PALACIOS Y VILLAFRANCA (LOS);41727
PALOMARES DEL RÍO;41928
PARADAS;41610
PEDRERA;41566
PEDROSO (EL);41360
PEÑAFLOR;41470
PILAS;41840
PRUNA;41670
PUEBLA DE CAZALLA (LA);41540
PUEBLA DE LOS INFANTES (LA);41479
PUEBLA DEL RÍO (LA);41130
REAL DE LA JARA (EL);41250
RINCONADA (LA);41309
RINCONADA (LA);41300
RODA DE ANDALUCÍA (LA);41590
RUBIO (EL);41568
SALTERAS;41909
SAN JUAN DE AZNALFARACHE;41920
SANLÚCAR LA MAYOR;41800
SANTIPONCE;41970
SAUCEJO (EL);41650
SEVILLA;41002
SEVILLA;41004
SEVILLA;41001
SEVILLA;41009
SEVILLA;41008
SEVILLA;41015
SEVILLA;41020
SEVILLA;41006
SEVILLA;41007
SEVILLA;41005
SEVILLA;41018
SEVILLA;41013
SEVILLA;41016
SEVILLA;41017
SEVILLA;41019
SEVILLA;41012
SEVILLA;41014
SEVILLA;41011
TOCINA;41340
TOCINA;41330
TOMARES;41940
UMBRETE;41806
UTRERA;41710
UTRERA;41719
UTRERA;41729
VALENCINA DE LA CONCEPCIÓN;41907
VILLAMANRIQUE DE LA CONDESA;41850
VILLANUEVA DE SAN JUAN;41660
VILLANUEVA DEL ARISCAL;41808
VILLANUEVA DEL RÍO Y MINAS;41350
VILLAVERDE DEL RÍO;41318
VISO DEL ALCOR (EL);41520
ABEJAR;42146
ÁGREDA;42100
ALCUBILLA DE LAS PEÑAS;42295
ALMARZA;42169
ALMAZÁN;42200
ARCOS DE JALÓN;42250
ARCOS DE JALÓN;42259
BERLANGA DE DUERO;42366
BURGO DE OSMA-CIUDAD DE OSMA;42300
CABREJAS DEL PINAR;42147
CALATAÑAZOR;42193
COVALEDA;42157
GOLMAYO;42190
MATALEBRERAS;42113
MEDINACELI;42248
MEDINACELI;42240
ÓLVEGA;42110
RÁBANOS (LOS);42290
SAN ESTEBAN DE GORMAZ;42330
SAN LEONARDO DE YAGÜE;42140
SAN PEDRO MANRIQUE;42174
SANTA MARÍA DE HUERTA;42260
SORIA;42001
SORIA;42005
ALCANAR;43530
ALCOVER;43460
ALDEA (L');43896
ALFORJA;43365
ALTAFULLA;43893
AMETLLA DE MAR (L');43860
AMPOLLA (L');43895
AMPOSTA;43870
ARBOÇ (L');43720
BATEA;43786
BELLVEI;43719
BENIFALLET;43512
BENISSANET;43747
BISBAL DEL PENEDÈS (LA);43717
BOT;43785
CALAFELL;43820
CAMARLES;43894
CAMBRILS;43850
CATLLAR (EL);43764
CONSTANTÍ;43120
CORBERA D'EBRE;43784
CORNUDELLA DE MONTSANT;43360
CUNIT;43881
DELTEBRE;43580
ESPLUGA DE FRANCOLÍ (L');43440
FALSET;43730
FATARELLA (LA);43781
FLIX;43750
GALERA (LA);43515
GANDESA;43780
HORTA DE SANT JOAN;43596
LLORENÇ DEL PENEDÈS;43712
MAS DE BARBERANS;43514
MONTBLANC;43400
MONTBRIÓ DEL CAMP;43340
MONT-ROIG DEL CAMP;43300
MONT-ROIG DEL CAMP;43892
MÓRA D'EBRE;43740
MÓRA LA NOVA;43770
MORELL (EL);43760
PERAFORT;43152
PLA DE SANTA MARIA (EL);43810
POBLA DE MAFUMET (LA);43140
POBLA DE MASSALUCA (LA);43783
PRADES;43364
RASQUERA;43513
REUS;43201
REUS;43203
REUS;43205
REUS;43204
REUS;43206
RIUDOMS;43330
RODA DE BARÀ;43883
ROQUETES;43529
ROQUETES;43520
SALOU;43840
SANT CARLES DE LA RÀPITA;43540
SANT JAUME DELS DOMENYS;43713
SANT JAUME D'ENVEJA;43877
SANTA BÀRBARA;43570
SANTA COLOMA DE QUERALT;43420
SANTA OLIVA;43710
SARRAL;43392
SELVA DEL CAMP (LA);43470
SÉNIA (LA);43560
SOLIVELLA;43412
TARRAGONA;43005
TARRAGONA;43007
TARRAGONA;43004
TARRAGONA;43006
TARRAGONA;43110
TARRAGONA;43080
TIVISSA;43746
TORREDEMBARRA;43830
TORTOSA;43500
ULLDECONA;43550
VALLS;43800
VANDELLÒS I L'HOSPITALET DE L'INFANT;43891
VANDELLÒS I L'HOSPITALET DE L'INFANT;43890
VENDRELL (EL);43700
VENDRELL (EL);43880
VILALBA DELS ARCS;43782
VILALLONGA DEL CAMP;43141
VILA-RODONA;43814
VILA-SECA;43480
VILAVERD;43490
VINEBRE;43792
VINYOLS I ELS ARCS;43391
XERTA;43592
AGUAVIVA;44566
ALBA;44395
ALBALATE DEL ARZOBISPO;44540
ALBARRACÍN;44100
ALBENTOSA;44477
ALCALÁ DE LA SELVA;44432
ALCAÑIZ;44600
ALCORISA;44550
ALFAMBRA;44160
ALIAGA;44150
ANDORRA;44500
BAÑÓN;44357
BARRACHINA;44220
BELLO;44232
BLANCAS;44314
CALACEITE;44610
CALAMOCHA;44200
CALANDA;44570
CAMARILLAS;44155
CAMINREAL;44350
CANTAVIEJA;44140
CASTELSERÁS;44630
CEDRILLAS;44147
CELADAS;44194
CELLA;44370
CODOÑERA (LA);44640
CRETAS;44623
FERRERUELA DE HUERVA;44490
FUENTES CALIENTES;44711
FUENTES CLARAS;44340
HÍJAR;44530
JARQUE DE LA VAL;44169
MANZANERA;44420
MAS DE LAS MATAS;44564
MAZALEÓN;44621
MEZQUITA DE JARQUE;44169
MONREAL DEL CAMPO;44300
MONROYO;44652
MONTALBÁN;44700
MORA DE RUBIELOS;44400
MOSQUERUELA;44410
MUNIESA;44780
ODÓN;44233
OJOS NEGROS;44313
ORIHUELA DEL TREMEDAL;44366
ORRIOS;44161
PANCRUDO;44720
PEÑARROYA DE TASTAVINS;44586
PERALES DEL ALFAMBRA;44163
POBO (EL);44155
PORTELLADA (LA);44589
PUEBLA DE HÍJAR (LA);44510
PUEBLA DE VALVERDE (LA);44450
RUBIELOS DE MORA;44415
SANTA EULALIA;44360
SARRIÓN;44460
TERUEL;44001
TERUEL;44003
TERUEL;44002
TERUEL;44195
TERUEL;44396
TERUEL;44397
TERUEL;44193
TORNOS;44230
TORRALBA DE LOS SISONES;44359
TORRECILLA DE ALCAÑIZ;44640
TORRIJO DEL CAMPO;44393
UTRILLAS;44760
VALDEALGORFA;44594
VALDERROBRES;44580
VALJUNQUERA;44595
VILLAFRANCA DEL CAMPO;44394
VILLARQUEMADO;44380
VILLASTAR;44130
VISIEDO;44164
AJOFRÍN;45110
ALAMEDA DE LA SAGRA;45240
ALBARREAL DE TAJO;45522
ALCABÓN;45523
ALCAUDETE DE LA JARA;45662
ALCOLEA DE TAJO;45571
ALMONACID DE TOLEDO;45420
AÑOVER DE TAJO;45250
ARGÉS;45122
BARGAS;45593
BELVÍS DE LA JARA;45660
BURGUILLOS DE TOLEDO;45112
CABAÑAS DE LA SAGRA;45592
CABEZAMESADA;45890
CALERA Y CHOZAS;45595
CALZADA DE OROPESA;45580
CAMARENA;45180
CAMUÑAS;45720
CARMENA;45531
CARPIO DE TAJO (EL);45533
CARRANQUE;45216
CASAR DE ESCALONA (EL);45542
CASARRUBIOS DEL MONTE;45950
CASTILLO DE BAYUELA;45641
CAZALEGAS;45683
CEBOLLA;45680
CEDILLO DEL CONDADO;45214
CERRALBOS (LOS);45552
CHOZAS DE CANALES;45960
COBISA;45111
CONSUEGRA;45700
CORRAL DE ALMAGUER;45880
CUERVA;45126
DOSBARRIOS;45311
ESCALONA;45910
ESCALONILLA;45517
ESPINOSO DEL REY;45650
ESQUIVIAS;45221
FUENSALIDA;45510
GÁLVEZ;45164
GERINDOTE;45518
GUADAMUR;45160
GUARDIA (LA);45760
HERRERUELA DE OROPESA;45588
HUERTA DE VALDECARÁBANOS;45750
ILLESCAS;45200
LILLO;45870
MADRIDEJOS;45710
MALPICA DE TAJO;45692
MAQUEDA;45515
MASCARAQUE;45430
MAZARAMBROZ;45114
MENASALBAS;45128
MÉNTRIDA;45930
MIGUEL ESTEBAN;45830
MOCEJÓN;45270
MORA;45400
NAMBROCA;45190
NAVA DE RICOMALILLO (LA);45670
NAVAHERMOSA;45150
NAVALCÁN;45610
NAVALMORALES (LOS);45140
NAVALUCILLOS (LOS);45130
NOBLEJAS;45350
NUMANCIA DE LA SAGRA;45230
OCAÑA;45300
OLÍAS DEL REY;45280
ONTÍGOLA;45340
ORGAZ;45450
OROPESA;45560
OTERO;45543
PANTOJA;45290
PEPINO;45638
POLÁN;45161
PORTILLO DE TOLEDO;45512
PUEBLA DE ALMORADIEL (LA);45840
PUEBLA DE MONTALBÁN (LA);45516
PUEBLANUEVA (LA);45690
PULGAR;45125
QUERO;45790
QUINTANAR DE LA ORDEN;45800
REAL DE SAN VICENTE (EL);45640
RECAS;45211
ROMERAL (EL);45770
SAN BARTOLOMÉ DE LAS ABIERTAS;45654
SAN MARTÍN DE MONTALBÁN;45165
SAN MARTÍN DE PUSA;45170
SAN PABLO DE LOS MONTES;45120
SANTA ANA DE PUSA;45653
SANTA CRUZ DE LA ZARZA;45370
SANTA CRUZ DEL RETAMAR;45513
SANTA OLALLA;45530
SANTO DOMINGO-CAUDILLA;45526
SESEÑA;45223
SESEÑA;45224
SEVILLEJA DE LA JARA;45672
SEVILLEJA DE LA JARA;45671
SONSECA;45100
TALAVERA DE LA REINA;45600
TALAVERA DE LA REINA;45694
TALAVERA DE LA REINA;45614
TEMBLEQUE;45780
TOBOSO (EL);45820
TOLEDO;45003
TOLEDO;45004
TOLEDO;45005
TOLEDO;45006
TOLEDO;45007
TOLEDO;45008
TORRE DE ESTEBAN HAMBRÁN (LA);45920
TORRIJOS;45500
TURLEQUE;45789
UGENA;45217
URDA;45480
VALMOJADO;45940
VALMOJADO;45490
VENTAS CON PEÑA AGUILERA (LAS);45127
VENTAS DE RETAMOSA (LAS);45183
VILLA DE DON FADRIQUE (LA);45850
VILLACAÑAS;45860
VILLAFRANCA DE LOS CABALLEROS;45730
VILLALUENGA DE LA SAGRA;45520
VILLAMIEL DE TOLEDO;45594
VILLANUEVA DE ALCARDETE;45810
VILLANUEVA DE BOGAS;45410
VILLARRUBIA DE SANTIAGO;45360
VILLASECA DE LA SAGRA;45260
VILLASEQUILLA;45740
VILLATOBAS;45310
VISO DE SAN JUAN (EL);45215
YÉBENES (LOS);45470
YELES;45220
YEPES;45313
YUNCLER;45529
YUNCOS;45210
ADEMUZ;46140
AGULLENT;46890
AIELO DE MALFERIT;46812
ALAQUÀS;46970
ALBAIDA;46860
ALBAL;46470
ALBALAT DE LA RIBERA;46687
ALBALAT DELS SORELLS;46135
ALBERIC;46260
ALBORACHE;46369
ALBORAYA;46120
ALBUIXECH;46550
ALCÀSSER;46290
ALCÀSSER;46220
ALCÚDIA (L');46250
ALCÚDIA DE CRESPINS (L');46690
ALDAIA;46960
ALFAFAR;46910
ALFARA DEL PATRIARCA;46115
ALGEMESÍ;46680
ALGIMIA DE ALFARA;46148
ALGINET;46230
ALMÀSSERA;46132
ALMISERÀ;46726
ALMOINES;46723
ALMUSSAFES;46440
ALPUENTE;46178
ALQUERÍA DE LA CONDESA/ALQUERIA DE LA COMTESSA (L');46715
ALZIRA;46600
ANNA;46820
ARAS DE LOS OLMOS;46179
ATZENETA D'ALBAIDA;46869
AYORA;46620
BARXETA;46667
BELLREGUARD;46713
BENAGUASIL;46180
BENEIXIDA;46293
BENIARJÓ;46722
BENIFAIÓ;46450
BENIGÁNIM;46830
BENIMODO;46291
BENIPARRELL;46469
BENISANÓ;46181
BÉTERA;46117
BOCAIRENT;46880
BUÑOL;46360
BURJASSOT;46100
CAMPORROBLES;46330
CANALS;46650
CANET D'EN BERENGUER;46529
CARCAIXENT;46740
CARLET;46240
CASINOS;46171
CASTELLÓ DE RUGAT;46841
CASTIELFABIB;46141
CATADAU;46196
CATARROJA;46470
CAUDETE DE LAS FUENTES;46315
CHELLA;46821
CHELVA;46176
CHESTE;46380
CHIVA;46370
CHULILLA;46167
CORBERA;46612
CULLERA;46400
DAIMÚS;46710
ELIANA (L');46183
ENGUERA;46810
ESTIVELLA;46590
FOIOS;46134
FONT DE LA FIGUERA (LA);46630
FONT D'EN CARRÒS (LA);46717
FONTANARS DELS ALFORINS;46635
FUENTERROBLES;46314
GANDIA;46700
GANDIA;46730
GENOVÉS;46894
GODELLA;46110
GODELLETA;46388
GUADASEQUIES;46839
GUADASSUAR;46610
JALANCE;46624
JARAFUEL;46623
LLÍRIA;46160
LLOCNOU DE SANT JERONI;46726
LLOSA DE RANES (LA);46815
LLUTXENT;46838
LORIGUILLA;46393
LOSA DEL OBISPO;46173
MANISES;46940
MARINES;46163
MASALAVÉS;46292
MASSALFASSAR;46560
MASSAMAGRELL;46130
MELIANA;46133
MISLATA;46920
MOGENTE/MOIXENT;46640
MONCADA;46113
MONSERRAT;46192
MONTESA;46692
MONTROY;46193
MUSEROS;46136
NÁQUERA;46119
NAVARRÉS;46823
NOVELÉ/NOVETLÈ;46800
OLIVA;46780
OLLERIA (L');46850
OLOCAU;46169
ONTINYENT;46870
ONTINYENT;46780
OTOS;46844
PAIPORTA;46200
PALMA DE GANDÍA;46724
PATERNA;46980
PATERNA;46182
PATERNA;46988
PICANYA;46210
PICASSENT;46220
POBLA DE FARNALS (LA);46139
POBLA DE FARNALS (LA);46137
POBLA DE VALLBONA (LA);46185
POBLA DEL DUC (LA);46840
POBLA LLARGA (LA);46670
POLINYÀ DE XÚQUER;46688
PUÇOL;46530
PUIG;46540
PUIG;46450
QUART DE POBLET;46930
QUARTELL;46510
QUATRETONDA;46837
RAFELBUÑOL/RAFELBUNYOL;46138
REAL DE GANDÍA;46727
REQUENA;46340
REQUENA;46357
REQUENA;46390
REQUENA;46352
REQUENA;46354
RIBA-ROJA DE TÚRIA;46190
ROCAFORT;46111
SAGUNTO/SAGUNT;46500
SAGUNTO/SAGUNT;46520
SAN ANTONIO DE BENAGÉBER;46184
SEDAVÍ;46910
SIETE AGUAS;46392
SILLA;46460
SIMAT DE LA VALLDIGNA;46750
SOLLANA;46430
SUECA;46410
SUECA;46420
SUECA;46419
TAVERNES DE LA VALLDIGNA;46760
TITAGUAS;46178
TORRENT;46900
TUÉJAR;46177
TURÍS;46389
UTIEL;46300
UTIEL;46313
VALENCIA;46001
VALENCIA;46011
VALENCIA;46006
VALENCIA;46005
VALENCIA;46026
VALENCIA;46015
VALENCIA;46009
VALENCIA;46019
VALENCIA;46020
VALENCIA;46010
VALENCIA;46021
VALENCIA;46023
VALENCIA;46018
VALENCIA;46014
VALENCIA;46017
VALENCIA;46013
VALENCIA;46024
VALENCIA;46022
VALENCIA;46025
VALENCIA;46131
VALENCIA;46112
VALENCIA;46012
VALENCIA;46016
VALLADA;46691
VILAMARXANT;46191
VILLANUEVA DE CASTELLÓN;46270
VILLAR DEL ARZOBISPO;46170
VILLARGORDO DEL CABRIEL;46317
VINALESA;46114
XÀTIVA;46800
XERACO;46770
XIRIVELLA;46950
YÁTOVA;46367
ALAEJOS;47510
ALCAZARÉN;47238
ALDEAMAYOR DE SAN MARTÍN;47162
ARROYO DE LA ENCOMIENDA;47195
ATAQUINES;47210
BECILLA DE VALDERADUEY;47670
BOBADILLA DEL CAMPO;47462
BOECILLO;47151
CABEZÓN DE PISUERGA;47260
CAMPASPERO;47310
CANALEJAS DE PEÑAFIEL;47311
CASASOLA DE ARIÓN;47110
CASTREJÓN DE TRABANCOS;47512
CASTRONUÑO;47520
CASTROVERDE DE CERRATO;47182
CIGALES;47270
CISTÉRNIGA;47193
COGECES DEL MONTE;47313
CUBILLAS DE SANTA MARTA;47290
ESGUEVILLAS DE ESGUEVA;47176
ÍSCAR;47420
LAGUNA DE DUERO;47140
LANGAYO;47314
MAYORGA;47680
MEDINA DE RIOSECO;47800
MEDINA DEL CAMPO;47400
MOJADOS;47250
MOTA DEL MARQUÉS;47120
MUDARRA (LA);47630
NAVA DEL REY;47500
OLMEDO;47410
PEDRAJA DE PORTILLO (LA);47196
PEDRAJAS DE SAN ESTEBAN;47430
PEDROSA DEL REY;47112
PEÑAFIEL;47300
PEÑAFIEL;47314
PORTILLO;47160
QUINTANILLA DE ONÉSIMO;47350
RENEDO DE ESGUEVA;47170
RUEDA;47490
SAN MIGUEL DEL ARROYO;47164
SAN MIGUEL DEL PINO;47132
SAN PEDRO DE LATARCE;47851
SAN VICENTE DEL PALACIO;47493
SANTOVENIA DE PISUERGA;47155
SARDÓN DE DUERO;47340
SERRADA;47239
SIETE IGLESIAS DE TRABANCOS;47511
SIMANCAS;47130
TORDEHUMOS;47830
TORDESILLAS;47100
TORDESILLAS;47001
TORDESILLAS;47113
TORDESILLAS;47132
TUDELA DE DUERO;47320
VALLADOLID;47007
VALLADOLID;47013
VALLADOLID;47012
VALLADOLID;47008
VALLADOLID;47011
VALLADOLID;47009
VALLADOLID;47010
VALLADOLID;47014
VALLADOLID;47016
VALLADOLID;47197
VALLADOLID;47071
VALLADOLID;47152
VALLADOLID;47609
VEGA DE VALDETRONCO;47133
VILLALÓN DE CAMPOS;47600
VILLANUBLA;47620
VILLANUEVA DE LOS CABALLEROS;47850
VILLARDEFRADES;47860
ZARATÁN;47610
ZARATÁN;47310
ALCAÑICES;49500
ALMEIDA DE SAYAGO;49210
ARCENILLAS;49151
BENAVENTE;49600
BERMILLO DE SAYAGO;49200
BÓVEDA DE TORO (LA);49155
CAMARZANA DE TERA;49332
CAÑIZAL;49440
CARBAJALES DE ALBA;49160
CASASECA DE LAS CHANAS;49151
CASTRILLO DE LA GUAREÑA;49419
CASTROGONZALO;49660
COBREROS;49396
CORRALES;49700
CORRALES;49030
CUBO DE TIERRA DEL VINO (EL);49710
FERMOSELLE;49220
FUENTESAÚCO;49400
GAMONES;49251
GRANJA DE MORERUELA;49740
LUBIÁN;49574
MICERECES DE TERA;49624
MOMBUEY;49310
MONFARRACINOS;49121
MONTAMARTA;49149
MORALEJA DEL VINO;49150
MORALES DE TORO;49810
MORALES DEL VINO;49190
MUELAS DEL PAN;49167
OTERO DE BODAS;49336
PERERUELA;49280
QUINTANILLA DE URZ;49622
QUIRUELAS DE VIDRIALES;49622
RÁBANO DE ALISTE;49515
ROBLEDA-CERVANTES;49390
SAN CRISTÓBAL DE ENTREVIÑAS;49690
SAN ESTEBAN DEL MOLAR;49650
SAN VITERO;49523
SANTA MARÍA DE LA VEGA;49696
SANTOVENIA;49750
SANZOLES;49152
TORO;49800
TORRE DEL VALLE (LA);49781
TRABAZOS;49516
VILLABRÁZARO;49770
VILLAFÁFILA;49136
VILLALPANDO;49630
VILLANUEVA DEL CAMPO;49100
VILLARRÍN DE CAMPOS;49137
ZAMORA;49006
ZAMORA;49022
ZAMORA;49023
ZAMORA;49030
ZAMORA;49021
ZAMORA;49028
ZAMORA;49027
ZAMORA;49024
AGÓN;50560
AGUARÓN;50408
AINZÓN;50570
ALAGÓN;50630
ALFAJARÍN;50172
ALFAMÉN;50461
ALMOLDA (LA);50178
ALMUNIA DE DOÑA GODINA (LA);50100
AMBEL;50546
ARIZA;50220
ATECA;50200
AZUARA;50140
BELCHITE;50130
BIOTA;50695
BORJA;50540
BREA DE ARAGÓN;50246
BUJARALOZ;50177
BURGO DE EBRO (EL);50730
BUSTE (EL);50548
CADRETE;50420
CALATAYUD;50300
CALATORAO;50280
CARIÑENA;50400
CASPE;50700
CASTEJÓN DE VALDEJASA;50613
CASTILISCAR;50696
CERVERA DE LA CAÑADA;50312
CETINA;50292
CUARTE DE HUERVA;50410
CUBEL;50351
DAROCA;50360
EJEA DE LOS CABALLEROS;50600
EJEA DE LOS CABALLEROS;50617
EJEA DE LOS CABALLEROS;50694
EJEA DE LOS CABALLEROS;50619
ÉPILA;50290
ERLA;50611
ESCATRÓN;50790
FABARA;50793
FARLETE;50163
FAYÓN;50795
FRASNO (EL);50320
FUENDEJALÓN;50529
FUENTES DE EBRO;50740
GALLOCANTA;50373
GALLUR;50650
GELSA;50786
HERRERA DE LOS NAVARROS;50150
ILLUECA;50250
JOYOSA (LA);50692
LANGA DEL CASTILLO;50367
LÉCERA;50131
LECIÑENA;50160
LUESIA;50619
LUMPIAQUE;50295
LUNA;50610
MAELLA;50710
MAGALLÓN;50520
MAINAR;50368
MALLÉN;50550
MARÍA DE HUERVA;50430
MONEGRILLO;50164
MONREAL DE ARIZA;50291
MUEL;50540
MUELA (LA);50196
MUNÉBREGA;50219
NONASPE;50794
NOVALLAS;50510
NUÉVALOS;50210
PEDROLA;50690
PERDIGUERA;50161
PINA DE EBRO;50750
PINSEQUE;50298
POZUELO DE ARAGÓN;50529
PUEBLA DE ALFINDÉN (LA);50171
QUINTO;50770
REMOLINOS;50637
RICLA;50270
SABIÑÁN;50299
SÁDABA;50670
SAN MATEO DE GÁLLEGO;50840
SÁSTAGO;50780
SIERRA DE LUNA;50612
SOBRADIEL;50629
SOS DEL REY CATÓLICO;50680
TABUENCA;50547
TARAZONA;50500
TAUSTE;50660
TAUSTE;50669
URREA DE JALÓN;50296
USED;50374
UTEBO;50180
VALPALMAS;50615
VELILLA DE EBRO;50760
VILLADOZ;50490
VILLAMAYOR DE GÁLLEGO;50162
VILLANUEVA DE GÁLLEGO;50830
VILLANUEVA DE GÁLLEGO;50820
VILLANUEVA DE HUERVA;50153
VILLARREAL DE HUERVA;50490
VILLARROYA DE LA SIERRA;50310
ZARAGOZA;50001
ZARAGOZA;50002
ZARAGOZA;50008
ZARAGOZA;50005
ZARAGOZA;50006
ZARAGOZA;50007
ZARAGOZA;50010
ZARAGOZA;50009
ZARAGOZA;50011
ZARAGOZA;50012
ZARAGOZA;50013
ZARAGOZA;50720
ZARAGOZA;50018
ZARAGOZA;50015
ZARAGOZA;50014
ZARAGOZA;50820
ZARAGOZA;50193
ZARAGOZA;50162
ZARAGOZA;50194
ZARAGOZA;50016
ZARAGOZA;50020
ZARAGOZA;50190
ZARAGOZA;50692
ZARAGOZA;50197
ZUERA;50800
ZUERA;50810