nombre_provincia;nombre_municipio
ALBACETE;ABENGIBRE
ALBACETE;ALATOZ
ALBACETE;ALBACETE
ALBACETE;ALCADOZO
ALBACETE;ALCALÁ DEL JÚCAR
ALBACETE;ALCARAZ
ALBACETE;ALMANSA
ALBACETE;ALPERA
ALBACETE;BALAZOTE
ALBACETE;BARRAX
ALBACETE;BIENSERVIDA
ALBACETE;BONETE
ALBACETE;BONILLO (EL)
ALBACETE;CASAS DE JUAN NÚÑEZ
ALBACETE;CASAS DE VES
ALBACETE;CASAS-IBÁÑEZ
ALBACETE;CAUDETE
ALBACETE;CENIZATE
ALBACETE;CHINCHILLA DE MONTE-ARAGÓN
ALBACETE;ELCHE DE LA SIERRA
ALBACETE;FUENTE-ÁLAMO
ALBACETE;FUENTEALBILLA
ALBACETE;GINETA (LA)
ALBACETE;GOLOSALVO
ALBACETE;HELLÍN
ALBACETE;HIGUERUELA
ALBACETE;HOYA-GONZALO
ALBACETE;LETUR
ALBACETE;LEZUZA
ALBACETE;MADRIGUERAS
ALBACETE;MAHORA
ALBACETE;MINAYA
ALBACETE;MONTEALEGRE DEL CASTILLO
ALBACETE;MOTILLEJA
ALBACETE;MUNERA
ALBACETE;NAVAS DE JORQUERA
ALBACETE;NERPIO
ALBACETE;ONTUR
ALBACETE;OSSA DE MONTIEL
ALBACETE;PEÑAS DE SAN PEDRO
ALBACETE;PÉTROLA
ALBACETE;POZO CAÑADA
ALBACETE;POZOHONDO
ALBACETE;POZO-LORENTE
ALBACETE;POZUELO
ALBACETE;RIÓPAR
ALBACETE;ROBLEDO
ALBACETE;RODA (LA)
ALBACETE;SOCOVOS
ALBACETE;TARAZONA DE LA MANCHA
ALBACETE;TOBARRA
ALBACETE;VALDEGANGA
ALBACETE;VILLALGORDO DEL JÚCAR
ALBACETE;VILLAMALEA
ALBACETE;VILLAPALACIOS
ALBACETE;VILLARROBLEDO
ALBACETE;YESTE
ALICANTE;AGOST
ALICANTE;ALBATERA
ALICANTE;ALCALALÍ
ALICANTE;ALCOY/ALCOI
ALICANTE;ALFÀS DEL PI (L')
ALICANTE;ALGORFA
ALICANTE;ALGUEÑA
ALICANTE;ALICANTE/ALACANT
ALICANTE;ALMORADÍ
ALICANTE;ALTEA
ALICANTE;ASPE
ALICANTE;BANYERES DE MARIOLA
ALICANTE;BENEIXAMA
ALICANTE;BENEJÚZAR
ALICANTE;BENIDORM
ALICANTE;BENIJÓFAR
ALICANTE;BENISSA
ALICANTE;BENITACHELL/POBLE NOU DE BENITATXELL (EL)
ALICANTE;BIAR
ALICANTE;BIGASTRO
ALICANTE;BUSOT
ALICANTE;CALLOSA DE SEGURA
ALICANTE;CALLOSA D'EN SARRIÀ
ALICANTE;CALPE/CALP
ALICANTE;CAMPELLO (EL)
ALICANTE;CAÑADA
ALICANTE;CASTALLA
ALICANTE;CATRAL
ALICANTE;COCENTAINA
ALICANTE;COX
ALICANTE;CREVILLENT
ALICANTE;DÉNIA
ALICANTE;DOLORES
ALICANTE;ELCHE/ELX
ALICANTE;ELDA
ALICANTE;FINESTRAT
ALICANTE;FORMENTERA DEL SEGURA
ALICANTE;GATA DE GORGOS
ALICANTE;GRANJA DE ROCAMORA
ALICANTE;GUARDAMAR DEL SEGURA
ALICANTE;HONDÓN DE LAS NIEVES
ALICANTE;HONDÓN DE LOS FRAILES
ALICANTE;IBI
ALICANTE;JACARILLA
ALICANTE;JALÓN/XALÓ
ALICANTE;JÁVEA/XÀBIA
ALICANTE;JIJONA/XIXONA
ALICANTE;MONFORTE DEL CID
ALICANTE;MONÓVAR/MONÒVER
ALICANTE;MONTESINOS (LOS)
ALICANTE;MURO DE ALCOY
ALICANTE;MUTXAMEL
ALICANTE;NOVELDA
ALICANTE;NUCIA (LA)
ALICANTE;ONDARA
ALICANTE;ONIL
ALICANTE;ORBA
ALICANTE;ORIHUELA
ALICANTE;PEDREGUER
ALICANTE;PEGO
ALICANTE;PETRER
ALICANTE;PILAR DE LA HORADADA
ALICANTE;PINOSO
ALICANTE;REDOVÁN
ALICANTE;ROJALES
ALICANTE;ROMANA (LA)
ALICANTE;SALINAS
ALICANTE;SAN FULGENCIO
ALICANTE;SAN ISIDRO
ALICANTE;SAN MIGUEL DE SALINAS
ALICANTE;SAN VICENTE DEL RASPEIG/SANT VICENT DEL RASPEIG
ALICANTE;SANT JOAN D'ALACANT
ALICANTE;SANTA POLA
ALICANTE;SAX
ALICANTE;TEULADA
ALICANTE;TIBI
ALICANTE;TORREVIEJA
ALICANTE;VERGER (EL)
ALICANTE;VILLAJOYOSA/VILA JOIOSA (LA)
ALICANTE;VILLENA
ALMERÍA;ABLA
ALMERÍA;ADRA
ALMERÍA;ALBOX
ALMERÍA;ALHAMA DE ALMERÍA
ALMERÍA;ALMERÍA
ALMERÍA;ANTAS
ALMERÍA;ARBOLEAS
ALMERÍA;BENAHADUX
ALMERÍA;BERJA
ALMERÍA;CANJÁYAR
ALMERÍA;CANTORIA
ALMERÍA;CARBONERAS
ALMERÍA;CHIRIVEL
ALMERÍA;CUEVAS DEL ALMANZORA
ALMERÍA;DALÍAS
ALMERÍA;EJIDO (EL)
ALMERÍA;FIÑANA
ALMERÍA;FINES
ALMERÍA;GÁDOR
ALMERÍA;GALLARDOS (LOS)
ALMERÍA;GARRUCHA
ALMERÍA;GÉRGAL
ALMERÍA;HUÉRCAL DE ALMERÍA
ALMERÍA;HUÉRCAL-OVERA
ALMERÍA;LÁUJAR DE ANDARAX
ALMERÍA;LUBRÍN
ALMERÍA;MACAEL
ALMERÍA;MARÍA
ALMERÍA;MOJÁCAR
ALMERÍA;MOJONERA (LA)
ALMERÍA;NACIMIENTO
ALMERÍA;NÍJAR
ALMERÍA;OLULA DEL RÍO
ALMERÍA;ORIA
ALMERÍA;PULPÍ
ALMERÍA;PURCHENA
ALMERÍA;RIOJA
ALMERÍA;ROQUETAS DE MAR
ALMERÍA;SANTA FE DE MONDÚJAR
ALMERÍA;SERÓN
ALMERÍA;SORBAS
ALMERÍA;TABERNAS
ALMERÍA;TABERNO
ALMERÍA;TAHAL
ALMERÍA;TÍJOLA
ALMERÍA;TURRE
ALMERÍA;VÉLEZ-BLANCO
ALMERÍA;VÉLEZ-RUBIO
ALMERÍA;VERA
ALMERÍA;VIATOR
ALMERÍA;VÍCAR
ALMERÍA;ZURGENA
ARABA/ÁLAVA;ALEGRÍA-DULANTZI
ARABA/ÁLAVA;AMURRIO
ARABA/ÁLAVA;ARRAIA-MAEZTU
ARABA/ÁLAVA;ARRAZUA-UBARRUNDIA
ARABA/ÁLAVA;ARTZINIEGA
ARABA/ÁLAVA;ASPARRENA
ARABA/ÁLAVA;CAMPEZO/KANPEZU
ARABA/ÁLAVA;ELBURGO/BURGELU
ARABA/ÁLAVA;IRUÑA OKA/IRUÑA DE OCA
ARABA/ÁLAVA;LABASTIDA
ARABA/ÁLAVA;LAGUARDIA
ARABA/ÁLAVA;LANTARÓN
ARABA/ÁLAVA;LLODIO
ARABA/ÁLAVA;OYÓN/OION
ARABA/ÁLAVA;RIBERA ALTA
ARABA/ÁLAVA;RIBERA BAJA/ERRIBERA BEITIA
ARABA/ÁLAVA;SALVATIERRA/AGURAIN
ARABA/ÁLAVA;SAN MILLÁN/DONEMILIAGA
ARABA/ÁLAVA;VITORIA-GASTEIZ
ARABA/ÁLAVA;ZUIA
ASTURIAS;ALLANDE
ASTURIAS;ALLER
ASTURIAS;AVILÉS
ASTURIAS;BELMONTE DE MIRANDA
ASTURIAS;BOAL
ASTURIAS;CABRALES
ASTURIAS;CANGAS DE ONÍS
ASTURIAS;CANGAS DEL NARCEA
ASTURIAS;CARREÑO
ASTURIAS;CASTRILLÓN
ASTURIAS;CASTROPOL
ASTURIAS;COAÑA
ASTURIAS;COLUNGA
ASTURIAS;CORVERA DE ASTURIAS
ASTURIAS;CUDILLERO
ASTURIAS;FRANCO (EL)
ASTURIAS;GIJÓN
ASTURIAS;GOZÓN
ASTURIAS;GRADO
ASTURIAS;GRANDAS DE SALIME
ASTURIAS;IBIAS
ASTURIAS;LANGREO
ASTURIAS;LAVIANA
ASTURIAS;LENA
ASTURIAS;LLANERA
ASTURIAS;LLANES
ASTURIAS;MIERES
ASTURIAS;MORCÍN
ASTURIAS;MUROS DE NALÓN
ASTURIAS;NAVA
ASTURIAS;NAVIA
ASTURIAS;NOREÑA
ASTURIAS;OVIEDO
ASTURIAS;PARRES
ASTURIAS;PEÑAMELLERA BAJA
ASTURIAS;PILOÑA
ASTURIAS;PRAVIA
ASTURIAS;PROAZA
ASTURIAS;RIBADEDEVA
ASTURIAS;RIBADESELLA
ASTURIAS;RIBERA DE ARRIBA
ASTURIAS;SALAS
ASTURIAS;SAN MARTÍN DEL REY AURELIO
ASTURIAS;SAN TIRSO DE ABRES
ASTURIAS;SIERO
ASTURIAS;SOTO DEL BARCO
ASTURIAS;TAPIA DE CASARIEGO
ASTURIAS;TEVERGA
ASTURIAS;TINEO
ASTURIAS;VALDÉS
ASTURIAS;VEGADEO
ASTURIAS;VILLAVICIOSA
ÁVILA;ADANERO
ÁVILA;ADRADA (LA)
ÁVILA;ALDEASECA
ÁVILA;ARENAS DE SAN PEDRO
ÁVILA;ARÉVALO
ÁVILA;ÁVILA
ÁVILA;BARCO DE ÁVILA (EL)
ÁVILA;BARRACO (EL)
ÁVILA;BLASCOSANCHO
ÁVILA;BURGOHONDO
ÁVILA;CANDELEDA
ÁVILA;CEBREROS
ÁVILA;COLILLA (LA)
ÁVILA;CRESPOS
ÁVILA;ESPINOSA DE LOS CABALLEROS
ÁVILA;FONTIVEROS
ÁVILA;HERNANSANCHO
ÁVILA;HOYO DE PINARES (EL)
ÁVILA;MADRIGAL DE LAS ALTAS TORRES
ÁVILA;MINGORRÍA
ÁVILA;MOMBELTRÁN
ÁVILA;MUÑANA
ÁVILA;MUÑICO
ÁVILA;MUÑOGRANDE
ÁVILA;NAVA DE ARÉVALO
ÁVILA;NAVALPERAL DE PINARES
ÁVILA;NAVALUENGA
ÁVILA;NAVARREDONDA DE GREDOS
ÁVILA;NAVARREDONDILLA
ÁVILA;NAVAS DEL MARQUÉS (LAS)
ÁVILA;ORBITA
ÁVILA;PALACIOS DE GODA
ÁVILA;PEDRO BERNARDO
ÁVILA;PIEDRAHÍTA
ÁVILA;SAN ESTEBAN DEL VALLE
ÁVILA;SAN PEDRO DEL ARROYO
ÁVILA;SANCHIDRIÁN
ÁVILA;SOLOSANCHO
ÁVILA;SOTILLO DE LA ADRADA
ÁVILA;TIEMBLO (EL)
ÁVILA;TORRE (LA)
ÁVILA;VELAYOS
ÁVILA;VILLANUEVA DEL ACERAL
BADAJOZ;ACEDERA
BADAJOZ;ACEUCHAL
BADAJOZ;AHILLONES
BADAJOZ;ALANGE
BADAJOZ;ALBUERA (LA)
BADAJOZ;ALBURQUERQUE
BADAJOZ;ALCONCHEL
BADAJOZ;ALMENDRAL
BADAJOZ;ALMENDRALEJO
BADAJOZ;ARROYO DE SAN SERVÁN
BADAJOZ;AZUAGA
BADAJOZ;BADAJOZ
BADAJOZ;BARCARROTA
BADAJOZ;BERLANGA
BADAJOZ;BIENVENIDA
BADAJOZ;BURGUILLOS DEL CERRO
BADAJOZ;CABEZA DEL BUEY
BADAJOZ;CABEZA LA VACA
BADAJOZ;CALAMONTE
BADAJOZ;CALERA DE LEÓN
BADAJOZ;CALZADILLA DE LOS BARROS
BADAJOZ;CAMPANARIO
BADAJOZ;CAMPILLO DE LLERENA
BADAJOZ;CASAS DE DON PEDRO
BADAJOZ;CASTILBLANCO
BADAJOZ;CASTUERA
BADAJOZ;CODOSERA (LA)
BADAJOZ;CORDOBILLA DE LÁCARA
BADAJOZ;CORONADA (LA)
BADAJOZ;CORTE DE PELEAS
BADAJOZ;DON BENITO
BADAJOZ;ESPARRAGALEJO
BADAJOZ;FREGENAL DE LA SIERRA
BADAJOZ;FUENLABRADA DE LOS MONTES
BADAJOZ;FUENTE DE CANTOS
BADAJOZ;FUENTE DEL ARCO
BADAJOZ;FUENTE DEL MAESTRE
BADAJOZ;FUENTES DE LEÓN
BADAJOZ;GRANJA DE TORREHERMOSA
BADAJOZ;GUAREÑA
BADAJOZ;HABA (LA)
BADAJOZ;HERRERA DEL DUQUE
BADAJOZ;HIGUERA DE LA SERENA
BADAJOZ;HIGUERA DE VARGAS
BADAJOZ;HIGUERA LA REAL
BADAJOZ;HORNACHOS
BADAJOZ;JEREZ DE LOS CABALLEROS
BADAJOZ;LLERENA
BADAJOZ;LOBÓN
BADAJOZ;MAGUILLA
BADAJOZ;MEDELLÍN
BADAJOZ;MEDINA DE LAS TORRES
BADAJOZ;MÉRIDA
BADAJOZ;MONESTERIO
BADAJOZ;MONTEMOLÍN
BADAJOZ;MONTERRUBIO DE LA SERENA
BADAJOZ;MONTIJO
BADAJOZ;NAVA DE SANTIAGO (LA)
BADAJOZ;NAVALVILLAR DE PELA
BADAJOZ;OLIVA DE LA FRONTERA
BADAJOZ;OLIVENZA
BADAJOZ;ORELLANA LA VIEJA
BADAJOZ;PEÑALSORDO
BADAJOZ;PUEBLA DE ALCOCER
BADAJOZ;PUEBLA DE LA CALZADA
BADAJOZ;PUEBLA DE OBANDO
BADAJOZ;PUEBLA DE SANCHO PÉREZ
BADAJOZ;PUEBLA DEL MAESTRE
BADAJOZ;PUEBLONUEVO DEL GUADIANA
BADAJOZ;QUINTANA DE LA SERENA
BADAJOZ;RIBERA DEL FRESNO
BADAJOZ;ROCA DE LA SIERRA (LA)
BADAJOZ;SALVALEÓN
BADAJOZ;SAN PEDRO DE MÉRIDA
BADAJOZ;SAN VICENTE DE ALCÁNTARA
BADAJOZ;SANTA AMALIA
BADAJOZ;SANTA MARTA
BADAJOZ;SANTOS DE MAIMONA (LOS)
BADAJOZ;SEGURA DE LEÓN
BADAJOZ;SIRUELA
BADAJOZ;SOLANA DE LOS BARROS
BADAJOZ;TALARRUBIAS
BADAJOZ;TALAVERA LA REAL
BADAJOZ;TORRE DE MIGUEL SESMERO
BADAJOZ;TORREMEJÍA
BADAJOZ;USAGRE
BADAJOZ;VALDECABALLEROS
BADAJOZ;VALDELACALZADA
BADAJOZ;VALENCIA DE LAS TORRES
BADAJOZ;VALENCIA DEL MOMBUEY
BADAJOZ;VALENCIA DEL VENTOSO
BADAJOZ;VALLE DE LA SERENA
BADAJOZ;VALLE DE SANTA ANA
BADAJOZ;VALVERDE DE LEGANÉS
BADAJOZ;VALVERDE DE MÉRIDA
BADAJOZ;VILLAFRANCA DE LOS BARROS
BADAJOZ;VILLAGONZALO
BADAJOZ;VILLALBA DE LOS BARROS
BADAJOZ;VILLANUEVA DE LA SERENA
BADAJOZ;VILLANUEVA DEL FRESNO
BADAJOZ;VILLAR DE RENA
BADAJOZ;VILLAR DEL REY
BADAJOZ;ZAFRA
BADAJOZ;ZALAMEA DE LA SERENA
BADAJOZ;ZARZA (LA)
BALEARS (ILLES);ALAIOR
BALEARS (ILLES);ALARÓ
BALEARS (ILLES);ALCÚDIA
BALEARS (ILLES);ALGAIDA
BALEARS (ILLES);ANDRATX
BALEARS (ILLES);ARTÀ
BALEARS (ILLES);BINISSALEM
BALEARS (ILLES);BUNYOLA
BALEARS (ILLES);CALVIÀ
BALEARS (ILLES);CAMPANET
BALEARS (ILLES);CAMPOS
BALEARS (ILLES);CAPDEPERA
BALEARS (ILLES);CIUTADELLA DE MENORCA
BALEARS (ILLES);EIVISSA
BALEARS (ILLES);ESCORCA
BALEARS (ILLES);ESPORLES
BALEARS (ILLES);FELANITX
BALEARS (ILLES);FERRERIES
BALEARS (ILLES);FORMENTERA
BALEARS (ILLES);INCA
BALEARS (ILLES);LLOSETA
BALEARS (ILLES);LLUBÍ
BALEARS (ILLES);LLUCMAJOR
BALEARS (ILLES);MAHÓN
BALEARS (ILLES);MANACOR
BALEARS (ILLES);MARRATXÍ
BALEARS (ILLES);MERCADAL (ES)
BALEARS (ILLES);MONTUÏRI
BALEARS (ILLES);MURO
BALEARS (ILLES);PALMA DE MALLORCA
BALEARS (ILLES);PETRA
BALEARS (ILLES);POBLA (SA)
BALEARS (ILLES);POLLENÇA
BALEARS (ILLES);PORRERES
BALEARS (ILLES);SALINES (SES)
BALEARS (ILLES);SANT ANTONI DE PORTMANY
BALEARS (ILLES);SANT JOAN
BALEARS (ILLES);SANT JOAN DE LABRITJA
BALEARS (ILLES);SANT JOSEP DE SA TALAIA
BALEARS (ILLES);SANT LLORENÇ DES CARDASSAR
BALEARS (ILLES);SANT LLUÍS
BALEARS (ILLES);SANTA EUGÈNIA
BALEARS (ILLES);SANTA EULALIA DEL RÍO
BALEARS (ILLES);SANTA MARGALIDA
BALEARS (ILLES);SANTA MARÍA DEL CAMÍ
BALEARS (ILLES);SANTANYÍ
BALEARS (ILLES);SENCELLES
BALEARS (ILLES);SINEU
BALEARS (ILLES);SÓLLER
BALEARS (ILLES);SON SERVERA
BALEARS (ILLES);VALLDEMOSSA
BALEARS (ILLES);VILAFRANCA DE BONANY
BARCELONA;ABRERA
BARCELONA;ALELLA
BARCELONA;AMETLLA DEL VALLÈS (L')
BARCELONA;ARENYS DE MAR
BARCELONA;ARENYS DE MUNT
BARCELONA;ARGENTONA
BARCELONA;ARTÉS
BARCELONA;AVINYÓ
BARCELONA;BADALONA
BARCELONA;BADIA DEL VALLÈS
BARCELONA;BALENYÀ
BARCELONA;BALSARENY
BARCELONA;BARBERÀ DEL VALLÈS
BARCELONA;BARCELONA
BARCELONA;BEGUES
BARCELONA;BERGA
BARCELONA;BIGUES I RIELLS
BARCELONA;BRUC (EL)
BARCELONA;CABRERA DE MAR
BARCELONA;CABRILS
BARCELONA;CALAF
BARCELONA;CALDERS
BARCELONA;CALDES DE MONTBUI
BARCELONA;CALELLA
BARCELONA;CALLDETENES
BARCELONA;CANET DE MAR
BARCELONA;CANOVELLES
BARCELONA;CANYELLES
BARCELONA;CARDEDEU
BARCELONA;CARDONA
BARCELONA;CASTELLAR DEL VALLÈS
BARCELONA;CASTELLBELL I EL VILAR
BARCELONA;CASTELLBISBAL
BARCELONA;CASTELLDEFELS
BARCELONA;CASTELLET I LA GORNAL
BARCELONA;CASTELLGALÍ
BARCELONA;CASTELLTERÇOL
BARCELONA;CENTELLES
BARCELONA;CERCS
BARCELONA;CERDANYOLA DEL VALLÈS
BARCELONA;CERVELLÓ
BARCELONA;COLLBATÓ
BARCELONA;CORNELLÀ DE LLOBREGAT
BARCELONA;CUBELLES
BARCELONA;DOSRIUS
BARCELONA;ESPARREGUERA
BARCELONA;ESPLUGUES DE LLOBREGAT
BARCELONA;FOGARS DE LA SELVA
BARCELONA;FRANQUESES DEL VALLÈS (LES)
BARCELONA;GARRIGA (LA)
BARCELONA;GAVÀ
BARCELONA;GELIDA
BARCELONA;GIRONELLA
BARCELONA;GRANADA (LA)
BARCELONA;GRANOLLERS
BARCELONA;GUALBA
BARCELONA;GUARDIOLA DE BERGUEDÀ
BARCELONA;GURB
BARCELONA;HOSPITALET DE LLOBREGAT (L')
BARCELONA;IGUALADA
BARCELONA;JORBA
BARCELONA;LLAGOSTA (LA)
BARCELONA;LLIÇÀ D'AMUNT
BARCELONA;LLIÇÀ DE VALL
BARCELONA;LLINARS DEL VALLÈS
BARCELONA;MALGRAT DE MAR
BARCELONA;MALLA
BARCELONA;MANLLEU
BARCELONA;MANRESA
BARCELONA;MARTORELL
BARCELONA;MASIES DE VOLTREGÀ (LES)
BARCELONA;MASNOU (EL)
BARCELONA;MASQUEFA
BARCELONA;MATARÓ
BARCELONA;MOIÀ
BARCELONA;MOLINS DE REI
BARCELONA;MOLLET DEL VALLÈS
BARCELONA;MONISTROL DE MONTSERRAT
BARCELONA;MONTCADA I REIXAC
BARCELONA;MONTGAT
BARCELONA;MONTMANEU
BARCELONA;MONTMELÓ
BARCELONA;MONTORNÈS DEL VALLÈS
BARCELONA;MONTSENY
BARCELONA;NAVARCLES
BARCELONA;NAVÀS
BARCELONA;ÒDENA
BARCELONA;OLÈRDOLA
BARCELONA;OLESA DE MONTSERRAT
BARCELONA;OLOST
BARCELONA;PACS DEL PENEDÈS
BARCELONA;PALAFOLLS
BARCELONA;PALAU-SOLITÀ I PLEGAMANS
BARCELONA;PALLEJÀ
BARCELONA;PALMA DE CERVELLÓ (LA)
BARCELONA;PAPIOL (EL)
BARCELONA;PARETS DEL VALLÈS
BARCELONA;PIERA
BARCELONA;PINEDA DE MAR
BARCELONA;PLA DEL PENEDÈS (EL)
BARCELONA;POBLA DE CLARAMUNT (LA)
BARCELONA;POBLA DE LILLET (LA)
BARCELONA;POLINYÀ
BARCELONA;PONT DE VILOMARA I ROCAFORT (EL)
BARCELONA;PRAT DE LLOBREGAT (EL)
BARCELONA;PRATS DE LLUÇANÈS
BARCELONA;PREMIÀ DE DALT
BARCELONA;PREMIÀ DE MAR
BARCELONA;PUIG-REIG
BARCELONA;RIPOLLET
BARCELONA;ROCA DEL VALLÈS (LA)
BARCELONA;RODA DE TER
BARCELONA;RUBÍ
BARCELONA;SABADELL
BARCELONA;SALDES
BARCELONA;SALLENT
BARCELONA;SANT ADRIÀ DE BESÒS
BARCELONA;SANT ANDREU DE LA BARCA
BARCELONA;SANT ANDREU DE LLAVANERES
BARCELONA;SANT ANTONI DE VILAMAJOR
BARCELONA;SANT BOI DE LLOBREGAT
BARCELONA;SANT CELONI
BARCELONA;SANT CUGAT DEL VALLÈS
BARCELONA;SANT CUGAT SESGARRIGUES
BARCELONA;SANT ESTEVE SESROVIRES
BARCELONA;SANT FELIU DE LLOBREGAT
BARCELONA;SANT FOST DE CAMPSENTELLES
BARCELONA;SANT FRUITÓS DE BAGES
BARCELONA;SANT ISCLE DE VALLALTA
BARCELONA;SANT JOAN DE VILATORRADA
BARCELONA;SANT JOAN DESPÍ
BARCELONA;SANT JUST DESVERN
BARCELONA;SANT LLORENÇ D'HORTONS
BARCELONA;SANT MARTÍ D'ALBARS
BARCELONA;SANT MARTÍ SARROCA
BARCELONA;SANT PERE DE RIBES
BARCELONA;SANT PERE DE RIUDEBITLLES
BARCELONA;SANT PERE DE TORELLÓ
BARCELONA;SANT PERE SALLAVINERA
BARCELONA;SANT POL DE MAR
BARCELONA;SANT QUIRZE DEL VALLÈS
BARCELONA;SANT QUIRZE SAFAJA
BARCELONA;SANT SADURNÍ D'ANOIA
BARCELONA;SANT SALVADOR DE GUARDIOLA
BARCELONA;SANT VICENÇ DE CASTELLET
BARCELONA;SANT VICENÇ DE MONTALT
BARCELONA;SANT VICENÇ DE TORELLÓ
BARCELONA;SANT VICENÇ DELS HORTS
BARCELONA;SANTA COLOMA DE GRAMENET
BARCELONA;SANTA EULÀLIA DE RONÇANA
BARCELONA;SANTA MARGARIDA DE MONTBUI
BARCELONA;SANTA MARGARIDA I ELS MONJOS
BARCELONA;SANTA MARIA DE MIRALLES
BARCELONA;SANTA MARIA DE PALAUTORDERA
BARCELONA;SANTA PERPÈTUA DE MOGODA
BARCELONA;SANTA SUSANNA
BARCELONA;SANTPEDOR
BARCELONA;SENTMENAT
BARCELONA;SEVA
BARCELONA;SITGES
BARCELONA;SUBIRATS
BARCELONA;SÚRIA
BARCELONA;TAGAMANENT
BARCELONA;TEIÀ
BARCELONA;TERRASSA
BARCELONA;TONA
BARCELONA;TORDERA
BARCELONA;TORELLÓ
BARCELONA;TORRE DE CLARAMUNT (LA)
BARCELONA;TORRELLES DE LLOBREGAT
BARCELONA;VACARISSES
BARCELONA;VALLGORGUINA
BARCELONA;VALLIRANA
BARCELONA;VALLROMANES
BARCELONA;VIC
BARCELONA;VILADECANS
BARCELONA;VILADECAVALLS
BARCELONA;VILAFRANCA DEL PENEDÈS
BARCELONA;VILANOVA DEL VALLÈS
BARCELONA;VILANOVA I LA GELTRÚ
BARCELONA;VILASSAR DE DALT
BARCELONA;VILASSAR DE MAR
BIZKAIA;ABADIÑO
BIZKAIA;ABANTO Y CIÉRVANA-ABANTO ZIERBENA
BIZKAIA;ALONSOTEGI
BIZKAIA;AMOREBIETA-ETXANO
BIZKAIA;ARRIGORRIAGA
BIZKAIA;ARTEA
BIZKAIA;BAKIO
BIZKAIA;BALMASEDA
BIZKAIA;BARAKALDO
BIZKAIA;BASAURI
BIZKAIA;BERANGO
BIZKAIA;BERMEO
BIZKAIA;BERRIZ
BIZKAIA;BILBAO
BIZKAIA;DERIO
BIZKAIA;DURANGO
BIZKAIA;ELORRIO
BIZKAIA;ERANDIO
BIZKAIA;ETXEBARRI, ANTEIGLESIA DE SAN ESTEBAN-ETXEBARRI DONEZTEBEKO
BIZKAIA;GALDAKAO
BIZKAIA;GERNIKA-LUMO
BIZKAIA;GETXO
BIZKAIA;GORDEXOLA
BIZKAIA;GORLIZ
BIZKAIA;GÜEÑES
BIZKAIA;IGORRE
BIZKAIA;IURRETA
BIZKAIA;IZURTZA
BIZKAIA;KARRANTZA HARANA/VALLE DE CARRANZA
BIZKAIA;LARRABETZU
BIZKAIA;LEIOA
BIZKAIA;LEKEITIO
BIZKAIA;LEMOA
BIZKAIA;LOIU
BIZKAIA;MALLABIA
BIZKAIA;MARKINA-XEMEIN
BIZKAIA;MUNDAKA
BIZKAIA;MUNGIA
BIZKAIA;MUXIKA
BIZKAIA;OROZKO
BIZKAIA;ORTUELLA
BIZKAIA;OTXANDIO
BIZKAIA;PLENTZIA
BIZKAIA;PORTUGALETE
BIZKAIA;SANTURTZI
BIZKAIA;SESTAO
BIZKAIA;SOPELANA
BIZKAIA;SOPUERTA
BIZKAIA;UGAO-MIRABALLES
BIZKAIA;URDULIZ
BIZKAIA;URDUÑA-ORDUÑA
BIZKAIA;VALLE DE TRÁPAGA-TRAPAGARAN
BIZKAIA;ZALLA
BIZKAIA;ZAMUDIO
BIZKAIA;ZEANURI
BIZKAIA;ZIERBENA
BURGOS;AMEYUGO
BURGOS;ARANDA DE DUERO
BURGOS;ARCOS
BURGOS;BALBASES (LOS)
BURGOS;BASCONCILLOS DEL TOZO
BURGOS;BELORADO
BURGOS;BERBERANA
BURGOS;BRIVIESCA
BURGOS;BUNIEL
BURGOS;BURGOS
BURGOS;CALERUEGA
BURGOS;CARCEDO DE BURGOS
BURGOS;CARDEÑAJIMENO
BURGOS;CASTRILLO DE LA VEGA
BURGOS;CASTROJERIZ
BURGOS;CILLERUELO DE ABAJO
BURGOS;CONDADO DE TREVIÑO
BURGOS;ESPINOSA DE LOS MONTEROS
BURGOS;ESTÉPAR
BURGOS;FONTIOSO
BURGOS;FRANDOVÍNEZ
BURGOS;FUENTECÉN
BURGOS;FUENTESPINA
BURGOS;GUMIEL DE IZÁN
BURGOS;HUERTA DE REY
BURGOS;LERMA
BURGOS;MADRIGALEJO DEL MONTE
BURGOS;MEDINA DE POMAR
BURGOS;MELGAR DE FERNAMENTAL
BURGOS;MERINDAD DE MONTIJA
BURGOS;MERINDAD DE RÍO UBIERNA
BURGOS;MERINDAD DE SOTOSCUEVA
BURGOS;MILAGROS
BURGOS;MIRANDA DE EBRO
BURGOS;OLMEDILLO DE ROA
BURGOS;OÑA
BURGOS;OQUILLAS
BURGOS;PALACIOS DE LA SIERRA
BURGOS;PARDILLA
BURGOS;PUEBLA DE ARGANZÓN (LA)
BURGOS;QUINTANAPALLA
BURGOS;QUINTANAR DE LA SIERRA
BURGOS;QUINTANILLA VIVAR
BURGOS;QUINTANILLAS (LAS)
BURGOS;REVILLA Y AHEDO (LA)
BURGOS;ROA
BURGOS;RUBENA
BURGOS;SALAS DE LOS INFANTES
BURGOS;SANTA MARÍA DEL CAMPO
BURGOS;SARRACÍN
BURGOS;SASAMÓN
BURGOS;SOTRESGUDO
BURGOS;TRESPADERNE
BURGOS;VADOCONDES
BURGOS;VALLE DE LOSA
BURGOS;VALLE DE MENA
BURGOS;VALLE DE SEDANO
BURGOS;VALLE DE TOBALINA
BURGOS;VALLE DE VALDEBEZANA
BURGOS;VALLE DE VALDELUCIO
BURGOS;VILLADIEGO
BURGOS;VILLAGONZALO PEDERNALES
BURGOS;VILLALBILLA DE BURGOS
BURGOS;VILLALMANZO
BURGOS;VILLANUEVA DE ARGAÑO
BURGOS;VILLAQUIRÁN DE LOS INFANTES
BURGOS;VILLARCAYO DE MERINDAD DE CASTILLA LA VIEJA
BURGOS;VILLAZOPEQUE
CÁCERES;AHIGAL
CÁCERES;ALCÁNTARA
CÁCERES;ALCUÉSCAR
CÁCERES;ALDEA DEL CANO
CÁCERES;ALDEANUEVA DEL CAMINO
CÁCERES;ALISEDA
CÁCERES;ALMARAZ
CÁCERES;ALMOHARÍN
CÁCERES;ARROYO DE LA LUZ
CÁCERES;ARROYOMOLINOS (EXT)
CÁCERES;BAÑOS DE MONTEMAYOR
CÁCERES;BARRADO
CÁCERES;BELVÍS DE MONROY
CÁCERES;BROZAS
CÁCERES;CABEZUELA DEL VALLE
CÁCERES;CÁCERES
CÁCERES;CAMINOMORISCO
CÁCERES;CAMPO LUGAR
CÁCERES;CAÑAVERAL
CÁCERES;CASAR DE CÁCERES
CÁCERES;CASAS DE DON GÓMEZ
CÁCERES;CASTAÑAR DE IBOR
CÁCERES;CECLAVÍN
CÁCERES;CILLEROS
CÁCERES;COLLADO
CÁCERES;CORIA
CÁCERES;CUACOS DE YUSTE
CÁCERES;DELEITOSA
CÁCERES;ESCURIAL
CÁCERES;GALISTEO
CÁCERES;GARROVILLAS DE ALCONÉTAR
CÁCERES;GUADALUPE
CÁCERES;GUIJO DE GALISTEO
CÁCERES;GUIJO DE GRANADILLA
CÁCERES;JARAÍZ DE LA VERA
CÁCERES;JARANDILLA DE LA VERA
CÁCERES;LOGROSÁN
CÁCERES;LOSAR DE LA VERA
CÁCERES;MADRIGALEJO
CÁCERES;MADROÑERA
CÁCERES;MAJADAS
CÁCERES;MALPARTIDA DE CÁCERES
CÁCERES;MALPARTIDA DE PLASENCIA
CÁCERES;MIAJADAS
CÁCERES;MOHEDAS DE GRANADILLA
CÁCERES;MONTÁNCHEZ
CÁCERES;MONTEHERMOSO
CÁCERES;MORALEJA
CÁCERES;NAVALMORAL DE LA MATA
CÁCERES;NUÑOMORAL
CÁCERES;PALOMERO
CÁCERES;PASARÓN DE LA VERA
CÁCERES;PERALEDA DE LA MATA
CÁCERES;PERALES DEL PUERTO
CÁCERES;PINOFRANQUEADO
CÁCERES;PIORNAL
CÁCERES;PLASENCIA
CÁCERES;POZUELO DE ZARZÓN
CÁCERES;RIOLOBOS
CÁCERES;SANTA CRUZ DE LA SIERRA
CÁCERES;SANTIAGO DEL CAMPO
CÁCERES;TALAYUELA
CÁCERES;TEJEDA DE TIÉTAR
CÁCERES;TORNO (EL)
CÁCERES;TORRE DE SANTA MARÍA
CÁCERES;TORRECILLAS DE LA TIESA
CÁCERES;TORREJÓN EL RUBIO
CÁCERES;TORREJONCILLO
CÁCERES;TORREORGAZ
CÁCERES;TRUJILLO
CÁCERES;VALDASTILLAS
CÁCERES;VALDEOBISPO
CÁCERES;VALENCIA DE ALCÁNTARA
CÁCERES;VALVERDE DEL FRESNO
CÁCERES;VILLANUEVA DE LA VERA
CÁCERES;VILLAR DE PLASENCIA
CÁCERES;VILLAR DEL PEDROSO
CÁCERES;ZARZA DE GRANADILLA
CÁCERES;ZARZA LA MAYOR
CÁCERES;ZORITA
CÁDIZ;ALCALÁ DE LOS GAZULES
CÁDIZ;ALCALÁ DEL VALLE
CÁDIZ;ALGAR
CÁDIZ;ALGECIRAS
CÁDIZ;ALGODONALES
CÁDIZ;ARCOS DE LA FRONTERA
CÁDIZ;BARBATE
CÁDIZ;BARRIOS (LOS)
CÁDIZ;BENALUP-CASAS VIEJAS
CÁDIZ;BORNOS
CÁDIZ;BOSQUE (EL)
CÁDIZ;CÁDIZ
CÁDIZ;CASTELLAR DE LA FRONTERA
CÁDIZ;CHICLANA DE LA FRONTERA
CÁDIZ;CHIPIONA
CÁDIZ;CONIL DE LA FRONTERA
CÁDIZ;ESPERA
CÁDIZ;GRAZALEMA
CÁDIZ;JEREZ DE LA FRONTERA
CÁDIZ;JIMENA DE LA FRONTERA
CÁDIZ;LÍNEA DE LA CONCEPCIÓN (LA)
CÁDIZ;MEDINA-SIDONIA
CÁDIZ;OLVERA
CÁDIZ;PATERNA DE RIVERA
CÁDIZ;PRADO DEL REY
CÁDIZ;PUERTO DE SANTA MARÍA (EL)
CÁDIZ;PUERTO REAL
CÁDIZ;ROTA
CÁDIZ;SAN FERNANDO
CÁDIZ;SAN JOSÉ DEL VALLE
CÁDIZ;SAN ROQUE
CÁDIZ;SANLÚCAR DE BARRAMEDA
CÁDIZ;SETENIL DE LAS BODEGAS
CÁDIZ;TARIFA
CÁDIZ;TREBUJENA
CÁDIZ;UBRIQUE
CÁDIZ;VEJER DE LA FRONTERA
CÁDIZ;VILLAMARTÍN
CANTABRIA;ALFOZ DE LLOREDO
CANTABRIA;AMPUERO
CANTABRIA;ARENAS DE IGUÑA
CANTABRIA;ARNUERO
CANTABRIA;ASTILLERO (EL)
CANTABRIA;BÁRCENA DE CICERO
CANTABRIA;CABEZÓN DE LA SAL
CANTABRIA;CAMARGO
CANTABRIA;CAMPOO DE ENMEDIO
CANTABRIA;CARTES
CANTABRIA;CASTAÑEDA
CANTABRIA;CASTRO-URDIALES
CANTABRIA;CILLORIGO DE LIÉBANA
CANTABRIA;COLINDRES
CANTABRIA;COMILLAS
CANTABRIA;CORRALES DE BUELNA (LOS)
CANTABRIA;CORVERA DE TORANZO
CANTABRIA;ENTRAMBASAGUAS
CANTABRIA;ESCALANTE
CANTABRIA;HAZAS DE CESTO
CANTABRIA;LAREDO
CANTABRIA;LIENDO
CANTABRIA;LIÉRGANES
CANTABRIA;MARINA DE CUDEYO
CANTABRIA;MEDIO CUDEYO
CANTABRIA;MERUELO
CANTABRIA;MIENGO
CANTABRIA;MOLLEDO
CANTABRIA;PENAGOS
CANTABRIA;PIÉLAGOS
CANTABRIA;POLANCO
CANTABRIA;PUENTE VIESGO
CANTABRIA;RAMALES DE LA VICTORIA
CANTABRIA;REINOSA
CANTABRIA;REOCÍN
CANTABRIA;RIBAMONTÁN AL MAR
CANTABRIA;RIBAMONTÁN AL MONTE
CANTABRIA;RIONANSA
CANTABRIA;RUENTE
CANTABRIA;RUILOBA
CANTABRIA;SAN FELICES DE BUELNA
CANTABRIA;SAN VICENTE DE LA BARQUERA
CANTABRIA;SANTA CRUZ DE BEZANA
CANTABRIA;SANTA MARÍA DE CAYÓN
CANTABRIA;SANTANDER
CANTABRIA;SANTILLANA DEL MAR
CANTABRIA;SANTIURDE DE TORANZO
CANTABRIA;SANTOÑA
CANTABRIA;SOBA
CANTABRIA;SOLÓRZANO
CANTABRIA;SUANCES
CANTABRIA;TORRELAVEGA
CANTABRIA;VAL DE SAN VICENTE
CANTABRIA;VALDÁLIGA
CANTABRIA;VALDERREDIBLE
CANTABRIA;VEGA DE PAS
CANTABRIA;VILLACARRIEDO
CANTABRIA;VILLAESCUSA
CANTABRIA;VILLAFUFRE
CANTABRIA;VOTO
CASTELLÓN / CASTELLÓ;ALBOCÀSSER
CASTELLÓN / CASTELLÓ;ALCALÀ DE XIVERT
CASTELLÓN / CASTELLÓ;ALCORA (L')
CASTELLÓN / CASTELLÓ;ALMAZORA/ALMASSORA
CASTELLÓN / CASTELLÓ;ALMENARA
CASTELLÓN / CASTELLÓ;ALQUERÍAS DEL NIÑO PERDIDO
CASTELLÓN / CASTELLÓ;ALTURA
CASTELLÓN / CASTELLÓ;ARTANA
CASTELLÓN / CASTELLÓ;ATZENETA DEL MAESTRAT
CASTELLÓN / CASTELLÓ;BARRACAS
CASTELLÓN / CASTELLÓ;BEJÍS
CASTELLÓN / CASTELLÓ;BENASAL
CASTELLÓN / CASTELLÓ;BENICARLÓ
CASTELLÓN / CASTELLÓ;BENICASIM/BENICÀSSIM
CASTELLÓN / CASTELLÓ;BENLLOCH
CASTELLÓN / CASTELLÓ;BETXÍ
CASTELLÓN / CASTELLÓ;BORRIOL
CASTELLÓN / CASTELLÓ;BURRIANA
CASTELLÓN / CASTELLÓ;CABANES
CASTELLÓN / CASTELLÓ;CASTELLÓN DE LA PLANA/CASTELLÓ DE LA PLANA
CASTELLÓN / CASTELLÓ;CHILCHES/XILXES
CASTELLÓN / CASTELLÓ;COVES DE VINROMÀ (LES)
CASTELLÓN / CASTELLÓ;FORCALL
CASTELLÓN / CASTELLÓ;JÉRICA
CASTELLÓN / CASTELLÓ;LLOSA (LA)
CASTELLÓN / CASTELLÓ;LUCENA DEL CID
CASTELLÓN / CASTELLÓ;MONCOFA
CASTELLÓN / CASTELLÓ;MONTANEJOS
CASTELLÓN / CASTELLÓ;MORELLA
CASTELLÓN / CASTELLÓ;NULES
CASTELLÓN / CASTELLÓ;OLOCAU DEL REY
CASTELLÓN / CASTELLÓ;ONDA
CASTELLÓN / CASTELLÓ;OROPESA DEL MAR/ORPESA
CASTELLÓN / CASTELLÓ;PEÑÍSCOLA
CASTELLÓN / CASTELLÓ;POBLA TORNESA (LA)
CASTELLÓN / CASTELLÓ;RIBESALBES
CASTELLÓN / CASTELLÓ;SAN RAFAEL DEL RÍO
CASTELLÓN / CASTELLÓ;SANT JOAN DE MORÓ
CASTELLÓN / CASTELLÓ;SANT MATEU
CASTELLÓN / CASTELLÓ;SANTA MAGDALENA DE PULPIS
CASTELLÓN / CASTELLÓ;SEGORBE
CASTELLÓN / CASTELLÓ;SIERRA ENGARCERÁN
CASTELLÓN / CASTELLÓ;SONEJA
CASTELLÓN / CASTELLÓ;SOT DE FERRER
CASTELLÓN / CASTELLÓ;TORREBLANCA
CASTELLÓN / CASTELLÓ;TRAIGUERA
CASTELLÓN / CASTELLÓ;VALL D'ALBA
CASTELLÓN / CASTELLÓ;VALL D'UIXÓ (LA)
CASTELLÓN / CASTELLÓ;VILAFAMÉS
CASTELLÓN / CASTELLÓ;VILANOVA D'ALCOLEA
CASTELLÓN / CASTELLÓ;VILLAFRANCA DEL CID
CASTELLÓN / CASTELLÓ;VILLARREAL/VILA-REAL
CASTELLÓN / CASTELLÓ;VILLAVIEJA
CASTELLÓN / CASTELLÓ;VINARÒS
CASTELLÓN / CASTELLÓ;VISTABELLA DEL MAESTRAZGO
CASTELLÓN / CASTELLÓ;VIVER
CEUTA;CEUTA
CIUDAD REAL;ABENÓJAR
CIUDAD REAL;AGUDO
CIUDAD REAL;ALBALADEJO
CIUDAD REAL;ALCÁZAR DE SAN JUAN
CIUDAD REAL;ALCOLEA DE CALATRAVA
CIUDAD REAL;ALCUBILLAS
CIUDAD REAL;ALDEA DEL REY
CIUDAD REAL;ALMADÉN
CIUDAD REAL;ALMAGRO
CIUDAD REAL;ALMEDINA
CIUDAD REAL;ALMODÓVAR DEL CAMPO
CIUDAD REAL;ALMURADIEL
CIUDAD REAL;ARENALES DE SAN GREGORIO
CIUDAD REAL;ARENAS DE SAN JUAN
CIUDAD REAL;ARGAMASILLA DE ALBA
CIUDAD REAL;ARGAMASILLA DE CALATRAVA
CIUDAD REAL;BOLAÑOS DE CALATRAVA
CIUDAD REAL;BRAZATORTAS
CIUDAD REAL;CALZADA DE CALATRAVA
CIUDAD REAL;CAMPO DE CRIPTANA
CIUDAD REAL;CARRIÓN DE CALATRAVA
CIUDAD REAL;CARRIZOSA
CIUDAD REAL;CASTELLAR DE SANTIAGO
CIUDAD REAL;CHILLÓN
CIUDAD REAL;CIUDAD REAL
CIUDAD REAL;CORRAL DE CALATRAVA
CIUDAD REAL;CORTIJOS (LOS)
CIUDAD REAL;CÓZAR
CIUDAD REAL;DAIMIEL
CIUDAD REAL;FUENCALIENTE
CIUDAD REAL;FUENTE EL FRESNO
CIUDAD REAL;GRANÁTULA DE CALATRAVA
CIUDAD REAL;GUADALMEZ
CIUDAD REAL;HERENCIA
CIUDAD REAL;LABORES (LAS)
CIUDAD REAL;LLANOS DEL CAUDILLO
CIUDAD REAL;LUCIANA
CIUDAD REAL;MALAGÓN
CIUDAD REAL;MANZANARES
CIUDAD REAL;MEMBRILLA
CIUDAD REAL;MIGUELTURRA
CIUDAD REAL;MONTIEL
CIUDAD REAL;MORAL DE CALATRAVA
CIUDAD REAL;PEDRO MUÑOZ
CIUDAD REAL;PIEDRABUENA
CIUDAD REAL;PORZUNA
CIUDAD REAL;POZUELO DE CALATRAVA
CIUDAD REAL;PUEBLA DE DON RODRIGO
CIUDAD REAL;PUEBLA DEL PRÍNCIPE
CIUDAD REAL;PUERTO LÁPICE
CIUDAD REAL;PUERTOLLANO
CIUDAD REAL;RETUERTA DEL BULLAQUE
CIUDAD REAL;ROBLEDO (EL)
CIUDAD REAL;RUIDERA
CIUDAD REAL;SACERUELA
CIUDAD REAL;SAN CARLOS DEL VALLE
CIUDAD REAL;SANTA CRUZ DE LOS CÁÑAMOS
CIUDAD REAL;SANTA CRUZ DE MUDELA
CIUDAD REAL;SOCUÉLLAMOS
CIUDAD REAL;SOLANA (LA)
CIUDAD REAL;TERRINCHES
CIUDAD REAL;TOMELLOSO
CIUDAD REAL;TORRALBA DE CALATRAVA
CIUDAD REAL;TORRE DE JUAN ABAD
CIUDAD REAL;TORRENUEVA
CIUDAD REAL;VALDEPEÑAS
CIUDAD REAL;VILLAHERMOSA
CIUDAD REAL;VILLAMANRIQUE
CIUDAD REAL;VILLAMAYOR DE CALATRAVA
CIUDAD REAL;VILLANUEVA DE LA FUENTE
CIUDAD REAL;VILLANUEVA DE LOS INFANTES
CIUDAD REAL;VILLANUEVA DE SAN CARLOS
CIUDAD REAL;VILLARRUBIA DE LOS OJOS
CIUDAD REAL;VILLARTA DE SAN JUAN
CIUDAD REAL;VISO DEL MARQUÉS
CÓRDOBA;ADAMUZ
CÓRDOBA;AGUILAR DE LA FRONTERA
CÓRDOBA;ALCARACEJOS
CÓRDOBA;ALMEDINILLA
CÓRDOBA;ALMODÓVAR DEL RÍO
CÓRDOBA;AÑORA
CÓRDOBA;BAENA
CÓRDOBA;BELALCÁZAR
CÓRDOBA;BELMEZ
CÓRDOBA;BENAMEJÍ
CÓRDOBA;BLÁZQUEZ (LOS)
CÓRDOBA;BUJALANCE
CÓRDOBA;CABRA
CÓRDOBA;CAÑETE DE LAS TORRES
CÓRDOBA;CARCABUEY
CÓRDOBA;CARDEÑA
CÓRDOBA;CARLOTA (LA)
CÓRDOBA;CARPIO (EL)
CÓRDOBA;CASTRO DEL RÍO
CÓRDOBA;CÓRDOBA
CÓRDOBA;DOÑA MENCÍA
CÓRDOBA;ENCINAS REALES
CÓRDOBA;ESPEJO
CÓRDOBA;FERNÁN-NÚÑEZ
CÓRDOBA;FUENTE OBEJUNA
CÓRDOBA;FUENTE PALMERA
CÓRDOBA;FUENTE-TÓJAR
CÓRDOBA;HINOJOSA DEL DUQUE
CÓRDOBA;HORNACHUELOS
CÓRDOBA;IZNÁJAR
CÓRDOBA;LUCENA
CÓRDOBA;LUQUE
CÓRDOBA;MONTALBÁN DE CÓRDOBA
CÓRDOBA;MONTEMAYOR
CÓRDOBA;MONTILLA
CÓRDOBA;MONTORO
CÓRDOBA;MONTURQUE
CÓRDOBA;MORILES
CÓRDOBA;NUEVA CARTEYA
CÓRDOBA;OBEJO
CÓRDOBA;PALENCIANA
CÓRDOBA;PALMA DEL RÍO
CÓRDOBA;PEDRO ABAD
CÓRDOBA;PEDROCHE
CÓRDOBA;PEÑARROYA-PUEBLONUEVO
CÓRDOBA;POSADAS
CÓRDOBA;POZOBLANCO
CÓRDOBA;PRIEGO DE CÓRDOBA
CÓRDOBA;PUENTE GENIL
CÓRDOBA;RAMBLA (LA)
CÓRDOBA;RUTE
CÓRDOBA;SAN SEBASTIÁN DE LOS BALLESTEROS
CÓRDOBA;SANTAELLA
CÓRDOBA;VICTORIA (LA)
CÓRDOBA;VILLA DEL RÍO
CÓRDOBA;VILLAFRANCA DE CÓRDOBA
CÓRDOBA;VILLAHARTA
CÓRDOBA;VILLANUEVA DE CÓRDOBA
CÓRDOBA;VILLANUEVA DEL DUQUE
CÓRDOBA;VILLANUEVA DEL REY
CÓRDOBA;VILLAVICIOSA DE CÓRDOBA
CÓRDOBA;VISO (EL)
CORUÑA (A);ABEGONDO
CORUÑA (A);AMES
CORUÑA (A);ARTEIXO
CORUÑA (A);ARZÚA
CORUÑA (A);BAÑA (A)
CORUÑA (A);BERGONDO
CORUÑA (A);BETANZOS
CORUÑA (A);BOIMORTO
CORUÑA (A);BOIRO
CORUÑA (A);BOQUEIXÓN
CORUÑA (A);BRIÓN
CORUÑA (A);CABANA DE BERGANTIÑOS
CORUÑA (A);CABANAS
CORUÑA (A);CAMARIÑAS
CORUÑA (A);CAMBRE
CORUÑA (A);CAPELA (A)
CORUÑA (A);CARBALLO
CORUÑA (A);CARIÑO
CORUÑA (A);CARNOTA
CORUÑA (A);CARRAL
CORUÑA (A);CEDEIRA
CORUÑA (A);CEE
CORUÑA (A);CERCEDA
CORUÑA (A);CERDIDO
CORUÑA (A);COIRÓS
CORUÑA (A);CORISTANCO
CORUÑA (A);CORUÑA (A)
CORUÑA (A);CULLEREDO
CORUÑA (A);CURTIS
CORUÑA (A);DODRO
CORUÑA (A);DUMBRÍA
CORUÑA (A);FENE
CORUÑA (A);FERROL
CORUÑA (A);FISTERRA
CORUÑA (A);FRADES
CORUÑA (A);IRIXOA
CORUÑA (A);LARACHA (A)
CORUÑA (A);LAXE
CORUÑA (A);MALPICA DE BERGANTIÑOS
CORUÑA (A);MAZARICOS
CORUÑA (A);MELIDE
CORUÑA (A);MIÑO
CORUÑA (A);MOECHE
CORUÑA (A);MUGARDOS
CORUÑA (A);MUROS
CORUÑA (A);MUXÍA
CORUÑA (A);NARÓN
CORUÑA (A);NEDA
CORUÑA (A);NEGREIRA
CORUÑA (A);NOIA
CORUÑA (A);OLEIROS
CORUÑA (A);ORDES
CORUÑA (A);OROSO
CORUÑA (A);ORTIGUEIRA
CORUÑA (A);OUTES
CORUÑA (A);OZA DOS RÍOS
CORUÑA (A);PADERNE
CORUÑA (A);PADRÓN
CORUÑA (A);PINO (O)
CORUÑA (A);POBRA DO CARAMIÑAL (A)
CORUÑA (A);PONTECESO
CORUÑA (A);PONTEDEUME
CORUÑA (A);PONTES DE GARCÍA RODRÍGUEZ (AS)
CORUÑA (A);PORTO DO SON
CORUÑA (A);RIANXO
CORUÑA (A);RIBEIRA
CORUÑA (A);ROIS
CORUÑA (A);SADA
CORUÑA (A);SAN SADURNIÑO
CORUÑA (A);SANTA COMBA
CORUÑA (A);SANTIAGO DE COMPOSTELA
CORUÑA (A);SOBRADO
CORUÑA (A);TEO
CORUÑA (A);TRAZO
CORUÑA (A);VAL DO DUBRA
CORUÑA (A);VALDOVIÑO
CORUÑA (A);VEDRA
CORUÑA (A);VILASANTAR
CORUÑA (A);VIMIANZO
CORUÑA (A);ZAS
CUENCA;ALBERCA DE ZÁNCARA (LA)
CUENCA;ALIAGUILLA
CUENCA;ALMARCHA (LA)
CUENCA;ALMODÓVAR DEL PINAR
CUENCA;ALMONACID DEL MARQUESADO
CUENCA;ATALAYA DEL CAÑAVATE
CUENCA;BARAJAS DE MELO
CUENCA;BELINCHÓN
CUENCA;BELMONTE
CUENCA;BETETA
CUENCA;BUENACHE DE ALARCÓN
CUENCA;CAMPILLO DE ALTOBUEY
CUENCA;CAMPOS DEL PARAÍSO
CUENCA;CAÑAVERAS
CUENCA;CAÑAVERUELAS
CUENCA;CAÑETE
CUENCA;CARBONERAS DE GUADAZAÓN
CUENCA;CARDENETE
CUENCA;CASAS DE BENÍTEZ
CUENCA;CASAS DE FERNANDO ALONSO
CUENCA;CASAS DE HARO
CUENCA;CASAS DE LOS PINOS
CUENCA;CASASIMARRO
CUENCA;CASTILLEJO DE INIESTA
CUENCA;CASTILLO DE GARCIMUÑOZ
CUENCA;CERVERA DEL LLANO
CUENCA;CHILLARÓN DE CUENCA
CUENCA;CUENCA
CUENCA;FUENTE DE PEDRO NAHARRO
CUENCA;GRAJA DE INIESTA
CUENCA;HERRUMBLAR (EL)
CUENCA;HINOJOSA (LA)
CUENCA;HINOJOSOS (LOS)
CUENCA;HITO (EL)
CUENCA;HONRUBIA
CUENCA;HORCAJO DE SANTIAGO
CUENCA;HUETE
CUENCA;INIESTA
CUENCA;LANDETE
CUENCA;LEDAÑA
CUENCA;MESAS (LAS)
CUENCA;MINGLANILLA
CUENCA;MIRA
CUENCA;MONTALBANEJO
CUENCA;MONTALBO
CUENCA;MOTA DEL CUERVO
CUENCA;MOTILLA DEL PALANCAR
CUENCA;PALOMARES DEL CAMPO
CUENCA;PEDERNOSO (EL)
CUENCA;PEDROÑERAS (LAS)
CUENCA;PERAL (EL)
CUENCA;POZOAMARGO
CUENCA;POZORRUBIELOS DE LA MANCHA
CUENCA;PRIEGO
CUENCA;PROVENCIO (EL)
CUENCA;PUEBLA DE ALMENARA
CUENCA;QUINTANAR DEL REY
CUENCA;SAELICES
CUENCA;SALVACAÑETE
CUENCA;SAN CLEMENTE
CUENCA;SAN LORENZO DE LA PARRILLA
CUENCA;SANTA CRUZ DE MOYA
CUENCA;SANTA MARÍA DE LOS LLANOS
CUENCA;SANTA MARÍA DEL CAMPO RUS
CUENCA;TALAYUELAS
CUENCA;TARANCÓN
CUENCA;TÉBAR
CUENCA;TORREJONCILLO DEL REY
CUENCA;TORRUBIA DEL CAMPO
CUENCA;TRAGACETE
CUENCA;TRESJUNCOS
CUENCA;VALDEOLIVAS
CUENCA;VALERAS (LAS)
CUENCA;VILLACONEJOS DE TRABAQUE
CUENCA;VILLAESCUSA DE HARO
CUENCA;VILLAGARCÍA DEL LLANO
CUENCA;VILLALBA DEL REY
CUENCA;VILLALPARDO
CUENCA;VILLAMAYOR DE SANTIAGO
CUENCA;VILLANUEVA DE LA JARA
CUENCA;VILLAR DE CAÑAS
CUENCA;VILLAREJO DE FUENTES
CUENCA;VILLAREJO-PERIESTEBAN
CUENCA;VILLARES DEL SAZ
CUENCA;VILLARRUBIO
CUENCA;VILLARTA
CUENCA;VILLAVERDE Y PASACONSOL
CUENCA;ZAFRA DE ZÁNCARA
GIPUZKOA;AIA
GIPUZKOA;ANDOAIN
GIPUZKOA;ANOETA
GIPUZKOA;ARRASATE/MONDRAGÓN
GIPUZKOA;ASTIGARRAGA
GIPUZKOA;ATAUN
GIPUZKOA;AZKOITIA
GIPUZKOA;AZPEITIA
GIPUZKOA;BEASAIN
GIPUZKOA;BERGARA
GIPUZKOA;DEBA
GIPUZKOA;DONOSTIA-SAN SEBASTIÁN
GIPUZKOA;EIBAR
GIPUZKOA;ELGOIBAR
GIPUZKOA;ERRENTERIA
GIPUZKOA;ESKORIATZA
GIPUZKOA;HERNANI
GIPUZKOA;HONDARRIBIA
GIPUZKOA;IDIAZABAL
GIPUZKOA;IRUN
GIPUZKOA;IRURA
GIPUZKOA;ITSASONDO
GIPUZKOA;LASARTE-ORIA
GIPUZKOA;LAZKAO
GIPUZKOA;LEGAZPI
GIPUZKOA;LEGORRETA
GIPUZKOA;LEZO
GIPUZKOA;MUTRIKU
GIPUZKOA;OIARTZUN
GIPUZKOA;OLABERRIA
GIPUZKOA;OÑATI
GIPUZKOA;ORDIZIA
GIPUZKOA;PASAIA
GIPUZKOA;TOLOSA
GIPUZKOA;URNIETA
GIPUZKOA;URRETXU
GIPUZKOA;USURBIL
GIPUZKOA;VILLABONA
GIPUZKOA;ZARAUTZ
GIPUZKOA;ZESTOA
GIPUZKOA;ZUMAIA
GIPUZKOA;ZUMARRAGA
GIRONA;AIGUAVIVA
GIRONA;AMER
GIRONA;ANGLÈS
GIRONA;ARBÚCIES
GIRONA;AVINYONET DE PUIGVENTÓS
GIRONA;BANYOLES
GIRONA;BÀSCARA
GIRONA;BEGUR
GIRONA;BELLCAIRE D'EMPORDÀ
GIRONA;BESALÚ
GIRONA;BESCANÓ
GIRONA;BISBAL D'EMPORDÀ (LA)
GIRONA;BIURE
GIRONA;BLANES
GIRONA;BORRASSÀ
GIRONA;BRUNYOLA
GIRONA;CABANELLES
GIRONA;CADAQUÉS
GIRONA;CALDES DE MALAVELLA
GIRONA;CALONGE
GIRONA;CAMPELLES
GIRONA;CAMPRODON
GIRONA;CAPMANY
GIRONA;CASSÀ DE LA SELVA
GIRONA;CASTELLÓ D'EMPÚRIES
GIRONA;CASTELL-PLATJA D'ARO
GIRONA;CELLERA DE TER (LA)
GIRONA;CELRÀ
GIRONA;CERVIÀ DE TER
GIRONA;CORÇÀ
GIRONA;ESCALA (L')
GIRONA;FAR D'EMPORDÀ (EL)
GIRONA;FIGUERES
GIRONA;FONTANILLES
GIRONA;FORALLAC
GIRONA;FORNELLS DE LA SELVA
GIRONA;FORTIÀ
GIRONA;GARRIGÀS
GIRONA;GIRONA
GIRONA;HOSTALRIC
GIRONA;JONQUERA (LA)
GIRONA;JUIÀ
GIRONA;LLAGOSTERA
GIRONA;LLANÇÀ
GIRONA;LLERS
GIRONA;LLÍVIA
GIRONA;LLORET DE MAR
GIRONA;MAÇANET DE CABRENYS
GIRONA;MAÇANET DE LA SELVA
GIRONA;MONT-RAS
GIRONA;OLOT
GIRONA;PALAFRUGELL
GIRONA;PALAMÓS
GIRONA;PALOL DE REVARDIT
GIRONA;PAU
GIRONA;PEDRET I MARZÀ
GIRONA;PERA (LA)
GIRONA;PLANES D'HOSTOLES (LES)
GIRONA;PONT DE MOLINS
GIRONA;PORQUERES
GIRONA;PORT DE LA SELVA (EL)
GIRONA;PORTBOU
GIRONA;PRESES (LES)
GIRONA;PUIGCERDÀ
GIRONA;QUART
GIRONA;REGENCÓS
GIRONA;RIPOLL
GIRONA;RIUDARENES
GIRONA;RIUDELLOTS DE LA SELVA
GIRONA;ROSES
GIRONA;SALT
GIRONA;SANT FELIU DE BUIXALLEU
GIRONA;SANT FELIU DE GUÍXOLS
GIRONA;SANT GREGORI
GIRONA;SANT HILARI SACALM
GIRONA;SANT JAUME DE LLIERCA
GIRONA;SANT JOAN DE LES ABADESSES
GIRONA;SANT JOAN LES FONTS
GIRONA;SANT JORDI DESVALLS
GIRONA;SANT PERE PESCADOR
GIRONA;SANTA COLOMA DE FARNERS
GIRONA;SANTA CRISTINA D'ARO
GIRONA;SANTA LLOGAIA D'ÀLGUEMA
GIRONA;SARRIÀ DE TER
GIRONA;SAUS
GIRONA;SERINYÀ
GIRONA;SERRA DE DARÓ
GIRONA;SILS
GIRONA;TORROELLA DE MONTGRÍ
GIRONA;TOSSA DE MAR
GIRONA;ULLÀ
GIRONA;VALL DE BIANYA (LA)
GIRONA;VALL D'EN BAS (LA)
GIRONA;VERGES
GIRONA;VIDRERES
GIRONA;VILADAMAT
GIRONA;VILADRAU
GIRONA;VILAMALLA
GIRONA;VILOBÍ D'ONYAR
GRANADA;ALBOLOTE
GRANADA;ALBUÑÁN
GRANADA;ALBUÑOL
GRANADA;ALFACAR
GRANADA;ALGARINEJO
GRANADA;ALHAMA DE GRANADA
GRANADA;ALHENDÍN
GRANADA;ALMUÑÉCAR
GRANADA;ARMILLA
GRANADA;ATARFE
GRANADA;BAZA
GRANADA;BENALÚA DE LAS VILLAS
GRANADA;BENAMAUREL
GRANADA;CÁDIAR
GRANADA;CALAHORRA (LA)
GRANADA;CALICASAS
GRANADA;CAMPOTÉJAR
GRANADA;CANILES
GRANADA;CASTILLÉJAR
GRANADA;CASTRIL
GRANADA;CENES DE LA VEGA
GRANADA;CHAUCHINA
GRANADA;CHURRIANA DE LA VEGA
GRANADA;CIJUELA
GRANADA;COGOLLOS DE LA VEGA
GRANADA;COLOMERA
GRANADA;CUEVAS DEL CAMPO
GRANADA;CÚLLAR
GRANADA;CÚLLAR VEGA
GRANADA;DARRO
GRANADA;DEIFONTES
GRANADA;DIEZMA
GRANADA;DÓLAR
GRANADA;DÚRCAL
GRANADA;FREILA
GRANADA;FUENTE VAQUEROS
GRANADA;GABIAS (LAS)
GRANADA;GALERA
GRANADA;GOR
GRANADA;GRANADA
GRANADA;GUADAHORTUNA
GRANADA;GUADIX
GRANADA;GUALCHOS
GRANADA;GÜEJAR SIERRA
GRANADA;GÜEVÉJAR
GRANADA;HUÉNEJA
GRANADA;HUÉSCAR
GRANADA;HUÉTOR DE SANTILLÁN
GRANADA;HUÉTOR TÁJAR
GRANADA;HUÉTOR VEGA
GRANADA;ILLORA
GRANADA;IZNALLOZ
GRANADA;JAYENA
GRANADA;JETE
GRANADA;JUN
GRANADA;LÁCHAR
GRANADA;LANJARÓN
GRANADA;LECRÍN
GRANADA;LOJA
GRANADA;MARACENA
GRANADA;MOCLÍN
GRANADA;MOLVÍZAR
GRANADA;MONACHIL
GRANADA;MONTEFRÍO
GRANADA;MONTEJÍCAR
GRANADA;MONTILLANA
GRANADA;MORALEDA DE ZAFAYONA
GRANADA;MORELÁBOR
GRANADA;MOTRIL
GRANADA;NEVADA
GRANADA;NIGÜELAS
GRANADA;OGÍJARES
GRANADA;ORCE
GRANADA;ÓRGIVA
GRANADA;OTURA
GRANADA;PADUL
GRANADA;PAMPANEIRA
GRANADA;PELIGROS
GRANADA;PEZA (LA)
GRANADA;PÍÑAR
GRANADA;PINOS PUENTE
GRANADA;PÓRTUGOS
GRANADA;PUEBLA DE DON FADRIQUE
GRANADA;PULIANAS
GRANADA;PURULLENA
GRANADA;SALAR
GRANADA;SALOBREÑA
GRANADA;SANTA FE
GRANADA;VEGAS DEL GENIL
GRANADA;VÉLEZ DE BENAUDALLA
GRANADA;VENTAS DE HUELMA
GRANADA;VILLAMENA
GRANADA;VILLANUEVA DE LAS TORRES
GRANADA;VILLANUEVA MESÍA
GRANADA;ZAFARRAYA
GRANADA;ZAGRA
GRANADA;ZUBIA (LA)
GRANADA;ZÚJAR
GUADALAJARA;ALCOLEA DEL PINAR
GUADALAJARA;ALGORA
GUADALAJARA;ALMADRONES
GUADALAJARA;ALMOGUERA
GUADALAJARA;ALMONACID DE ZORITA
GUADALAJARA;ALOVERA
GUADALAJARA;ATIENZA
GUADALAJARA;AZUQUECA DE HENARES
GUADALAJARA;BERNINCHES
GUADALAJARA;BRIHUEGA
GUADALAJARA;CABANILLAS DEL CAMPO
GUADALAJARA;CAMPILLO DE DUEÑAS
GUADALAJARA;CASAR (EL)
GUADALAJARA;CHILOECHES
GUADALAJARA;CIFUENTES
GUADALAJARA;CONDEMIOS DE ARRIBA
GUADALAJARA;CUBILLO DE UCEDA (EL)
GUADALAJARA;ESPINOSA DE HENARES
GUADALAJARA;FONTANAR
GUADALAJARA;GUADALAJARA
GUADALAJARA;HUMANES
GUADALAJARA;JADRAQUE
GUADALAJARA;LEDANCA
GUADALAJARA;MARANCHÓN
GUADALAJARA;MARCHAMALO
GUADALAJARA;MIRABUENO
GUADALAJARA;MOLINA DE ARAGÓN
GUADALAJARA;MONDÉJAR
GUADALAJARA;PASTRANA
GUADALAJARA;PIOZ
GUADALAJARA;POZO DE GUADALAJARA
GUADALAJARA;QUER
GUADALAJARA;SACEDÓN
GUADALAJARA;SAÚCA
GUADALAJARA;SIGÜENZA
GUADALAJARA;TORIJA
GUADALAJARA;TORRE DEL BURGO
GUADALAJARA;TORREJÓN DEL REY
GUADALAJARA;TORREMOCHA DEL CAMPO
GUADALAJARA;TRIJUEQUE
GUADALAJARA;UCEDA
GUADALAJARA;VILLANUEVA DE LA TORRE
GUADALAJARA;YEBRA
GUADALAJARA;YUNQUERA DE HENARES
HUELVA;ALJARAQUE
HUELVA;ALMONASTER LA REAL
HUELVA;ALMONTE
HUELVA;ALOSNO
HUELVA;ARACENA
HUELVA;AROCHE
HUELVA;AYAMONTE
HUELVA;BEAS
HUELVA;BERROCAL
HUELVA;BOLLULLOS PAR DEL CONDADO
HUELVA;BONARES
HUELVA;CALA
HUELVA;CALAÑAS
HUELVA;CAMPILLO (EL)
HUELVA;CARTAYA
HUELVA;CERRO DE ANDÉVALO (EL)
HUELVA;CHUCENA
HUELVA;CORTEGANA
HUELVA;ENCINASOLA
HUELVA;ESCACENA DEL CAMPO
HUELVA;GIBRALEÓN
HUELVA;GRANADO (EL)
HUELVA;HIGUERA DE LA SIERRA
HUELVA;HUELVA
HUELVA;ISLA CRISTINA
HUELVA;LEPE
HUELVA;LUCENA DEL PUERTO
HUELVA;MANZANILLA
HUELVA;MINAS DE RIOTINTO
HUELVA;MOGUER
HUELVA;NAVA (LA)
HUELVA;NERVA
HUELVA;NIEBLA
HUELVA;PALMA DEL CONDADO (LA)
HUELVA;PALOS DE LA FRONTERA
HUELVA;PATERNA DEL CAMPO
HUELVA;PAYMOGO
HUELVA;PUEBLA DE GUZMÁN
HUELVA;PUNTA UMBRÍA
HUELVA;ROCIANA DEL CONDADO
HUELVA;ROSAL DE LA FRONTERA
HUELVA;SAN BARTOLOMÉ DE LA TORRE
HUELVA;SAN JUAN DEL PUERTO
HUELVA;SANTA BÁRBARA DE CASA
HUELVA;SANTA OLALLA DEL CALA
HUELVA;TRIGUEROS
HUELVA;VALVERDE DEL CAMINO
HUELVA;VILLABLANCA
HUELVA;VILLALBA DEL ALCOR
HUELVA;VILLANUEVA DE LOS CASTILLEJOS
HUELVA;VILLARRASA
HUELVA;ZALAMEA LA REAL
HUESCA;AÍNSA-SOBRARBE
HUESCA;ALBALATE DE CINCA
HUESCA;ALBERO BAJO
HUESCA;ALCAMPELL
HUESCA;ALCOLEA DE CINCA
HUESCA;ALCUBIERRE
HUESCA;ALMUDÉVAR
HUESCA;ALQUÉZAR
HUESCA;ALTORRICÓN
HUESCA;ARÉN
HUESCA;AYERBE
HUESCA;BALLOBAR
HUESCA;BARBASTRO
HUESCA;BENABARRE
HUESCA;BENASQUE
HUESCA;BIELSA
HUESCA;BIESCAS
HUESCA;BINACED
HUESCA;BINÉFAR
HUESCA;BOLTAÑA
HUESCA;BROTO
HUESCA;CAMPO
HUESCA;CANDASNOS
HUESCA;CANFRANC
HUESCA;CAPELLA
HUESCA;CASTEJÓN DE SOS
HUESCA;CASTEJÓN DEL PUENTE
HUESCA;ESPLÚS
HUESCA;ESTADILLA
HUESCA;ESTOPIÑÁN DEL CASTILLO
HUESCA;FONZ
HUESCA;FRAGA
HUESCA;GRADO (EL)
HUESCA;GRAÑÉN
HUESCA;GRAUS
HUESCA;GURREA DE GÁLLEGO
HUESCA;HUERTO
HUESCA;HUESCA
HUESCA;ISÁBENA
HUESCA;JACA
HUESCA;LABUERDA
HUESCA;LALUEZA
HUESCA;LANAJA
HUESCA;LOPORZANO
HUESCA;MONZÓN
HUESCA;NUENO
HUESCA;ONTIÑENA
HUESCA;OSSO DE CINCA
HUESCA;PEÑALBA
HUESCA;PERALTA DE ALCOFEA
HUESCA;PERALTILLA
HUESCA;PUENTE LA REINA DE JACA
HUESCA;SABIÑÁNIGO
HUESCA;SALLENT DE GÁLLEGO
HUESCA;SAN MIGUEL DEL CINCA
HUESCA;SARIÑENA
HUESCA;SECASTILLA
HUESCA;SENA
HUESCA;SIÉTAMO
HUESCA;SOTONERA (LA)
HUESCA;TAMARITE DE LITERA
HUESCA;TELLA-SIN
HUESCA;TORRENTE DE CINCA
HUESCA;TORRES DE BARBUÉS
HUESCA;VALLE DE HECHO
HUESCA;VILLANÚA
HUESCA;VILLANUEVA DE SIGENA
HUESCA;ZAIDÍN
JAÉN;ALBANCHEZ DE MÁGINA
JAÉN;ALCALÁ LA REAL
JAÉN;ALCAUDETE
JAÉN;ANDÚJAR
JAÉN;ARJONA
JAÉN;ARJONILLA
JAÉN;ARQUILLOS
JAÉN;ARROYO DEL OJANCO
JAÉN;BAEZA
JAÉN;BAILÉN
JAÉN;BAÑOS DE LA ENCINA
JAÉN;BEAS DE SEGURA
JAÉN;BEDMAR Y GARCÍEZ
JAÉN;BEGÍJAR
JAÉN;BÉLMEZ DE LA MORALEDA
JAÉN;CABRA DEL SANTO CRISTO
JAÉN;CAMBIL
JAÉN;CAMPILLO DE ARENAS
JAÉN;CANENA
JAÉN;CARBONEROS
JAÉN;CÁRCHELES
JAÉN;CAROLINA (LA)
JAÉN;CASTELLAR
JAÉN;CASTILLO DE LOCUBÍN
JAÉN;CAZORLA
JAÉN;CHICLANA DE SEGURA
JAÉN;CHILLUÉVAR
JAÉN;FRAILES
JAÉN;FUERTE DEL REY
JAÉN;GUARDIA DE JAÉN (LA)
JAÉN;GUARROMÁN
JAÉN;HUELMA
JAÉN;HUESA
JAÉN;IBROS
JAÉN;IRUELA (LA)
JAÉN;IZNATORAF
JAÉN;JABALQUINTO
JAÉN;JAÉN
JAÉN;JAMILENA
JAÉN;JIMENA
JAÉN;JÓDAR
JAÉN;LAHIGUERA
JAÉN;LINARES
JAÉN;LOPERA
JAÉN;MANCHA REAL
JAÉN;MARMOLEJO
JAÉN;MARTOS
JAÉN;MENGÍBAR
JAÉN;MONTIZÓN
JAÉN;NAVAS DE SAN JUAN
JAÉN;NOALEJO
JAÉN;ORCERA
JAÉN;PEAL DE BECERRO
JAÉN;PEGALAJAR
JAÉN;PORCUNA
JAÉN;POZO ALCÓN
JAÉN;PUENTE DE GÉNAVE
JAÉN;PUERTA DE SEGURA (LA)
JAÉN;QUESADA
JAÉN;RUS
JAÉN;SABIOTE
JAÉN;SANTA ELENA
JAÉN;SANTIAGO-PONTONES
JAÉN;SANTISTEBAN DEL PUERTO
JAÉN;SANTO TOMÉ
JAÉN;SEGURA DE LA SIERRA
JAÉN;SILES
JAÉN;SORIHUELA DEL GUADALIMAR
JAÉN;TORRE DEL CAMPO
JAÉN;TORREBLASCOPEDRO
JAÉN;TORREDONJIMENO
JAÉN;TORREPEROGIL
JAÉN;TORRES
JAÉN;TORRES DE ALBÁNCHEZ
JAÉN;ÚBEDA
JAÉN;VALDEPEÑAS DE JAÉN
JAÉN;VILCHES
JAÉN;VILLACARRILLO
JAÉN;VILLANUEVA DE LA REINA
JAÉN;VILLANUEVA DEL ARZOBISPO
JAÉN;VILLARES (LOS)
JAÉN;VILLATORRES
LEÓN;ANTIGUA (LA)
LEÓN;ARDÓN
LEÓN;ASTORGA
LEÓN;BAÑEZA (LA)
LEÓN;BEMBIBRE
LEÓN;BOÑAR
LEÓN;BRAZUELO
LEÓN;BURGO RANERO (EL)
LEÓN;CABREROS DEL RÍO
LEÓN;CACABELOS
LEÓN;CAMPO DE VILLAVIDEL
LEÓN;CAMPONARAYA
LEÓN;CARRIZO
LEÓN;CARROCERA
LEÓN;CASTROCALBÓN
LEÓN;CASTROCONTRIGO
LEÓN;CHOZAS DE ABAJO
LEÓN;CISTIERNA
LEÓN;CUBILLAS DE RUEDA
LEÓN;CUBILLOS DEL SIL
LEÓN;FABERO
LEÓN;FRESNO DE LA VEGA
LEÓN;HOSPITAL DE ÓRBIGO
LEÓN;LAGUNA DE NEGRILLOS
LEÓN;LEÓN
LEÓN;MANSILLA DE LAS MULAS
LEÓN;MANSILLA MAYOR
LEÓN;ONZONILLA
LEÓN;PÁRAMO DEL SIL
LEÓN;POLA DE GORDÓN (LA)
LEÓN;PONFERRADA
LEÓN;PUEBLA DE LILLO
LEÓN;PUENTE DE DOMINGO FLÓREZ
LEÓN;RIAÑO
LEÓN;RIEGO DE LA VEGA
LEÓN;RIELLO
LEÓN;RIOSECO DE TAPIA
LEÓN;ROBLA (LA)
LEÓN;ROPERUELOS DEL PÁRAMO
LEÓN;SAHAGÚN
LEÓN;SAN ANDRÉS DEL RABANEDO
LEÓN;SAN CRISTÓBAL DE LA POLANTERA
LEÓN;SAN EMILIANO
LEÓN;SANTA CRISTINA DE VALMADRIGAL
LEÓN;SANTA MARÍA DE LA ISLA
LEÓN;SANTA MARÍA DEL PÁRAMO
LEÓN;SANTOVENIA DE LA VALDONCINA
LEÓN;SARIEGOS
LEÓN;SENA DE LUNA
LEÓN;TORAL DE LOS GUZMANES
LEÓN;TORENO
LEÓN;TRABADELO
LEÓN;TURCIA
LEÓN;URDIALES DEL PÁRAMO
LEÓN;VALDEFRESNO
LEÓN;VALDEPOLO
LEÓN;VALDERAS
LEÓN;VALDERRUEDA
LEÓN;VALDEVIMBRE
LEÓN;VALENCIA DE DON JUAN
LEÓN;VALVERDE DE LA VIRGEN
LEÓN;VEGA DE ESPINAREDA
LEÓN;VEGA DE VALCARCE
LEÓN;VILLABLINO
LEÓN;VILLADANGOS DEL PÁRAMO
LEÓN;VILLADECANES
LEÓN;VILLAGATÓN
LEÓN;VILLAMAÑÁN
LEÓN;VILLAMANÍN
LEÓN;VILLAMEJIL
LEÓN;VILLANUEVA DE LAS MANZANAS
LEÓN;VILLAQUEJIDA
LEÓN;VILLAQUILAMBRE
LEÓN;VILLAREJO DE ÓRBIGO
LEÓN;VILLATURIEL
LLEIDA;ÀGER
LLEIDA;AGRAMUNT
LLEIDA;ALBATÀRREC
LLEIDA;ALBESA
LLEIDA;ALCARRÀS
LLEIDA;ALCOLETGE
LLEIDA;ALFARRÀS
LLEIDA;ALFÉS
LLEIDA;ALGERRI
LLEIDA;ALGUAIRE
LLEIDA;ALMACELLES
LLEIDA;ALMENAR
LLEIDA;ALPICAT
LLEIDA;ANGLESOLA
LLEIDA;ARBECA
LLEIDA;ARTESA DE LLEIDA
LLEIDA;ARTESA DE SEGRE
LLEIDA;ASPA
LLEIDA;BALAGUER
LLEIDA;BASSELLA
LLEIDA;BAUSEN
LLEIDA;BELLCAIRE D'URGELL
LLEIDA;BELL-LLOC D'URGELL
LLEIDA;BELLPUIG
LLEIDA;BELLVER DE CERDANYA
LLEIDA;BELLVÍS
LLEIDA;BENAVENT DE SEGRIÀ
LLEIDA;BORGES BLANQUES (LES)
LLEIDA;CAMARASA
LLEIDA;CASTELLDANS
LLEIDA;CERVERA
LLEIDA;COLL DE NARGÓ
LLEIDA;CORBINS
LLEIDA;CUBELLS
LLEIDA;ESPOT
LLEIDA;ESTERRI D'ÀNEU
LLEIDA;FONDARELLA
LLEIDA;FULIOLA (LA)
LLEIDA;GIMENELLS I EL PLA DE LA FONT
LLEIDA;GOLMÉS
LLEIDA;GRANYANELLA
LLEIDA;GUISSONA
LLEIDA;IVARS D'URGELL
LLEIDA;JUNCOSA
LLEIDA;JUNEDA
LLEIDA;LES
LLEIDA;LINYOLA
LLEIDA;LLARDECANS
LLEIDA;LLEIDA
LLEIDA;MAIALS
LLEIDA;MIRALCAMP
LLEIDA;MOLLERUSSA
LLEIDA;MONTFERRER I CASTELLBÒ
LLEIDA;MONTOLIU DE LLEIDA
LLEIDA;NAUT ARAN
LLEIDA;OLIANA
LLEIDA;OLIUS
LLEIDA;ORGANYÀ
LLEIDA;PALAU D'ANGLESOLA (EL)
LLEIDA;PLANS DE SIÓ (ELS)
LLEIDA;POBLA DE SEGUR (LA)
LLEIDA;PONT DE SUERT (EL)
LLEIDA;PONTS
LLEIDA;PRATS I SANSOR
LLEIDA;RIALP
LLEIDA;ROSSELLÓ
LLEIDA;SANT GUIM DE FREIXENET
LLEIDA;SANT LLORENÇ DE MORUNYS
LLEIDA;SANT RAMON
LLEIDA;SERÒS
LLEIDA;SEU D'URGELL (LA)
LLEIDA;SIDAMON
LLEIDA;SOLSONA
LLEIDA;SORIGUERA
LLEIDA;SORT
LLEIDA;SOSES
LLEIDA;SUDANELL
LLEIDA;TÀRREGA
LLEIDA;TÉRMENS
LLEIDA;TORÀ
LLEIDA;TORNABOUS
LLEIDA;TORREFARRERA
LLEIDA;TORREGROSSA
LLEIDA;TORRELAMEU
LLEIDA;TORRES DE SEGRE
LLEIDA;TREMP
LLEIDA;VALL DE BOÍ (LA)
LLEIDA;VALLFOGONA DE BALAGUER
LLEIDA;VERDÚ
LLEIDA;VIELHA E MIJARAN
LLEIDA;VILAGRASSA
LLEIDA;VILALLER
LLEIDA;VILAMÒS
LLEIDA;VILANOVA DE LA BARCA
LLEIDA;VILA-SANA
LUGO;ABADÍN
LUGO;ALFOZ
LUGO;ANTAS DE ULLA
LUGO;BALEIRA
LUGO;BARALLA
LUGO;BARREIROS
LUGO;BECERREÁ
LUGO;BEGONTE
LUGO;BURELA
LUGO;CARBALLEDO
LUGO;CASTRO DE REI
LUGO;CASTROVERDE
LUGO;CERVO
LUGO;CHANTADA
LUGO;CORGO (O)
LUGO;COSPEITO
LUGO;FONSAGRADA (A)
LUGO;FOZ
LUGO;FRIOL
LUGO;GUITIRIZ
LUGO;GUNTÍN
LUGO;LOURENZÁ
LUGO;LUGO
LUGO;MEIRA
LUGO;MONDOÑEDO
LUGO;MONFORTE DE LEMOS
LUGO;MONTERROSO
LUGO;NAVIA DE SUARNA
LUGO;OUTEIRO DE REI
LUGO;PALAS DE REI
LUGO;PANTÓN
LUGO;PARADELA
LUGO;PASTORIZA (A)
LUGO;PEDRAFITA DO CEBREIRO
LUGO;POL
LUGO;PONTENOVA (A)
LUGO;PORTOMARÍN
LUGO;QUIROGA
LUGO;RÁBADE
LUGO;RIBADEO
LUGO;RIOTORTO
LUGO;SAMOS
LUGO;SARRIA
LUGO;SAVIÑAO (O)
LUGO;TABOADA
LUGO;VILALBA
LUGO;VIVEIRO
LUGO;XERMADE
LUGO;XOVE
MADRID;AJALVIR
MADRID;ÁLAMO (EL)
MADRID;ALCALÁ DE HENARES
MADRID;ALCOBENDAS
MADRID;ALCORCÓN
MADRID;ALDEA DEL FRESNO
MADRID;ALGETE
MADRID;ALPEDRETE
MADRID;ARANJUEZ
MADRID;ARGANDA DEL REY
MADRID;ARROYOMOLINOS (CMA)
MADRID;BECERRIL DE LA SIERRA
MADRID;BOADILLA DEL MONTE
MADRID;BOALO (EL)
MADRID;BRUNETE
MADRID;BUITRAGO DEL LOZOYA
MADRID;CABRERA (LA)
MADRID;CADALSO DE LOS VIDRIOS
MADRID;CAMPO REAL
MADRID;CASARRUBUELOS
MADRID;CENICIENTOS
MADRID;CERCEDILLA
MADRID;CHINCHÓN
MADRID;CIEMPOZUELOS
MADRID;COBEÑA
MADRID;COLLADO MEDIANO
MADRID;COLLADO VILLALBA
MADRID;COLMENAR DE OREJA
MADRID;COLMENAR DEL ARROYO
MADRID;COLMENAR VIEJO
MADRID;COSLADA
MADRID;DAGANZO DE ARRIBA
MADRID;ESCORIAL (EL)
MADRID;ESTREMERA
MADRID;FUENLABRADA
MADRID;FUENTE EL SAZ DE JARAMA
MADRID;FUENTIDUEÑA DE TAJO
MADRID;GALAPAGAR
MADRID;GETAFE
MADRID;GRIÑÓN
MADRID;GUADALIX DE LA SIERRA
MADRID;GUADARRAMA
MADRID;HORCAJO DE LA SIERRA
MADRID;HOYO DE MANZANARES
MADRID;HUMANES DE MADRID
MADRID;LEGANÉS
MADRID;LOECHES
MADRID;LOZOYA
MADRID;LOZOYUELA-NAVAS-SIETEIGLESIAS
MADRID;MADRID
MADRID;MAJADAHONDA
MADRID;MANZANARES EL REAL
MADRID;MECO
MADRID;MEJORADA DEL CAMPO
MADRID;MIRAFLORES DE LA SIERRA
MADRID;MOLAR (EL)
MADRID;MORALEJA DE ENMEDIO
MADRID;MORALZARZAL
MADRID;MORATA DE TAJUÑA
MADRID;MÓSTOLES
MADRID;NAVACERRADA
MADRID;NAVALCARNERO
MADRID;NAVAS DEL REY
MADRID;NUEVO BAZTÁN
MADRID;ORUSCO DE TAJUÑA
MADRID;PARACUELLOS DE JARAMA
MADRID;PARLA
MADRID;PELAYOS DE LA PRESA
MADRID;PERALES DE TAJUÑA
MADRID;PEZUELA DE LAS TORRES
MADRID;PINTO
MADRID;POZUELO DE ALARCÓN
MADRID;RASCAFRÍA
MADRID;RIVAS-VACIAMADRID
MADRID;ROBLEDO DE CHAVELA
MADRID;ROZAS DE MADRID (LAS)
MADRID;SAN AGUSTÍN DEL GUADALIX
MADRID;SAN FERNANDO DE HENARES
MADRID;SAN LORENZO DE EL ESCORIAL
MADRID;SAN MARTÍN DE LA VEGA
MADRID;SAN MARTÍN DE VALDEIGLESIAS
MADRID;SAN SEBASTIÁN DE LOS REYES
MADRID;SANTA MARÍA DE LA ALAMEDA
MADRID;SERNA DEL MONTE (LA)
MADRID;SEVILLA LA NUEVA
MADRID;SOMOSIERRA
MADRID;SOTO DEL REAL
MADRID;TORREJÓN DE ARDOZ
MADRID;TORREJÓN DE LA CALZADA
MADRID;TORREJÓN DE VELASCO
MADRID;TORRELAGUNA
MADRID;TORRELODONES
MADRID;TORRES DE LA ALAMEDA
MADRID;TRES CANTOS
MADRID;VALDEMORILLO
MADRID;VALDEMORO
MADRID;VALDETORRES DE JARAMA
MADRID;VELILLA DE SAN ANTONIO
MADRID;VENTURADA
MADRID;VILLA DEL PRADO
MADRID;VILLACONEJOS
MADRID;VILLALBILLA
MADRID;VILLAMANTA
MADRID;VILLANUEVA DE LA CAÑADA
MADRID;VILLANUEVA DE PERALES
MADRID;VILLANUEVA DEL PARDILLO
MADRID;VILLAREJO DE SALVANÉS
MADRID;VILLAVICIOSA DE ODÓN
MÁLAGA;ALAMEDA
MÁLAGA;ALFARNATE
MÁLAGA;ALGARROBO
MÁLAGA;ALHAURÍN DE LA TORRE
MÁLAGA;ALHAURÍN EL GRANDE
MÁLAGA;ALMARGEN
MÁLAGA;ÁLORA
MÁLAGA;ALOZAINA
MÁLAGA;ANTEQUERA
MÁLAGA;ARCHIDONA
MÁLAGA;ARDALES
MÁLAGA;ARRIATE
MÁLAGA;BENALMÁDENA
MÁLAGA;BENAMOCARRA
MÁLAGA;BENAOJÁN
MÁLAGA;BURGO (EL)
MÁLAGA;CAMPILLOS
MÁLAGA;CAÑETE LA REAL
MÁLAGA;CÁRTAMA
MÁLAGA;CASABERMEJA
MÁLAGA;CASARABONELA
MÁLAGA;CASARES
MÁLAGA;COÍN
MÁLAGA;COLMENAR
MÁLAGA;CÓMPETA
MÁLAGA;CORTES DE LA FRONTERA
MÁLAGA;CUEVAS BAJAS
MÁLAGA;CUEVAS DE SAN MARCOS
MÁLAGA;CUEVAS DEL BECERRO
MÁLAGA;ESTEPONA
MÁLAGA;FUENGIROLA
MÁLAGA;FUENTE DE PIEDRA
MÁLAGA;GAUCÍN
MÁLAGA;GUARO
MÁLAGA;HUMILLADERO
MÁLAGA;MÁLAGA
MÁLAGA;MANILVA
MÁLAGA;MARBELLA
MÁLAGA;MIJAS
MÁLAGA;MOLLINA
MÁLAGA;MONDA
MÁLAGA;NERJA
MÁLAGA;OJÉN
MÁLAGA;PARAUTA
MÁLAGA;PERIANA
MÁLAGA;PIZARRA
MÁLAGA;RINCÓN DE LA VICTORIA
MÁLAGA;RIOGORDO
MÁLAGA;RONDA
MÁLAGA;SAYALONGA
MÁLAGA;SIERRA DE YEGUAS
MÁLAGA;TEBA
MÁLAGA;TORREMOLINOS
MÁLAGA;TORROX
MÁLAGA;VALLE DE ABDALAJÍS
MÁLAGA;VÉLEZ-MÁLAGA
MÁLAGA;VILLANUEVA DE ALGAIDAS
MÁLAGA;VILLANUEVA DE TAPIA
MÁLAGA;VILLANUEVA DEL ROSARIO
MÁLAGA;VILLANUEVA DEL TRABUCO
MÁLAGA;VIÑUELA
MÁLAGA;YUNQUERA
MELILLA;MELILLA
MURCIA;ABANILLA
MURCIA;ABARÁN
MURCIA;ÁGUILAS
MURCIA;ALCANTARILLA
MURCIA;ALCÁZARES (LOS)
MURCIA;ALEDO
MURCIA;ALGUAZAS
MURCIA;ALHAMA DE MURCIA
MURCIA;ARCHENA
MURCIA;BENIEL
MURCIA;BLANCA
MURCIA;BULLAS
MURCIA;CALASPARRA
MURCIA;CARAVACA DE LA CRUZ
MURCIA;CARTAGENA
MURCIA;CEHEGÍN
MURCIA;CEUTÍ
MURCIA;CIEZA
MURCIA;FORTUNA
MURCIA;FUENTE ÁLAMO DE MURCIA
MURCIA;JUMILLA
MURCIA;LIBRILLA
MURCIA;LORCA
MURCIA;LORQUÍ
MURCIA;MAZARRÓN
MURCIA;MOLINA DE SEGURA
MURCIA;MORATALLA
MURCIA;MULA
MURCIA;MURCIA
MURCIA;PLIEGO
MURCIA;PUERTO LUMBRERAS
MURCIA;SAN JAVIER
MURCIA;SAN PEDRO DEL PINATAR
MURCIA;SANTOMERA
MURCIA;TORRE-PACHECO
MURCIA;TORRES DE COTILLAS (LAS)
MURCIA;TOTANA
MURCIA;UNIÓN (LA)
MURCIA;YECLA
NAVARRA;ABLITAS
NAVARRA;AIBAR/OIBAR
NAVARRA;ALLO
NAVARRA;ALTSASU/ALSASUA
NAVARRA;AMÉSCOA BAJA
NAVARRA;ANDOSILLA
NAVARRA;ANSOÁIN
NAVARRA;ANUE
NAVARRA;AOIZ/AGOITZ
NAVARRA;ARAITZ
NAVARRA;ARAKIL
NAVARRA;ARANGUREN
NAVARRA;ARCOS (LOS)
NAVARRA;ARGUEDAS
NAVARRA;ARIBE
NAVARRA;ARRÓNIZ
NAVARRA;ARTAJONA
NAVARRA;AZAGRA
NAVARRA;BARAÑAIN
NAVARRA;BARÁSOAIN
NAVARRA;BAZTAN
NAVARRA;BERA/VERA DE BIDASOA
NAVARRA;BERBINZANA
NAVARRA;BERIÁIN
NAVARRA;BERRIOPLANO
NAVARRA;BERRIOZAR
NAVARRA;BERTIZARANA
NAVARRA;BUÑUEL
NAVARRA;BURLADA/BURLATA
NAVARRA;CABANILLAS
NAVARRA;CADREITA
NAVARRA;CAPARROSO
NAVARRA;CÁRCAR
NAVARRA;CARCASTILLO
NAVARRA;CASCANTE
NAVARRA;CÁSEDA
NAVARRA;CASTEJÓN
NAVARRA;CINTRUÉNIGO
NAVARRA;CIZUR
NAVARRA;CORELLA
NAVARRA;CORTES
NAVARRA;DONEZTEBE/SANTESTEBAN
NAVARRA;EGÜÉS
NAVARRA;ERRO
NAVARRA;ESTELLA/LIZARRA
NAVARRA;ESTERIBAR
NAVARRA;ETXALAR
NAVARRA;ETXARRI-ARANATZ
NAVARRA;EZCABARTE
NAVARRA;FALCES
NAVARRA;FITERO
NAVARRA;FONTELLAS
NAVARRA;FUNES
NAVARRA;FUSTIÑANA
NAVARRA;GALAR
NAVARRA;HUARTE/UHARTE
NAVARRA;IRURTZUN
NAVARRA;IZA
NAVARRA;LANTZ
NAVARRA;LARRAGA
NAVARRA;LARRAUN
NAVARRA;LEGARDA
NAVARRA;LEITZA
NAVARRA;LERÍN
NAVARRA;LESAKA
NAVARRA;LIÉDENA
NAVARRA;LUMBIER
NAVARRA;LUZAIDE/VALCARLOS
NAVARRA;MARCILLA
NAVARRA;MÉLIDA
NAVARRA;MENDAVIA
NAVARRA;MENDAZA
NAVARRA;MENDIGORRÍA
NAVARRA;MILAGRO
NAVARRA;MIRANDA DE ARGA
NAVARRA;MORENTIN
NAVARRA;MURCHANTE
NAVARRA;MURILLO EL FRUTO
NAVARRA;NOÁIN (VALLE DE ELORZ)/NOAIN (ELORTZIBAR)
NAVARRA;OLAZTI/OLAZAGUTÍA
NAVARRA;OLITE
NAVARRA;OLZA
NAVARRA;ORCOYEN
NAVARRA;ORONZ
NAVARRA;OTEIZA
NAVARRA;PAMPLONA/IRUÑA
NAVARRA;PERALTA
NAVARRA;PUENTE LA REINA/GARES
NAVARRA;RIBAFORADA
NAVARRA;SAN ADRIÁN
NAVARRA;SANGÜESA/ZANGOZA
NAVARRA;SANTACARA
NAVARRA;SARTAGUDA
NAVARRA;SESMA
NAVARRA;TAFALLA
NAVARRA;TIEBAS-MURUARTE DE RETA
NAVARRA;TUDELA
NAVARRA;UJUÉ
NAVARRA;ULTZAMA
NAVARRA;URDAZUBI/URDAX
NAVARRA;URZAINQUI
NAVARRA;VALTIERRA
NAVARRA;VIANA
NAVARRA;VILLAFRANCA
NAVARRA;VILLAVA/ATARRABIA
NAVARRA;YERRI
NAVARRA;ZIORDIA
NAVARRA;ZIZUR MAYOR/ZIZUR NAGUSIA
OURENSE;AVIÓN
OURENSE;BANDE
OURENSE;BARBADÁS
OURENSE;BARCO DE VALDEORRAS (O)
OURENSE;BEADE
OURENSE;BOLO (O)
OURENSE;CARBALLIÑO (O)
OURENSE;CARTELLE
OURENSE;CASTRELO DE MIÑO
OURENSE;CASTRO CALDELAS
OURENSE;CELANOVA
OURENSE;COLES
OURENSE;CORTEGADA
OURENSE;CUALEDRO
OURENSE;ENTRIMO
OURENSE;GUDIÑA (A)
OURENSE;LOBEIRA
OURENSE;MACEDA
OURENSE;MELÓN
OURENSE;MERCA (A)
OURENSE;MEZQUITA (A)
OURENSE;NOGUEIRA DE RAMUÍN
OURENSE;OÍMBRA
OURENSE;OURENSE
OURENSE;PADRENDA
OURENSE;PEREIRO DE AGUIAR (O)
OURENSE;PEROXA (A)
OURENSE;PIÑOR
OURENSE;POBRA DE TRIVES (A)
OURENSE;RAMIRÁS
OURENSE;RIBADAVIA
OURENSE;RIÓS
OURENSE;RÚA (A)
OURENSE;SAN CIBRAO DAS VIÑAS
OURENSE;SAN CRISTOVO DE CEA
OURENSE;TABOADELA
OURENSE;TRASMIRAS
OURENSE;VEIGA (A)
OURENSE;VEREA
OURENSE;VERÍN
OURENSE;VIANA DO BOLO
OURENSE;VILAMARÍN
OURENSE;VILAMARTÍN DE VALDEORRAS
OURENSE;XINZO DE LIMIA
PALENCIA;AGUILAR DE CAMPOO
PALENCIA;ALAR DEL REY
PALENCIA;AMUSCO
PALENCIA;ASTUDILLO
PALENCIA;BALTANÁS
PALENCIA;BARRUELO DE SANTULLÁN
PALENCIA;BUENAVISTA DE VALDAVIA
PALENCIA;CARRIÓN DE LOS CONDES
PALENCIA;CERVERA DE PISUERGA
PALENCIA;CEVICO DE LA TORRE
PALENCIA;DUEÑAS
PALENCIA;FRESNO DEL RÍO
PALENCIA;FRÓMISTA
PALENCIA;FUENTES DE NAVA
PALENCIA;GRIJOTA
PALENCIA;GUARDO
PALENCIA;HERRERA DE PISUERGA
PALENCIA;MAGAZ DE PISUERGA
PALENCIA;OSORNO LA MAYOR
PALENCIA;PALENCIA
PALENCIA;PAREDES DE NAVA
PALENCIA;QUINTANA DEL PUENTE
PALENCIA;SALDAÑA
PALENCIA;SANTIBÁÑEZ DE LA PEÑA
PALENCIA;TORQUEMADA
PALENCIA;VENTA DE BAÑOS
PALENCIA;VILLADA
PALENCIA;VILLAHERREROS
PALENCIA;VILLAMURIEL DE CERRATO
PALENCIA;VILLARRAMIEL
PALENCIA;VILLODRIGO
PALENCIA;VILLOLDO
PALMAS (LAS);AGAETE
PALMAS (LAS);AGÜIMES
PALMAS (LAS);ALDEA DE SAN NICOLÁS (LA)
PALMAS (LAS);ANTIGUA
PALMAS (LAS);ARRECIFE
PALMAS (LAS);ARTENARA
PALMAS (LAS);ARUCAS
PALMAS (LAS);FIRGAS
PALMAS (LAS);GÁLDAR
PALMAS (LAS);HARÍA
PALMAS (LAS);INGENIO
PALMAS (LAS);MOGÁN
PALMAS (LAS);MOYA
PALMAS (LAS);OLIVA (LA)
PALMAS (LAS);PÁJARA
PALMAS (LAS);PALMAS DE GRAN CANARIA (LAS)
PALMAS (LAS);PUERTO DEL ROSARIO
PALMAS (LAS);SAN BARTOLOMÉ
PALMAS (LAS);SAN BARTOLOMÉ DE TIRAJANA
PALMAS (LAS);SANTA BRÍGIDA
PALMAS (LAS);SANTA LUCÍA DE TIRAJANA
PALMAS (LAS);SANTA MARÍA DE GUÍA DE GRAN CANARIA
PALMAS (LAS);TEGUISE
PALMAS (LAS);TEJEDA
PALMAS (LAS);TELDE
PALMAS (LAS);TEROR
PALMAS (LAS);TÍAS
PALMAS (LAS);TINAJO
PALMAS (LAS);TUINEJE
PALMAS (LAS);VALLESECO
PALMAS (LAS);VALSEQUILLO DE GRAN CANARIA
PALMAS (LAS);VEGA DE SAN MATEO
PALMAS (LAS);YAIZA
PONTEVEDRA;AGOLADA
PONTEVEDRA;ARBO
PONTEVEDRA;BAIONA
PONTEVEDRA;BARRO
PONTEVEDRA;BUEU
PONTEVEDRA;CALDAS DE REIS
PONTEVEDRA;CAMBADOS
PONTEVEDRA;CAMPO LAMEIRO
PONTEVEDRA;CANGAS
PONTEVEDRA;CAÑIZA (A)
PONTEVEDRA;CATOIRA
PONTEVEDRA;CERDEDO
PONTEVEDRA;COTOBADE
PONTEVEDRA;COVELO
PONTEVEDRA;CUNTIS
PONTEVEDRA;DOZÓN
PONTEVEDRA;ESTRADA (A)
PONTEVEDRA;FORCAREI
PONTEVEDRA;GONDOMAR
PONTEVEDRA;GROVE (O)
PONTEVEDRA;GUARDA (A)
PONTEVEDRA;LALÍN
PONTEVEDRA;MARÍN
PONTEVEDRA;MEAÑO
PONTEVEDRA;MEIS
PONTEVEDRA;MOAÑA
PONTEVEDRA;MONDARIZ-BALNEARIO
PONTEVEDRA;MORAÑA
PONTEVEDRA;MOS
PONTEVEDRA;NEVES (AS)
PONTEVEDRA;NIGRÁN
PONTEVEDRA;OIA
PONTEVEDRA;POIO
PONTEVEDRA;PONTE CALDELAS
PONTEVEDRA;PONTEAREAS
PONTEVEDRA;PONTECESURES
PONTEVEDRA;PONTEVEDRA
PONTEVEDRA;PORRIÑO (O)
PONTEVEDRA;PORTAS
PONTEVEDRA;REDONDELA
PONTEVEDRA;RIBADUMIA
PONTEVEDRA;RODEIRO
PONTEVEDRA;SALCEDA DE CASELAS
PONTEVEDRA;SALVATERRA DE MIÑO
PONTEVEDRA;SANXENXO
PONTEVEDRA;SILLEDA
PONTEVEDRA;TOMIÑO
PONTEVEDRA;TUI
PONTEVEDRA;VALGA
PONTEVEDRA;VIGO
PONTEVEDRA;VILA DE CRUCES
PONTEVEDRA;VILABOA
PONTEVEDRA;VILAGARCÍA DE AROUSA
PONTEVEDRA;VILANOVA DE AROUSA
RIOJA (LA);AGONCILLO
RIOJA (LA);ALBELDA DE IREGUA
RIOJA (LA);ALBERITE
RIOJA (LA);ALCANADRE
RIOJA (LA);ALDEANUEVA DE EBRO
RIOJA (LA);ALFARO
RIOJA (LA);ARNEDO
RIOJA (LA);AUTOL
RIOJA (LA);BAÑARES
RIOJA (LA);BAÑOS DE RÍO TOBÍA
RIOJA (LA);CALAHORRA
RIOJA (LA);CENICERO
RIOJA (LA);CERVERA DEL RÍO ALHAMA
RIOJA (LA);CUZCURRITA DE RÍO TIRÓN
RIOJA (LA);FUENMAYOR
RIOJA (LA);HARO
RIOJA (LA);HORMILLA
RIOJA (LA);LARDERO
RIOJA (LA);LOGROÑO
RIOJA (LA);MURILLO DE RÍO LEZA
RIOJA (LA);NÁJERA
RIOJA (LA);NALDA
RIOJA (LA);PRADEJÓN
RIOJA (LA);QUEL
RIOJA (LA);REDAL (EL)
RIOJA (LA);RINCÓN DE SOTO
RIOJA (LA);SAN ASENSIO
RIOJA (LA);SAN VICENTE DE LA SONSIERRA
RIOJA (LA);TIRGO
RIOJA (LA);VILLAMEDIANA DE IREGUA
RIOJA (LA);VILLANUEVA DE CAMEROS
RIOJA (LA);VILLAR DE TORRE
RIOJA (LA);VINIEGRA DE ABAJO
SALAMANCA;ALBA DE TORMES
SALAMANCA;ALBERCA (LA)
SALAMANCA;ALDEALENGUA
SALAMANCA;ALDEANUEVA DE FIGUEROA
SALAMANCA;ALDEATEJADA
SALAMANCA;ALDEHUELA DE LA BÓVEDA
SALAMANCA;ARAPILES
SALAMANCA;BARRUECOPARDO
SALAMANCA;BÉJAR
SALAMANCA;BUENAVISTA
SALAMANCA;CABRERIZOS
SALAMANCA;CALVARRASA DE ABAJO
SALAMANCA;CALVARRASA DE ARRIBA
SALAMANCA;CALZADA DE VALDUNCIEL
SALAMANCA;CANTALPINO
SALAMANCA;CARBAJOSA DE LA SAGRADA
SALAMANCA;CASTELLANOS DE MORISCOS
SALAMANCA;CIUDAD RODRIGO
SALAMANCA;ENCINAS DE ABAJO
SALAMANCA;ESPEJA
SALAMANCA;FUENTE DE SAN ESTEBAN (LA)
SALAMANCA;FUENTES DE OÑORO
SALAMANCA;GALINDO Y PERAHUY
SALAMANCA;GUIJUELO
SALAMANCA;LEDESMA
SALAMANCA;LINARES DE RIOFRÍO
SALAMANCA;LUMBRALES
SALAMANCA;MACHACÓN
SALAMANCA;MACOTERA
SALAMANCA;MARTÍN DE YELTES
SALAMANCA;MASUECO
SALAMANCA;MONTEJO
SALAMANCA;PEDROSILLO EL RALO
SALAMANCA;PEÑARANDA DE BRACAMONTE
SALAMANCA;PUERTO DE BÉJAR
SALAMANCA;ROBLEDA
SALAMANCA;ROBLIZA DE COJOS
SALAMANCA;SALAMANCA
SALAMANCA;SANCTI-SPÍRITUS
SALAMANCA;SANTA MARTA DE TORMES
SALAMANCA;TAMAMES
SALAMANCA;VALDECARROS
SALAMANCA;VECINOS
SALAMANCA;VILLAFLORES
SALAMANCA;VILLAMAYOR
SALAMANCA;VILLAR DE PERALONSO
SALAMANCA;VILLARES DE LA REINA
SALAMANCA;VILLARMAYOR
SALAMANCA;VILLORIA
SALAMANCA;VITIGUDINO
SANTA CRUZ DE TENERIFE;ADEJE
SANTA CRUZ DE TENERIFE;ALAJERÓ
SANTA CRUZ DE TENERIFE;ARAFO
SANTA CRUZ DE TENERIFE;ARICO
SANTA CRUZ DE TENERIFE;ARONA
SANTA CRUZ DE TENERIFE;BARLOVENTO
SANTA CRUZ DE TENERIFE;BREÑA ALTA
SANTA CRUZ DE TENERIFE;BUENAVISTA DEL NORTE
SANTA CRUZ DE TENERIFE;CANDELARIA
SANTA CRUZ DE TENERIFE;FASNIA
SANTA CRUZ DE TENERIFE;FRONTERA
SANTA CRUZ DE TENERIFE;FUENCALIENTE DE LA PALMA
SANTA CRUZ DE TENERIFE;GARACHICO
SANTA CRUZ DE TENERIFE;GARAFÍA
SANTA CRUZ DE TENERIFE;GRANADILLA DE ABONA
SANTA CRUZ DE TENERIFE;GUANCHA (LA)
SANTA CRUZ DE TENERIFE;GUÍA DE ISORA
SANTA CRUZ DE TENERIFE;GÜÍMAR
SANTA CRUZ DE TENERIFE;HERMIGUA
SANTA CRUZ DE TENERIFE;ICOD DE LOS VINOS
SANTA CRUZ DE TENERIFE;LLANOS DE ARIDANE (LOS)
SANTA CRUZ DE TENERIFE;MATANZA DE ACENTEJO (LA)
SANTA CRUZ DE TENERIFE;OROTAVA (LA)
SANTA CRUZ DE TENERIFE;PASO (EL)
SANTA CRUZ DE TENERIFE;PUERTO DE LA CRUZ
SANTA CRUZ DE TENERIFE;PUNTAGORDA
SANTA CRUZ DE TENERIFE;PUNTALLANA
SANTA CRUZ DE TENERIFE;REALEJOS (LOS)
SANTA CRUZ DE TENERIFE;ROSARIO (EL)
SANTA CRUZ DE TENERIFE;SAN ANDRÉS Y SAUCES
SANTA CRUZ DE TENERIFE;SAN CRISTÓBAL DE LA LAGUNA
SANTA CRUZ DE TENERIFE;SAN JUAN DE LA RAMBLA
SANTA CRUZ DE TENERIFE;SAN MIGUEL DE ABONA
SANTA CRUZ DE TENERIFE;SAN SEBASTIÁN DE LA GOMERA
SANTA CRUZ DE TENERIFE;SANTA CRUZ DE LA PALMA
SANTA CRUZ DE TENERIFE;SANTA CRUZ DE TENERIFE
SANTA CRUZ DE TENERIFE;SANTA ÚRSULA
SANTA CRUZ DE TENERIFE;SANTIAGO DEL TEIDE
SANTA CRUZ DE TENERIFE;SAUZAL (EL)
SANTA CRUZ DE TENERIFE;SILOS (LOS)
SANTA CRUZ DE TENERIFE;TACORONTE
SANTA CRUZ DE TENERIFE;TANQUE (EL)
SANTA CRUZ DE TENERIFE;TAZACORTE
SANTA CRUZ DE TENERIFE;TEGUESTE
SANTA CRUZ DE TENERIFE;VALLE GRAN REY
SANTA CRUZ DE TENERIFE;VALLEHERMOSO
SANTA CRUZ DE TENERIFE;VALVERDE
SANTA CRUZ DE TENERIFE;VICTORIA DE ACENTEJO (LA)
SANTA CRUZ DE TENERIFE;VILAFLOR
SANTA CRUZ DE TENERIFE;VILLA DE MAZO
SEGOVIA;AYLLÓN
SEGOVIA;BOCEGUILLAS
SEGOVIA;CANTALEJO
SEGOVIA;CARBONERO EL MAYOR
SEGOVIA;CASTILLEJO DE MESLEÓN
SEGOVIA;CEREZO DE ABAJO
SEGOVIA;CHAÑE
SEGOVIA;COCA
SEGOVIA;COLLADO HERMOSO
SEGOVIA;CUÉLLAR
SEGOVIA;ESPINAR (EL)
SEGOVIA;FRESNO DE CANTESPINO
SEGOVIA;FUENTEPELAYO
SEGOVIA;FUENTESAÚCO DE FUENTIDUEÑA
SEGOVIA;GARCILLÁN
SEGOVIA;GOMEZSERRACÍN
SEGOVIA;GRAJERA
SEGOVIA;HONTALBILLA
SEGOVIA;LABAJOS
SEGOVIA;LASTRILLA (LA)
SEGOVIA;MARTÍN MUÑOZ DE LA DEHESA
SEGOVIA;MARTÍN MUÑOZ DE LAS POSADAS
SEGOVIA;MOZONCILLO
SEGOVIA;NAVA DE LA ASUNCIÓN
SEGOVIA;NAVALMANZANO
SEGOVIA;NAVAS DE SAN ANTONIO
SEGOVIA;PALAZUELOS DE ERESMA
SEGOVIA;PRADALES
SEGOVIA;PRÁDENA
SEGOVIA;RIAZA
SEGOVIA;SAN CRISTÓBAL DE SEGOVIA
SEGOVIA;SAN ILDEFONSO
SEGOVIA;SAN MIGUEL DE BERNUY
SEGOVIA;SANGARCÍA
SEGOVIA;SANTA MARÍA LA REAL DE NIEVA
SEGOVIA;SANTO TOMÉ DEL PUERTO
SEGOVIA;SEGOVIA
SEGOVIA;SEPÚLVEDA
SEGOVIA;TOLOCIRIO
SEGOVIA;TORRECABALLEROS
SEGOVIA;TURÉGANO
SEGOVIA;VALLELADO
SEGOVIA;VALSECA
SEGOVIA;VALVERDE DEL MAJANO
SEGOVIA;VILLACASTÍN
SEVILLA;AGUADULCE
SEVILLA;ALANÍS
SEVILLA;ALCALÁ DE GUADAÍRA
SEVILLA;ALCALÁ DEL RÍO
SEVILLA;ALCOLEA DEL RÍO
SEVILLA;ALGABA (LA)
SEVILLA;ALGÁMITAS
SEVILLA;ALMADÉN DE LA PLATA
SEVILLA;ALMENSILLA
SEVILLA;ARAHAL
SEVILLA;AZNALCÁZAR
SEVILLA;AZNALCÓLLAR
SEVILLA;BADOLATOSA
SEVILLA;BENACAZÓN
SEVILLA;BOLLULLOS DE LA MITACIÓN
SEVILLA;BORMUJOS
SEVILLA;BRENES
SEVILLA;BURGUILLOS
SEVILLA;CABEZAS DE SAN JUAN (LAS)
SEVILLA;CAMAS
SEVILLA;CAMPANA (LA)
SEVILLA;CAÑADA ROSAL
SEVILLA;CANTILLANA
SEVILLA;CARMONA
SEVILLA;CARRIÓN DE LOS CÉSPEDES
SEVILLA;CASARICHE
SEVILLA;CASTILBLANCO DE LOS ARROYOS
SEVILLA;CASTILLEJA DE LA CUESTA
SEVILLA;CASTILLO DE LAS GUARDAS (EL)
SEVILLA;CAZALLA DE LA SIERRA
SEVILLA;CONSTANTINA
SEVILLA;CORIA DEL RÍO
SEVILLA;CORIPE
SEVILLA;CORONIL (EL)
SEVILLA;CORRALES (LOS)
SEVILLA;CUERVO DE SEVILLA (EL)
SEVILLA;DOS HERMANAS
SEVILLA;ÉCIJA
SEVILLA;ESPARTINAS
SEVILLA;ESTEPA
SEVILLA;FUENTES DE ANDALUCÍA
SEVILLA;GARROBO (EL)
SEVILLA;GELVES
SEVILLA;GERENA
SEVILLA;GILENA
SEVILLA;GINES
SEVILLA;GUADALCANAL
SEVILLA;GUILLENA
SEVILLA;HERRERA
SEVILLA;HUÉVAR DEL ALJARAFE
SEVILLA;ISLA MAYOR
SEVILLA;LANTEJUELA (LA)
SEVILLA;LEBRIJA
SEVILLA;LORA DEL RÍO
SEVILLA;LUISIANA (LA)
SEVILLA;MAIRENA DEL ALCOR
SEVILLA;MAIRENA DEL ALJARAFE
SEVILLA;MARCHENA
SEVILLA;MARINALEDA
SEVILLA;MARTÍN DE LA JARA
SEVILLA;MOLARES (LOS)
SEVILLA;MONTELLANO
SEVILLA;MORÓN DE LA FRONTERA
SEVILLA;NAVAS DE LA CONCEPCIÓN (LAS)
SEVILLA;OLIVARES
SEVILLA;OSUNA
SEVILLA;PALACIOS Y VILLAFRANCA (LOS)
SEVILLA;PALOMARES DEL RÍO
SEVILLA;PARADAS
SEVILLA;PEDRERA
SEVILLA;PEDROSO (EL)
SEVILLA;PEÑAFLOR
SEVILLA;PILAS
SEVILLA;PRUNA
SEVILLA;PUEBLA DE CAZALLA (LA)
SEVILLA;PUEBLA DE LOS INFANTES (LA)
SEVILLA;PUEBLA DEL RÍO (LA)
SEVILLA;REAL DE LA JARA (EL)
SEVILLA;RINCONADA (LA)
SEVILLA;RODA DE ANDALUCÍA (LA)
SEVILLA;RUBIO (EL)
SEVILLA;SALTERAS
SEVILLA;SAN JUAN DE AZNALFARACHE
SEVILLA;SANLÚCAR LA MAYOR
SEVILLA;SANTIPONCE
SEVILLA;SAUCEJO (EL)
SEVILLA;SEVILLA
SEVILLA;TOCINA
SEVILLA;TOMARES
SEVILLA;UMBRETE
SEVILLA;UTRERA
SEVILLA;VALENCINA DE LA CONCEPCIÓN
SEVILLA;VILLAMANRIQUE DE LA CONDESA
SEVILLA;VILLANUEVA DE SAN JUAN
SEVILLA;VILLANUEVA DEL ARISCAL
SEVILLA;VILLANUEVA DEL RÍO Y MINAS
SEVILLA;VILLAVERDE DEL RÍO
SEVILLA;VISO DEL ALCOR (EL)
SORIA;ABEJAR
SORIA;ÁGREDA
SORIA;ALCUBILLA DE LAS PEÑAS
SORIA;ALMARZA
SORIA;ALMAZÁN
SORIA;ARCOS DE JALÓN
SORIA;BERLANGA DE DUERO
SORIA;BURGO DE OSMA-CIUDAD DE OSMA
SORIA;CABREJAS DEL PINAR
SORIA;CALATAÑAZOR
SORIA;COVALEDA
SORIA;GOLMAYO
SORIA;MATALEBRERAS
SORIA;MEDINACELI
SORIA;ÓLVEGA
SORIA;RÁBANOS (LOS)
SORIA;SAN ESTEBAN DE GORMAZ
SORIA;SAN LEONARDO DE YAGÜE
SORIA;SAN PEDRO MANRIQUE
SORIA;SANTA MARÍA DE HUERTA
SORIA;SORIA
TARRAGONA;ALCANAR
TARRAGONA;ALCOVER
TARRAGONA;ALDEA (L')
TARRAGONA;ALFORJA
TARRAGONA;ALTAFULLA
TARRAGONA;AMETLLA DE MAR (L')
TARRAGONA;AMPOLLA (L')
TARRAGONA;AMPOSTA
TARRAGONA;ARBOÇ (L')
TARRAGONA;BATEA
TARRAGONA;BELLVEI
TARRAGONA;BENIFALLET
TARRAGONA;BENISSANET
TARRAGONA;BISBAL DEL PENEDÈS (LA)
TARRAGONA;BOT
TARRAGONA;CALAFELL
TARRAGONA;CAMARLES
TARRAGONA;CAMBRILS
TARRAGONA;CATLLAR (EL)
TARRAGONA;CONSTANTÍ
TARRAGONA;CORBERA D'EBRE
TARRAGONA;CORNUDELLA DE MONTSANT
TARRAGONA;CUNIT
TARRAGONA;DELTEBRE
TARRAGONA;ESPLUGA DE FRANCOLÍ (L')
TARRAGONA;FALSET
TARRAGONA;FATARELLA (LA)
TARRAGONA;FLIX
TARRAGONA;GALERA (LA)
TARRAGONA;GANDESA
TARRAGONA;HORTA DE SANT JOAN
TARRAGONA;LLORENÇ DEL PENEDÈS
TARRAGONA;MAS DE BARBERANS
TARRAGONA;MONTBLANC
TARRAGONA;MONTBRIÓ DEL CAMP
TARRAGONA;MONT-ROIG DEL CAMP
TARRAGONA;MÓRA D'EBRE
TARRAGONA;MÓRA LA NOVA
TARRAGONA;MORELL (EL)
TARRAGONA;PERAFORT
TARRAGONA;PLA DE SANTA MARIA (EL)
TARRAGONA;POBLA DE MAFUMET (LA)
TARRAGONA;POBLA DE MASSALUCA (LA)
TARRAGONA;PRADES
TARRAGONA;RASQUERA
TARRAGONA;REUS
TARRAGONA;RIUDOMS
TARRAGONA;RODA DE BARÀ
TARRAGONA;ROQUETES
TARRAGONA;SALOU
TARRAGONA;SANT CARLES DE LA RÀPITA
TARRAGONA;SANT JAUME DELS DOMENYS
TARRAGONA;SANT JAUME D'ENVEJA
TARRAGONA;SANTA BÀRBARA
TARRAGONA;SANTA COLOMA DE QUERALT
TARRAGONA;SANTA OLIVA
TARRAGONA;SARRAL
TARRAGONA;SELVA DEL CAMP (LA)
TARRAGONA;SÉNIA (LA)
TARRAGONA;SOLIVELLA
TARRAGONA;TARRAGONA
TARRAGONA;TIVISSA
TARRAGONA;TORREDEMBARRA
TARRAGONA;TORTOSA
TARRAGONA;ULLDECONA
TARRAGONA;VALLS
TARRAGONA;VANDELLÒS I L'HOSPITALET DE L'INFANT
TARRAGONA;VENDRELL (EL)
TARRAGONA;VILALBA DELS ARCS
TARRAGONA;VILALLONGA DEL CAMP
TARRAGONA;VILA-RODONA
TARRAGONA;VILA-SECA
TARRAGONA;VILAVERD
TARRAGONA;VINEBRE
TARRAGONA;VINYOLS I ELS ARCS
TARRAGONA;XERTA
TERUEL;AGUAVIVA
TERUEL;ALBA
TERUEL;ALBALATE DEL ARZOBISPO
TERUEL;ALBARRACÍN
TERUEL;ALBENTOSA
TERUEL;ALCALÁ DE LA SELVA
TERUEL;ALCAÑIZ
TERUEL;ALCORISA
TERUEL;ALFAMBRA
TERUEL;ALIAGA
TERUEL;ANDORRA
TERUEL;BAÑÓN
TERUEL;BARRACHINA
TERUEL;BELLO
TERUEL;BLANCAS
TERUEL;CALACEITE
TERUEL;CALAMOCHA
TERUEL;CALANDA
TERUEL;CAMARILLAS
TERUEL;CAMINREAL
TERUEL;CANTAVIEJA
TERUEL;CASTELSERÁS
TERUEL;CEDRILLAS
TERUEL;CELADAS
TERUEL;CELLA
TERUEL;CODOÑERA (LA)
TERUEL;CRETAS
TERUEL;FERRERUELA DE HUERVA
TERUEL;FUENTES CALIENTES
TERUEL;FUENTES CLARAS
TERUEL;HÍJAR
TERUEL;JARQUE DE LA VAL
TERUEL;MANZANERA
TERUEL;MAS DE LAS MATAS
TERUEL;MAZALEÓN
TERUEL;MEZQUITA DE JARQUE
TERUEL;MONREAL DEL CAMPO
TERUEL;MONROYO
TERUEL;MONTALBÁN
TERUEL;MORA DE RUBIELOS
TERUEL;MOSQUERUELA
TERUEL;MUNIESA
TERUEL;ODÓN
TERUEL;OJOS NEGROS
TERUEL;ORIHUELA DEL TREMEDAL
TERUEL;ORRIOS
TERUEL;PANCRUDO
TERUEL;PEÑARROYA DE TASTAVINS
TERUEL;PERALES DEL ALFAMBRA
TERUEL;POBO (EL)
TERUEL;PORTELLADA (LA)
TERUEL;PUEBLA DE HÍJAR (LA)
TERUEL;PUEBLA DE VALVERDE (LA)
TERUEL;RUBIELOS DE MORA
TERUEL;SANTA EULALIA
TERUEL;SARRIÓN
TERUEL;TERUEL
TERUEL;TORNOS
TERUEL;TORRALBA DE LOS SISONES
TERUEL;TORRECILLA DE ALCAÑIZ
TERUEL;TORRIJO DEL CAMPO
TERUEL;UTRILLAS
TERUEL;VALDEALGORFA
TERUEL;VALDERROBRES
TERUEL;VALJUNQUERA
TERUEL;VILLAFRANCA DEL CAMPO
TERUEL;VILLARQUEMADO
TERUEL;VILLASTAR
TERUEL;VISIEDO
TOLEDO;AJOFRÍN
TOLEDO;ALAMEDA DE LA SAGRA
TOLEDO;ALBARREAL DE TAJO
TOLEDO;ALCABÓN
TOLEDO;ALCAUDETE DE LA JARA
TOLEDO;ALCOLEA DE TAJO
TOLEDO;ALMONACID DE TOLEDO
TOLEDO;AÑOVER DE TAJO
TOLEDO;ARGÉS
TOLEDO;BARGAS
TOLEDO;BELVÍS DE LA JARA
TOLEDO;BURGUILLOS DE TOLEDO
TOLEDO;CABAÑAS DE LA SAGRA
TOLEDO;CABEZAMESADA
TOLEDO;CALERA Y CHOZAS
TOLEDO;CALZADA DE OROPESA
TOLEDO;CAMARENA
TOLEDO;CAMUÑAS
TOLEDO;CARMENA
TOLEDO;CARPIO DE TAJO (EL)
TOLEDO;CARRANQUE
TOLEDO;CASAR DE ESCALONA (EL)
TOLEDO;CASARRUBIOS DEL MONTE
TOLEDO;CASTILLO DE BAYUELA
TOLEDO;CAZALEGAS
TOLEDO;CEBOLLA
TOLEDO;CEDILLO DEL CONDADO
TOLEDO;CERRALBOS (LOS)
TOLEDO;CHOZAS DE CANALES
TOLEDO;COBISA
TOLEDO;CONSUEGRA
TOLEDO;CORRAL DE ALMAGUER
TOLEDO;CUERVA
TOLEDO;DOSBARRIOS
TOLEDO;ESCALONA
TOLEDO;ESCALONILLA
TOLEDO;ESPINOSO DEL REY
TOLEDO;ESQUIVIAS
TOLEDO;FUENSALIDA
TOLEDO;GÁLVEZ
TOLEDO;GERINDOTE
TOLEDO;GUADAMUR
TOLEDO;GUARDIA (LA)
TOLEDO;HERRERUELA DE OROPESA
TOLEDO;HUERTA DE VALDECARÁBANOS
TOLEDO;ILLESCAS
TOLEDO;LILLO
TOLEDO;MADRIDEJOS
TOLEDO;MALPICA DE TAJO
TOLEDO;MAQUEDA
TOLEDO;MASCARAQUE
TOLEDO;MAZARAMBROZ
TOLEDO;MENASALBAS
TOLEDO;MÉNTRIDA
TOLEDO;MIGUEL ESTEBAN
TOLEDO;MOCEJÓN
TOLEDO;MORA
TOLEDO;NAMBROCA
TOLEDO;NAVA DE RICOMALILLO (LA)
TOLEDO;NAVAHERMOSA
TOLEDO;NAVALCÁN
TOLEDO;NAVALMORALES (LOS)
TOLEDO;NAVALUCILLOS (LOS)
TOLEDO;NOBLEJAS
TOLEDO;NUMANCIA DE LA SAGRA
TOLEDO;OCAÑA
TOLEDO;OLÍAS DEL REY
TOLEDO;ONTÍGOLA
TOLEDO;ORGAZ
TOLEDO;OROPESA
TOLEDO;OTERO
TOLEDO;PANTOJA
TOLEDO;PEPINO
TOLEDO;POLÁN
TOLEDO;PORTILLO DE TOLEDO
TOLEDO;PUEBLA DE ALMORADIEL (LA)
TOLEDO;PUEBLA DE MONTALBÁN (LA)
TOLEDO;PUEBLANUEVA (LA)
TOLEDO;PULGAR
TOLEDO;QUERO
TOLEDO;QUINTANAR DE LA ORDEN
TOLEDO;REAL DE SAN VICENTE (EL)
TOLEDO;RECAS
TOLEDO;ROMERAL (EL)
TOLEDO;SAN BARTOLOMÉ DE LAS ABIERTAS
TOLEDO;SAN MARTÍN DE MONTALBÁN
TOLEDO;SAN MARTÍN DE PUSA
TOLEDO;SAN PABLO DE LOS MONTES
TOLEDO;SANTA ANA DE PUSA
TOLEDO;SANTA CRUZ DE LA ZARZA
TOLEDO;SANTA CRUZ DEL RETAMAR
TOLEDO;SANTA OLALLA
TOLEDO;SANTO DOMINGO-CAUDILLA
TOLEDO;SESEÑA
TOLEDO;SEVILLEJA DE LA JARA
TOLEDO;SONSECA
TOLEDO;TALAVERA DE LA REINA
TOLEDO;TEMBLEQUE
TOLEDO;TOBOSO (EL)
TOLEDO;TOLEDO
TOLEDO;TORRE DE ESTEBAN HAMBRÁN (LA)
TOLEDO;TORRIJOS
TOLEDO;TURLEQUE
TOLEDO;UGENA
TOLEDO;URDA
TOLEDO;VALMOJADO
TOLEDO;VENTAS CON PEÑA AGUILERA (LAS)
TOLEDO;VENTAS DE RETAMOSA (LAS)
TOLEDO;VILLA DE DON FADRIQUE (LA)
TOLEDO;VILLACAÑAS
TOLEDO;VILLAFRANCA DE LOS CABALLEROS
TOLEDO;VILLALUENGA DE LA SAGRA
TOLEDO;VILLAMIEL DE TOLEDO
TOLEDO;VILLANUEVA DE ALCARDETE
TOLEDO;VILLANUEVA DE BOGAS
TOLEDO;VILLARRUBIA DE SANTIAGO
TOLEDO;VILLASECA DE LA SAGRA
TOLEDO;VILLASEQUILLA
TOLEDO;VILLATOBAS
TOLEDO;VISO DE SAN JUAN (EL)
TOLEDO;YÉBENES (LOS)
TOLEDO;YELES
TOLEDO;YEPES
TOLEDO;YUNCLER
TOLEDO;YUNCOS
VALENCIA / VALÈNCIA;ADEMUZ
VALENCIA / VALÈNCIA;AGULLENT
VALENCIA / VALÈNCIA;AIELO DE MALFERIT
VALENCIA / VALÈNCIA;ALAQUÀS
VALENCIA / VALÈNCIA;ALBAIDA
VALENCIA / VALÈNCIA;ALBAL
VALENCIA / VALÈNCIA;ALBALAT DE LA RIBERA
VALENCIA / VALÈNCIA;ALBALAT DELS SORELLS
VALENCIA / VALÈNCIA;ALBERIC
VALENCIA / VALÈNCIA;ALBORACHE
VALENCIA / VALÈNCIA;ALBORAYA
VALENCIA / VALÈNCIA;ALBUIXECH
VALENCIA / VALÈNCIA;ALCÀSSER
VALENCIA / VALÈNCIA;ALCÚDIA (L')
VALENCIA / VALÈNCIA;ALCÚDIA DE CRESPINS (L')
VALENCIA / VALÈNCIA;ALDAIA
VALENCIA / VALÈNCIA;ALFAFAR
VALENCIA / VALÈNCIA;ALFARA DEL PATRIARCA
VALENCIA / VALÈNCIA;ALGEMESÍ
VALENCIA / VALÈNCIA;ALGIMIA DE ALFARA
VALENCIA / VALÈNCIA;ALGINET
VALENCIA / VALÈNCIA;ALMÀSSERA
VALENCIA / VALÈNCIA;ALMISERÀ
VALENCIA / VALÈNCIA;ALMOINES
VALENCIA / VALÈNCIA;ALMUSSAFES
VALENCIA / VALÈNCIA;ALPUENTE
VALENCIA / VALÈNCIA;ALQUERÍA DE LA CONDESA/ALQUERIA DE LA COMTESSA (L')
VALENCIA / VALÈNCIA;ALZIRA
VALENCIA / VALÈNCIA;ANNA
VALENCIA / VALÈNCIA;ARAS DE LOS OLMOS
VALENCIA / VALÈNCIA;ATZENETA D'ALBAIDA
VALENCIA / VALÈNCIA;AYORA
VALENCIA / VALÈNCIA;BARXETA
VALENCIA / VALÈNCIA;BELLREGUARD
VALENCIA / VALÈNCIA;BENAGUASIL
VALENCIA / VALÈNCIA;BENEIXIDA
VALENCIA / VALÈNCIA;BENIARJÓ
VALENCIA / VALÈNCIA;BENIFAIÓ
VALENCIA / VALÈNCIA;BENIGÁNIM
VALENCIA / VALÈNCIA;BENIMODO
VALENCIA / VALÈNCIA;BENIPARRELL
VALENCIA / VALÈNCIA;BENISANÓ
VALENCIA / VALÈNCIA;BÉTERA
VALENCIA / VALÈNCIA;BOCAIRENT
VALENCIA / VALÈNCIA;BUÑOL
VALENCIA / VALÈNCIA;BURJASSOT
VALENCIA / VALÈNCIA;CAMPORROBLES
VALENCIA / VALÈNCIA;CANALS
VALENCIA / VALÈNCIA;CANET D'EN BERENGUER
VALENCIA / VALÈNCIA;CARCAIXENT
VALENCIA / VALÈNCIA;CARLET
VALENCIA / VALÈNCIA;CASINOS
VALENCIA / VALÈNCIA;CASTELLÓ DE RUGAT
VALENCIA / VALÈNCIA;CASTIELFABIB
VALENCIA / VALÈNCIA;CATADAU
VALENCIA / VALÈNCIA;CATARROJA
VALENCIA / VALÈNCIA;CAUDETE DE LAS FUENTES
VALENCIA / VALÈNCIA;CHELLA
VALENCIA / VALÈNCIA;CHELVA
VALENCIA / VALÈNCIA;CHESTE
VALENCIA / VALÈNCIA;CHIVA
VALENCIA / VALÈNCIA;CHULILLA
VALENCIA / VALÈNCIA;CORBERA
VALENCIA / VALÈNCIA;CULLERA
VALENCIA / VALÈNCIA;DAIMÚS
VALENCIA / VALÈNCIA;ELIANA (L')
VALENCIA / VALÈNCIA;ENGUERA
VALENCIA / VALÈNCIA;ESTIVELLA
VALENCIA / VALÈNCIA;FOIOS
VALENCIA / VALÈNCIA;FONT DE LA FIGUERA (LA)
VALENCIA / VALÈNCIA;FONT D'EN CARRÒS (LA)
VALENCIA / VALÈNCIA;FONTANARS DELS ALFORINS
VALENCIA / VALÈNCIA;FUENTERROBLES
VALENCIA / VALÈNCIA;GANDIA
VALENCIA / VALÈNCIA;GENOVÉS
VALENCIA / VALÈNCIA;GODELLA
VALENCIA / VALÈNCIA;GODELLETA
VALENCIA / VALÈNCIA;GUADASEQUIES
VALENCIA / VALÈNCIA;GUADASSUAR
VALENCIA / VALÈNCIA;JALANCE
VALENCIA / VALÈNCIA;JARAFUEL
VALENCIA / VALÈNCIA;LLÍRIA
VALENCIA / VALÈNCIA;LLOCNOU DE SANT JERONI
VALENCIA / VALÈNCIA;LLOSA DE RANES (LA)
VALENCIA / VALÈNCIA;LLUTXENT
VALENCIA / VALÈNCIA;LORIGUILLA
VALENCIA / VALÈNCIA;LOSA DEL OBISPO
VALENCIA / VALÈNCIA;MANISES
VALENCIA / VALÈNCIA;MARINES
VALENCIA / VALÈNCIA;MASALAVÉS
VALENCIA / VALÈNCIA;MASSALFASSAR
VALENCIA / VALÈNCIA;MASSAMAGRELL
VALENCIA / VALÈNCIA;MELIANA
VALENCIA / VALÈNCIA;MISLATA
VALENCIA / VALÈNCIA;MOGENTE/MOIXENT
VALENCIA / VALÈNCIA;MONCADA
VALENCIA / VALÈNCIA;MONSERRAT
VALENCIA / VALÈNCIA;MONTESA
VALENCIA / VALÈNCIA;MONTROY
VALENCIA / VALÈNCIA;MUSEROS
VALENCIA / VALÈNCIA;NÁQUERA
VALENCIA / VALÈNCIA;NAVARRÉS
VALENCIA / VALÈNCIA;NOVELÉ/NOVETLÈ
VALENCIA / VALÈNCIA;OLIVA
VALENCIA / VALÈNCIA;OLLERIA (L')
VALENCIA / VALÈNCIA;OLOCAU
VALENCIA / VALÈNCIA;ONTINYENT
VALENCIA / VALÈNCIA;OTOS
VALENCIA / VALÈNCIA;PAIPORTA
VALENCIA / VALÈNCIA;PALMA DE GANDÍA
VALENCIA / VALÈNCIA;PATERNA
VALENCIA / VALÈNCIA;PICANYA
VALENCIA / VALÈNCIA;PICASSENT
VALENCIA / VALÈNCIA;POBLA DE FARNALS (LA)
VALENCIA / VALÈNCIA;POBLA DE VALLBONA (LA)
VALENCIA / VALÈNCIA;POBLA DEL DUC (LA)
VALENCIA / VALÈNCIA;POBLA LLARGA (LA)
VALENCIA / VALÈNCIA;POLINYÀ DE XÚQUER
VALENCIA / VALÈNCIA;PUÇOL
VALENCIA / VALÈNCIA;PUIG
VALENCIA / VALÈNCIA;QUART DE POBLET
VALENCIA / VALÈNCIA;QUARTELL
VALENCIA / VALÈNCIA;QUATRETONDA
VALENCIA / VALÈNCIA;RAFELBUÑOL/RAFELBUNYOL
VALENCIA / VALÈNCIA;REAL DE GANDÍA
VALENCIA / VALÈNCIA;REQUENA
VALENCIA / VALÈNCIA;RIBA-ROJA DE TÚRIA
VALENCIA / VALÈNCIA;ROCAFORT
VALENCIA / VALÈNCIA;SAGUNTO/SAGUNT
VALENCIA / VALÈNCIA;SAN ANTONIO DE BENAGÉBER
VALENCIA / VALÈNCIA;SEDAVÍ
VALENCIA / VALÈNCIA;SIETE AGUAS
VALENCIA / VALÈNCIA;SILLA
VALENCIA / VALÈNCIA;SIMAT DE LA VALLDIGNA
VALENCIA / VALÈNCIA;SOLLANA
VALENCIA / VALÈNCIA;SUECA
VALENCIA / VALÈNCIA;TAVERNES DE LA VALLDIGNA
VALENCIA / VALÈNCIA;TITAGUAS
VALENCIA / VALÈNCIA;TORRENT
VALENCIA / VALÈNCIA;TUÉJAR
VALENCIA / VALÈNCIA;TURÍS
VALENCIA / VALÈNCIA;UTIEL
VALENCIA / VALÈNCIA;VALENCIA
VALENCIA / VALÈNCIA;VALLADA
VALENCIA / VALÈNCIA;VILAMARXANT
VALENCIA / VALÈNCIA;VILLANUEVA DE CASTELLÓN
VALENCIA / VALÈNCIA;VILLAR DEL ARZOBISPO
VALENCIA / VALÈNCIA;VILLARGORDO DEL CABRIEL
VALENCIA / VALÈNCIA;VINALESA
VALENCIA / VALÈNCIA;XÀTIVA
VALENCIA / VALÈNCIA;XERACO
VALENCIA / VALÈNCIA;XIRIVELLA
VALENCIA / VALÈNCIA;YÁTOVA
VALLADOLID;ALAEJOS
VALLADOLID;ALCAZARÉN
VALLADOLID;ALDEAMAYOR DE SAN MARTÍN
VALLADOLID;ARROYO DE LA ENCOMIENDA
VALLADOLID;ATAQUINES
VALLADOLID;BECILLA DE VALDERADUEY
VALLADOLID;BOBADILLA DEL CAMPO
VALLADOLID;BOECILLO
VALLADOLID;CABEZÓN DE PISUERGA
VALLADOLID;CAMPASPERO
VALLADOLID;CANALEJAS DE PEÑAFIEL
VALLADOLID;CASASOLA DE ARIÓN
VALLADOLID;CASTREJÓN DE TRABANCOS
VALLADOLID;CASTRONUÑO
VALLADOLID;CASTROVERDE DE CERRATO
VALLADOLID;CIGALES
VALLADOLID;CISTÉRNIGA
VALLADOLID;COGECES DEL MONTE
VALLADOLID;CUBILLAS DE SANTA MARTA
VALLADOLID;ESGUEVILLAS DE ESGUEVA
VALLADOLID;ÍSCAR
VALLADOLID;LAGUNA DE DUERO
VALLADOLID;LANGAYO
VALLADOLID;MAYORGA
VALLADOLID;MEDINA DE RIOSECO
VALLADOLID;MEDINA DEL CAMPO
VALLADOLID;MOJADOS
VALLADOLID;MOTA DEL MARQUÉS
VALLADOLID;MUDARRA (LA)
VALLADOLID;NAVA DEL REY
VALLADOLID;OLMEDO
VALLADOLID;PEDRAJA DE PORTILLO (LA)
VALLADOLID;PEDRAJAS DE SAN ESTEBAN
VALLADOLID;PEDROSA DEL REY
VALLADOLID;PEÑAFIEL
VALLADOLID;PORTILLO
VALLADOLID;QUINTANILLA DE ONÉSIMO
VALLADOLID;RENEDO DE ESGUEVA
VALLADOLID;RUEDA
VALLADOLID;SAN MIGUEL DEL ARROYO
VALLADOLID;SAN MIGUEL DEL PINO
VALLADOLID;SAN PEDRO DE LATARCE
VALLADOLID;SAN VICENTE DEL PALACIO
VALLADOLID;SANTOVENIA DE PISUERGA
VALLADOLID;SARDÓN DE DUERO
VALLADOLID;SERRADA
VALLADOLID;SIETE IGLESIAS DE TRABANCOS
VALLADOLID;SIMANCAS
VALLADOLID;TORDEHUMOS
VALLADOLID;TORDESILLAS
VALLADOLID;TUDELA DE DUERO
VALLADOLID;VALLADOLID
VALLADOLID;VEGA DE VALDETRONCO
VALLADOLID;VILLALÓN DE CAMPOS
VALLADOLID;VILLANUBLA
VALLADOLID;VILLANUEVA DE LOS CABALLEROS
VALLADOLID;VILLARDEFRADES
VALLADOLID;ZARATÁN
ZAMORA;ALCAÑICES
ZAMORA;ALMEIDA DE SAYAGO
ZAMORA;ARCENILLAS
ZAMORA;BENAVENTE
ZAMORA;BERMILLO DE SAYAGO
ZAMORA;BÓVEDA DE TORO (LA)
ZAMORA;CAMARZANA DE TERA
ZAMORA;CAÑIZAL
ZAMORA;CARBAJALES DE ALBA
ZAMORA;CASASECA DE LAS CHANAS
ZAMORA;CASTRILLO DE LA GUAREÑA
ZAMORA;CASTROGONZALO
ZAMORA;COBREROS
ZAMORA;CORRALES
ZAMORA;CUBO DE TIERRA DEL VINO (EL)
ZAMORA;FERMOSELLE
ZAMORA;FUENTESAÚCO
ZAMORA;GAMONES
ZAMORA;GRANJA DE MORERUELA
ZAMORA;LUBIÁN
ZAMORA;MICERECES DE TERA
ZAMORA;MOMBUEY
ZAMORA;MONFARRACINOS
ZAMORA;MONTAMARTA
ZAMORA;MORALEJA DEL VINO
ZAMORA;MORALES DE TORO
ZAMORA;MORALES DEL VINO
ZAMORA;MUELAS DEL PAN
ZAMORA;OTERO DE BODAS
ZAMORA;PERERUELA
ZAMORA;QUINTANILLA DE URZ
ZAMORA;QUIRUELAS DE VIDRIALES
ZAMORA;RÁBANO DE ALISTE
ZAMORA;ROBLEDA-CERVANTES
ZAMORA;SAN CRISTÓBAL DE ENTREVIÑAS
ZAMORA;SAN ESTEBAN DEL MOLAR
ZAMORA;SAN VITERO
ZAMORA;SANTA MARÍA DE LA VEGA
ZAMORA;SANTOVENIA
ZAMORA;SANZOLES
ZAMORA;TORO
ZAMORA;TORRE DEL VALLE (LA)
ZAMORA;TRABAZOS
ZAMORA;VILLABRÁZARO
ZAMORA;VILLAFÁFILA
ZAMORA;VILLALPANDO
ZAMORA;VILLANUEVA DEL CAMPO
ZAMORA;VILLARRÍN DE CAMPOS
ZAMORA;ZAMORA
ZARAGOZA;AGÓN
ZARAGOZA;AGUARÓN
ZARAGOZA;AINZÓN
ZARAGOZA;ALAGÓN
ZARAGOZA;ALFAJARÍN
ZARAGOZA;ALFAMÉN
ZARAGOZA;ALMOLDA (LA)
ZARAGOZA;ALMUNIA DE DOÑA GODINA (LA)
ZARAGOZA;AMBEL
ZARAGOZA;ARIZA
ZARAGOZA;ATECA
ZARAGOZA;AZUARA
ZARAGOZA;BELCHITE
ZARAGOZA;BIOTA
ZARAGOZA;BORJA
ZARAGOZA;BREA DE ARAGÓN
ZARAGOZA;BUJARALOZ
ZARAGOZA;BURGO DE EBRO (EL)
ZARAGOZA;BUSTE (EL)
ZARAGOZA;CADRETE
ZARAGOZA;CALATAYUD
ZARAGOZA;CALATORAO
ZARAGOZA;CARIÑENA
ZARAGOZA;CASPE
ZARAGOZA;CASTEJÓN DE VALDEJASA
ZARAGOZA;CASTILISCAR
ZARAGOZA;CERVERA DE LA CAÑADA
ZARAGOZA;CETINA
ZARAGOZA;CUARTE DE HUERVA
ZARAGOZA;CUBEL
ZARAGOZA;DAROCA
ZARAGOZA;EJEA DE LOS CABALLEROS
ZARAGOZA;ÉPILA
ZARAGOZA;ERLA
ZARAGOZA;ESCATRÓN
ZARAGOZA;FABARA
ZARAGOZA;FARLETE
ZARAGOZA;FAYÓN
ZARAGOZA;FRASNO (EL)
ZARAGOZA;FUENDEJALÓN
ZARAGOZA;FUENTES DE EBRO
ZARAGOZA;GALLOCANTA
ZARAGOZA;GALLUR
ZARAGOZA;GELSA
ZARAGOZA;HERRERA DE LOS NAVARROS
ZARAGOZA;ILLUECA
ZARAGOZA;JOYOSA (LA)
ZARAGOZA;LANGA DEL CASTILLO
ZARAGOZA;LÉCERA
ZARAGOZA;LECIÑENA
ZARAGOZA;LUESIA
ZARAGOZA;LUMPIAQUE
ZARAGOZA;LUNA
ZARAGOZA;MAELLA
ZARAGOZA;MAGALLÓN
ZARAGOZA;MAINAR
ZARAGOZA;MALLÉN
ZARAGOZA;MARÍA DE HUERVA
ZARAGOZA;MONEGRILLO
ZARAGOZA;MONREAL DE ARIZA
ZARAGOZA;MUEL
ZARAGOZA;MUELA (LA)
ZARAGOZA;MUNÉBREGA
ZARAGOZA;NONASPE
ZARAGOZA;NOVALLAS
ZARAGOZA;NUÉVALOS
ZARAGOZA;PEDROLA
ZARAGOZA;PERDIGUERA
ZARAGOZA;PINA DE EBRO
ZARAGOZA;PINSEQUE
ZARAGOZA;POZUELO DE ARAGÓN
ZARAGOZA;PUEBLA DE ALFINDÉN (LA)
ZARAGOZA;QUINTO
ZARAGOZA;REMOLINOS
ZARAGOZA;RICLA
ZARAGOZA;SABIÑÁN
ZARAGOZA;SÁDABA
ZARAGOZA;SAN MATEO DE GÁLLEGO
ZARAGOZA;SÁSTAGO
ZARAGOZA;SIERRA DE LUNA
ZARAGOZA;SOBRADIEL
ZARAGOZA;SOS DEL REY CATÓLICO
ZARAGOZA;TABUENCA
ZARAGOZA;TARAZONA
ZARAGOZA;TAUSTE
ZARAGOZA;URREA DE JALÓN
ZARAGOZA;USED
ZARAGOZA;UTEBO
ZARAGOZA;VALPALMAS
ZARAGOZA;VELILLA DE EBRO
ZARAGOZA;VILLADOZ
ZARAGOZA;VILLAMAYOR DE GÁLLEGO
ZARAGOZA;VILLANUEVA DE GÁLLEGO
ZARAGOZA;VILLANUEVA DE HUERVA
ZARAGOZA;VILLARREAL DE HUERVA
ZARAGOZA;VILLARROYA DE LA SIERRA
ZARAGOZA;ZARAGOZA
ZARAGOZA;ZUERA
BIZKAIA;ONDARROA
GIPUZKOA;GETARIA
GIRONA;SELVA DE MAR (LA)